segment_id,audio_duration,num_inferences,num_gt_events,num_detected,seg_precision,seg_recall,seg_f1,seg_accuracy,seg_balanced_accuracy,seg_error_rate,seg_deletion_rate,seg_insertion_rate,evt_precision,evt_recall,evt_f1,evt_error_rate,evt_deletion_rate,evt_insertion_rate,throughput,cpu_mean,ram_mean_mb
uZuEn8mguGE_10000,10.0,33,1,2,1.0,0.9393939393939394,0.96875,0.9393939393939394,0.4696969696969697,0.06060606060606061,0.06060606060606061,0.0,0.5,1.0,0.6666666666666666,0.9999999999999998,0.0,0.9999999999999998,0.931802500252162,35.57850467289719,1358.5232184579438
dIUthrXjhGM_30000,10.0,33,1,3,1.0,0.8484848484848485,0.9180327868852458,0.8484848484848485,0.42424242424242425,0.15151515151515152,0.15151515151515152,0.0,0.0,0.0,0.0,3.999999999999999,0.9999999999999998,2.9999999999999996,0.9318652052249934,35.58785046728971,1365.5617333528037
XHD0sLHWEUU_30000,10.0,33,1,1,1.0,0.9090909090909091,0.9523809523809523,0.9696969696969697,0.9545454545454546,0.09090909090909091,0.09090909090909091,0.0,1.0,1.0,1.0,0.0,0.0,0.0,0.9318510210906096,34.94205607476635,1366.0924722546729
zculW9jrR2g_0,10.0,33,1,1,1.0,0.9696969696969697,0.9846153846153847,0.9696969696969697,0.48484848484848486,0.030303030303030304,0.030303030303030304,0.0,1.0,1.0,1.0,0.0,0.0,0.0,0.9318451073413689,35.034579439252326,1372.0171582943926
z_sdhRMMvJA_20000,10.0,33,1,1,1.0,0.9696969696969697,0.9846153846153847,0.9696969696969697,0.48484848484848486,0.030303030303030304,0.030303030303030304,0.0,1.0,1.0,1.0,0.0,0.0,0.0,0.9318855954942976,35.21495327102803,1380.184542932243
m8t6gPBCxr8_20000,10.0,33,1,1,1.0,0.9696969696969697,0.9846153846153847,0.9696969696969697,0.48484848484848486,0.030303030303030304,0.030303030303030304,0.0,1.0,1.0,1.0,0.0,0.0,0.0,0.9318779247984529,35.589719626168225,1380.7936623831777
Y0RTSvdcDuE_10000,10.0,33,1,1,1.0,0.9696969696969697,0.9846153846153847,0.9696969696969697,0.48484848484848486,0.030303030303030304,0.030303030303030304,0.0,1.0,1.0,1.0,0.0,0.0,0.0,0.9318778581063143,35.588785046728965,1392.754745911215
mbjOa_msQDw_50000,10.0,33,1,3,1.0,0.9090909090909091,0.9523809523809523,0.9090909090909091,0.45454545454545453,0.09090909090909091,0.09090909090909091,0.0,0.0,0.0,0.0,3.999999999999999,0.9999999999999998,2.9999999999999996,0.9318812351394982,35.38785046728971,1389.37109375
mgF-ieQ7rV4_30000,10.0,33,1,3,1.0,0.8181818181818182,0.9,0.8181818181818182,0.4090909090909091,0.18181818181818182,0.18181818181818182,0.0,0.3333333333333333,1.0,0.5,1.9999999999999996,0.0,1.9999999999999996,0.9318672910612468,35.570093457943905,1399.0579001168223
8uBHEGhU5nU_10000,10.0,33,1,2,1.0,0.9393939393939394,0.96875,0.9393939393939394,0.4696969696969697,0.06060606060606061,0.06060606060606061,0.0,0.5,1.0,0.6666666666666666,0.9999999999999998,0.0,0.9999999999999998,0.9318777255914795,35.57850467289719,1401.5776139018692
GjKctchIsAg_10000,9.2719375,30,1,1,1.0,0.9,0.9473684210526316,0.9,0.45,0.1,0.1,0.0,1.0,1.0,1.0,0.0,0.0,0.0,0.9459997204135211,35.39489795918366,1405.6240832270407
0bnVue36sUs_10000,10.0,33,1,5,1.0,0.8181818181818182,0.9,0.8181818181818182,0.4090909090909091,0.18181818181818182,0.18181818181818182,0.0,0.0,0.0,0.0,5.999999999999999,0.9999999999999998,4.999999999999999,0.9318806435828295,35.95887850467289,1405.815676109813
zJhW4B55Fn4_40000,10.0,33,1,1,1.0,0.9393939393939394,0.96875,0.9393939393939394,0.4696969696969697,0.06060606060606061,0.06060606060606061,0.0,1.0,1.0,1.0,0.0,0.0,0.0,0.9318951107693665,35.587850467289705,1407.9633834696263
aPWCPjc7bBg_0,6.9135,23,1,2,1.0,0.9545454545454546,0.9767441860465117,0.9545454545454546,0.4772727272727273,0.045454545454545456,0.045454545454545456,0.0,0.5,1.0,0.6666666666666666,0.9999999999999998,0.0,0.9999999999999998,0.9059905322563306,34.16753246753246,1416.0272930194806
V6JZ36ojQkc_30000,10.0,33,1,2,1.0,0.9393939393939394,0.96875,0.9393939393939394,0.4696969696969697,0.06060606060606061,0.06060606060606061,0.0,0.0,0.0,0.0,2.999999999999999,0.9999999999999998,1.9999999999999996,0.9318775744879164,35.582242990654194,1418.473386390187
Gs5B-PtJl6Q_9000,9.2535,30,1,1,1.0,0.9666666666666667,0.983050847457627,0.9666666666666667,0.48333333333333334,0.03333333333333333,0.03333333333333333,0.0,1.0,1.0,1.0,0.0,0.0,0.0,0.9440968314625716,35.595918367346925,1426.1596380739795
jqqEENGIjLM_0,10.0,33,1,2,0.875,0.7777777777777778,0.823529411764706,0.9090909090909091,0.8680555555555556,0.3333333333333333,0.2222222222222222,0.1111111111111111,0.5,1.0,0.6666666666666666,0.9999999999999998,0.0,0.9999999999999998,0.931868212668012,35.488785046728964,1428.779242114486
EU2yVBa1-N8_25000,9.5535,31,1,1,1.0,1.0,1.0,1.0,0.5,0.0,0.0,0.0,1.0,1.0,1.0,0.0,0.0,0.0,0.9448928307904045,35.430693069306926,1431.0515547648515
iXGkMnh5hSc_10000,10.0,33,2,3,1.0,0.8181818181818182,0.9,0.8181818181818182,0.4090909090909091,0.18181818181818182,0.18181818181818182,0.0,0.3333333333333333,0.5,0.4,1.5,0.5,1.0,0.9318766799559277,35.58971962616822,1433.1683703271028
cxRhySahrxo_40000,10.0,33,1,2,1.0,0.9393939393939394,0.96875,0.9393939393939394,0.4696969696969697,0.06060606060606061,0.06060606060606061,0.0,0.0,0.0,0.0,2.999999999999999,0.9999999999999998,1.9999999999999996,0.9318832886564119,35.95607476635513,1445.1188303154206
SG9ohajJmGA_30000,10.0,33,1,2,1.0,0.8181818181818182,0.9,0.8181818181818182,0.4090909090909091,0.18181818181818182,0.18181818181818182,0.0,0.5,1.0,0.6666666666666666,0.9999999999999998,0.0,0.9999999999999998,0.931896378939099,35.6841121495327,1445.7467873831777
zzY0QX0ZJ4Y_19000,9.2335,30,1,1,1.0,1.0,1.0,1.0,0.5,0.0,0.0,0.0,1.0,1.0,1.0,0.0,0.0,0.0,0.9421146738719169,35.188775510204074,1451.703802614796
YRxhBnOHh5g_150000,10.0,33,1,6,1.0,0.7272727272727273,0.8421052631578948,0.7272727272727273,0.36363636363636365,0.2727272727272727,0.2727272727272727,0.0,0.0,0.0,0.0,6.999999999999999,0.9999999999999998,5.999999999999999,0.9318816284385735,35.67943925233644,1448.0449401285048
3jH_pyOhBPk_30000,10.0,33,1,1,1.0,0.9696969696969697,0.9846153846153847,0.9696969696969697,0.48484848484848486,0.030303030303030304,0.030303030303030304,0.0,1.0,1.0,1.0,0.0,0.0,0.0,0.9318928466083385,35.58785046728972,1453.9919319509345
4VJRyGdM3yI_30000,10.0,33,1,2,1.0,0.9393939393939394,0.96875,0.9393939393939394,0.4696969696969697,0.06060606060606061,0.06060606060606061,0.0,0.5,1.0,0.6666666666666666,0.9999999999999998,0.0,0.9999999999999998,0.9318878018735964,35.49626168224298,1452.9773656542056
mfYq1ISxiaU_10000,10.0,33,1,5,1.0,0.5454545454545454,0.7058823529411764,0.5454545454545454,0.2727272727272727,0.45454545454545453,0.45454545454545453,0.0,0.0,0.0,0.0,5.999999999999999,0.9999999999999998,4.999999999999999,0.9318967861444524,35.589719626168225,1462.7211959696263
0dyfl-736FE_30000,10.0,33,1,1,1.0,0.7878787878787878,0.8813559322033898,0.7878787878787878,0.3939393939393939,0.21212121212121213,0.21212121212121213,0.0,0.0,0.0,0.0,1.9999999999999996,0.9999999999999998,0.9999999999999998,0.9318624223579438,35.671028037383174,1470.8936185747664
9D5zrR8ygd4_160000,10.0,33,1,2,1.0,0.7272727272727273,0.8421052631578948,0.7272727272727273,0.36363636363636365,0.2727272727272727,0.2727272727272727,0.0,0.5,1.0,0.6666666666666666,0.9999999999999998,0.0,0.9999999999999998,0.9318944614452344,35.66728971962616,1475.0956848714952
kGKQO0LY_7Y_10000,10.0,33,1,1,1.0,0.9393939393939394,0.96875,0.9393939393939394,0.4696969696969697,0.06060606060606061,0.06060606060606061,0.0,1.0,1.0,1.0,0.0,0.0,0.0,0.9318681946937575,35.39626168224299,1475.0965245327102
XQl9q88l95M_30000,10.0009375,33,1,6,1.0,0.5151515151515151,0.6799999999999999,0.5151515151515151,0.25757575757575757,0.48484848484848486,0.48484848484848486,0.0,0.0,0.0,0.0,6.999999999999999,0.9999999999999998,5.999999999999999,0.9319526671121842,35.77570093457943,1477.1997663551401
8Kvrkek8h_s_15000,9.05696875,30,1,1,1.0,0.9666666666666667,0.983050847457627,0.9666666666666667,0.48333333333333334,0.03333333333333333,0.03333333333333333,0.0,1.0,1.0,1.0,0.0,0.0,0.0,0.9240904009693127,35.50204081632652,1481.5925940688776
K5_U6mi3TUo_30000,10.0,33,1,2,1.0,0.8484848484848485,0.9180327868852458,0.8484848484848485,0.42424242424242425,0.15151515151515152,0.15151515151515152,0.0,0.0,0.0,0.0,2.999999999999999,0.9999999999999998,1.9999999999999996,0.9318589091278754,35.664485981308395,1487.9134418808412
Z3zGDe25gP4_30000,10.0,33,1,4,1.0,0.8181818181818182,0.9,0.8181818181818182,0.4090909090909091,0.18181818181818182,0.18181818181818182,0.0,0.0,0.0,0.0,4.999999999999999,0.9999999999999998,3.999999999999999,0.9318605202887568,35.48691588785045,1492.1574182242991
ZftXfAXmTRw_530000,10.0,33,1,3,0.8888888888888888,0.8,0.8421052631578948,0.85,0.8500000000000001,0.30000000000000004,0.2,0.1,0.3333333333333333,1.0,0.5,1.9999999999999996,0.0,1.9999999999999996,0.9318975038172045,35.684112149532695,1494.053117698598
TxPRX0NbL9E_30000,10.0,33,1,2,1.0,0.9393939393939394,0.96875,0.9393939393939394,0.4696969696969697,0.06060606060606061,0.06060606060606061,0.0,0.5,1.0,0.6666666666666666,0.9999999999999998,0.0,0.9999999999999998,0.9318827227147846,35.58878504672896,1494.1403329439252
xwVb3n09WaM_1000,9.6935,32,1,3,1.0,0.875,0.9333333333333333,0.875,0.4375,0.125,0.125,0.0,0.3333333333333333,1.0,0.5,1.9999999999999996,0.0,1.9999999999999996,0.9301816007102635,35.74903846153846,1494.177471454327
FvYr3ekJe_c_30000,10.0,33,2,3,1.0,0.5,0.6666666666666666,0.6206896551724138,0.75,0.5,0.5,0.0,0.0,0.0,0.0,2.5,1.0,1.5,0.9318778348343288,35.59158878504671,1496.0735251168223
o-orwtbwGSU_30000,10.0,33,1,3,1.0,0.9393939393939394,0.96875,0.9393939393939394,0.4696969696969697,0.06060606060606061,0.06060606060606061,0.0,0.0,0.0,0.0,3.999999999999999,0.9999999999999998,2.9999999999999996,0.9318881886650482,35.48691588785046,1490.3868647780373
Y_7tlXONBAw_11000,9.1085,30,1,2,1.0,0.9310344827586207,0.9642857142857143,0.9310344827586207,0.46551724137931033,0.06896551724137931,0.06896551724137931,0.0,0.5,1.0,0.6666666666666666,0.9999999999999998,0.0,0.9999999999999998,0.9293633918109103,35.49897959183672,1498.0886878188776
VpVQSzhSd14_30000,10.0,33,1,1,1.0,0.9696969696969697,0.9846153846153847,0.9696969696969697,0.48484848484848486,0.030303030303030304,0.030303030303030304,0.0,1.0,1.0,1.0,0.0,0.0,0.0,0.9318687694734565,35.58971962616822,1498.5677205023364
-z47zN0YyE4_420000,10.000375,33,2,3,1.0,0.9393939393939394,0.96875,0.9393939393939394,0.4696969696969697,0.06060606060606061,0.06060606060606061,0.0,0.3333333333333333,0.5,0.4,1.5,0.5,1.0,0.931893674687759,35.6822429906542,1498.5668443341121
zN0wZWtIXzA_2000,9.8935,32,1,4,1.0,0.696969696969697,0.8214285714285715,0.696969696969697,0.3484848484848485,0.30303030303030304,0.30303030303030304,0.0,0.0,0.0,0.0,4.999999999999999,0.9999999999999998,3.999999999999999,0.9493777719630664,35.4673076923077,1502.3452899639424
GwCo3-WX3sw_30000,10.0,33,1,2,1.0,0.9393939393939394,0.96875,0.9393939393939394,0.4696969696969697,0.06060606060606061,0.06060606060606061,0.0,0.0,0.0,0.0,2.999999999999999,0.9999999999999998,1.9999999999999996,0.9319093672824303,35.48785046728972,1498.5681585864486
rHaXF6gyVsw_80000,10.0,33,1,2,1.0,0.9393939393939394,0.96875,0.9393939393939394,0.4696969696969697,0.06060606060606061,0.06060606060606061,0.0,0.0,0.0,0.0,2.999999999999999,0.9999999999999998,1.9999999999999996,0.93188193246557,35.39719626168224,1496.6724591121495
wD20jAGWBgM_10000,10.0,33,1,1,1.0,1.0,1.0,1.0,0.5,0.0,0.0,0.0,1.0,1.0,1.0,0.0,0.0,0.0,0.9318900112987889,35.58785046728971,1502.5634126752336
5SHCBLMK348_160000,10.0,33,1,5,1.0,0.696969696969697,0.8214285714285715,0.696969696969697,0.3484848484848485,0.30303030303030304,0.30303030303030304,0.0,0.0,0.0,0.0,5.999999999999999,0.9999999999999998,4.999999999999999,0.9318675489655864,35.39813084112149,1508.642523364486
IRROtxNE3qU_30000,10.0,33,1,2,1.0,0.9393939393939394,0.96875,0.9393939393939394,0.4696969696969697,0.06060606060606061,0.06060606060606061,0.0,0.0,0.0,0.0,2.999999999999999,0.9999999999999998,1.9999999999999996,0.9318754510921261,35.313084112149525,1508.6442757009345
o51WS1A5VjA_20000,10.0,33,1,2,0.8571428571428571,0.8571428571428571,0.8571428571428571,0.8787878787878788,0.8759398496240601,0.2857142857142857,0.14285714285714285,0.14285714285714285,0.5,1.0,0.6666666666666666,0.9999999999999998,0.0,0.9999999999999998,0.931877214192034,35.589719626168204,1506.971707067757
YhEQ1nsnAmc_20000,10.0,33,1,1,1.0,0.9696969696969697,0.9846153846153847,0.9696969696969697,0.48484848484848486,0.030303030303030304,0.030303030303030304,0.0,1.0,1.0,1.0,0.0,0.0,0.0,0.931866462021338,35.67943925233644,1513.0332943925234
Z0OHOLrhk9k_9000,9.854625,32,1,2,1.0,0.71875,0.8363636363636363,0.71875,0.359375,0.28125,0.28125,0.0,0.5,1.0,0.6666666666666666,0.9999999999999998,0.0,0.9999999999999998,0.9456419634514168,35.73846153846153,1513.0221228966345
A4lHC6dO0DQ_30000,10.0,33,1,1,1.0,0.9696969696969697,0.9846153846153847,0.9696969696969697,0.48484848484848486,0.030303030303030304,0.030303030303030304,0.0,1.0,1.0,1.0,0.0,0.0,0.0,0.9318786116158204,35.29719626168224,1519.317136390187
7cC2m-yiXg8_10000,10.0,33,1,1,1.0,0.9696969696969697,0.9846153846153847,0.9696969696969697,0.48484848484848486,0.030303030303030304,0.030303030303030304,0.0,1.0,1.0,1.0,0.0,0.0,0.0,0.9318651821229688,35.5841121495327,1525.2706994742991
px8-_GM41p4_30000,10.0,33,1,1,1.0,0.9696969696969697,0.9846153846153847,0.9696969696969697,0.48484848484848486,0.030303030303030304,0.030303030303030304,0.0,1.0,1.0,1.0,0.0,0.0,0.0,0.9318641056901921,35.68317757009345,1527.5528256425234
kyR89Lp7vSc_220000,10.0,33,1,5,1.0,0.4090909090909091,0.5806451612903226,0.4090909090909091,0.20454545454545456,0.5909090909090909,0.5909090909090909,0.0,0.0,0.0,0.0,5.999999999999999,0.9999999999999998,4.999999999999999,0.931878599284782,35.86542056074766,1525.6580023364486
wtiScoqyBrY_5000,9.7335,32,1,2,1.0,0.6153846153846154,0.761904761904762,0.75,0.8076923076923077,0.38461538461538464,0.38461538461538464,0.0,0.0,0.0,0.0,2.999999999999999,0.9999999999999998,1.9999999999999996,0.9340256906287011,35.552884615384606,1525.6494891826924
Q8FKVbSktX0_10000,10.0,33,1,1,1.0,0.9696969696969697,0.9846153846153847,0.9696969696969697,0.48484848484848486,0.030303030303030304,0.030303030303030304,0.0,1.0,1.0,1.0,0.0,0.0,0.0,0.9318616631452789,35.307476635514014,1525.6575642523364
BzZk0Aqb4bI_110000,10.0,33,1,2,1.0,0.9285714285714286,0.962962962962963,0.9393939393939394,0.9642857142857143,0.07142857142857142,0.07142857142857142,0.0,0.5,1.0,0.6666666666666666,0.9999999999999998,0.0,0.9999999999999998,0.9318673522802488,35.397196261682225,1527.5532637266356
ixuTttC4pic_580000,10.0,33,1,1,1.0,0.9696969696969697,0.9846153846153847,0.9696969696969697,0.48484848484848486,0.030303030303030304,0.030303030303030304,0.0,1.0,1.0,1.0,0.0,0.0,0.0,0.9318811982321066,35.585046728971946,1527.755476051402
mQtPEujxwnI_30000,10.0,33,2,3,1.0,0.5862068965517241,0.7391304347826086,0.6363636363636364,0.7931034482758621,0.41379310344827586,0.41379310344827586,0.0,0.3333333333333333,0.5,0.4,1.5,0.5,1.0,0.9318723119534399,35.210280373831765,1531.9427205023364
U9v3jE534-A_18000,9.1735,30,1,6,1.0,0.23333333333333334,0.37837837837837834,0.23333333333333334,0.11666666666666667,0.7666666666666667,0.7666666666666667,0.0,0.0,0.0,0.0,6.999999999999999,0.9999999999999998,5.999999999999999,0.9359629770115836,35.29387755102041,1533.7228156887754
WtvSnE0-N4M_120000,10.0,33,1,2,0.9615384615384616,0.9615384615384616,0.9615384615384616,0.9354838709677419,0.8807692307692307,0.07692307692307693,0.038461538461538464,0.038461538461538464,0.5,1.0,0.6666666666666666,0.9999999999999998,0.0,0.9999999999999998,0.9318815283970466,35.6841121495327,1533.8379818925234
4IF4RDCVKNU_30000,9.99953125,33,1,1,1.0,0.9696969696969697,0.9846153846153847,0.9696969696969697,0.48484848484848486,0.030303030303030304,0.030303030303030304,0.0,1.0,1.0,1.0,0.0,0.0,0.0,0.9318497698286451,35.304672897196255,1531.9431585864486
E__SrkG0dvQ_190000,10.0,33,1,4,1.0,0.42424242424242425,0.5957446808510638,0.42424242424242425,0.21212121212121213,0.5757575757575758,0.5757575757575758,0.0,0.0,0.0,0.0,4.999999999999999,0.9999999999999998,3.999999999999999,0.9318693624884774,35.49065420560747,1531.9424284462616
YhjEQrboW_M_30000,10.0,33,1,4,0.7,0.7368421052631579,0.717948717948718,0.6666666666666666,0.6541353383458646,0.5789473684210527,0.2631578947368421,0.3157894736842105,0.0,0.0,0.0,4.999999999999999,0.9999999999999998,3.999999999999999,0.9318317734647608,35.682242990654196,1537.8308995327102
I3B8hD2M33s_30000,10.0,33,1,2,1.0,0.9393939393939394,0.96875,0.9393939393939394,0.4696969696969697,0.06060606060606061,0.06060606060606061,0.0,0.0,0.0,0.0,2.999999999999999,0.9999999999999998,1.9999999999999996,0.931881415766635,35.67757009345793,1538.2309068341121
3M3FsgEyWW8_290000,10.0,33,1,2,1.0,0.9393939393939394,0.96875,0.9393939393939394,0.4696969696969697,0.06060606060606061,0.06060606060606061,0.0,0.5,1.0,0.6666666666666666,0.9999999999999998,0.0,0.9999999999999998,0.9318586808377184,35.587850467289705,1546.5895516939252
fyTnrZ5upts_21000,9.046625,30,1,1,1.0,0.9666666666666667,0.983050847457627,0.9666666666666667,0.48333333333333334,0.03333333333333333,0.03333333333333333,0.0,1.0,1.0,1.0,0.0,0.0,0.0,0.9230023670789508,35.18673469387754,1544.674107142857
dIE1qM2d6qk_30000,10.0,33,1,5,1.0,0.8787878787878788,0.9354838709677419,0.8787878787878788,0.4393939393939394,0.12121212121212122,0.12121212121212122,0.0,0.0,0.0,0.0,5.999999999999999,0.9999999999999998,4.999999999999999,0.9319037108964203,35.679439252336444,1544.7586886682243
woadpeAGHUQ_70000,10.0,33,1,1,1.0,0.9393939393939394,0.96875,0.9393939393939394,0.4696969696969697,0.06060606060606061,0.06060606060606061,0.0,1.0,1.0,1.0,0.0,0.0,0.0,0.9318646157736937,35.39906542056074,1546.6548262266356
pi0449TpB0A_4000,9.6935,32,1,1,1.0,0.96875,0.9841269841269841,0.96875,0.484375,0.03125,0.03125,0.0,1.0,1.0,1.0,0.0,0.0,0.0,0.9301917696310955,35.37211538461537,1546.8499849759614
cyXrYUgJpv0_0,10.0,33,1,1,0.0,0.0,0.0,0.8787878787878788,0.48333333333333334,1.3333333333333333,1.0,0.3333333333333333,0.0,0.0,0.0,1.9999999999999996,0.9999999999999998,0.9999999999999998,0.9318730565071933,35.6785046728972,1552.9395443925234
QzzJgxnXZ3Y_30000,10.0,33,1,1,1.0,0.9696969696969697,0.9846153846153847,0.9696969696969697,0.48484848484848486,0.030303030303030304,0.030303030303030304,0.0,1.0,1.0,1.0,0.0,0.0,0.0,0.9318788901118674,35.58411214953271,1553.0124123831777
hF0tlT7Xux8_30000,10.0,33,1,4,1.0,0.6363636363636364,0.7777777777777778,0.6363636363636364,0.3181818181818182,0.36363636363636365,0.36363636363636365,0.0,0.0,0.0,0.0,4.999999999999999,0.9999999999999998,3.999999999999999,0.9318881054699047,35.58504672897195,1556.8823744158879
Rtel5iGCPO8_40000,9.4353125,31,1,4,1.0,0.9032258064516129,0.9491525423728813,0.9032258064516129,0.45161290322580644,0.0967741935483871,0.0967741935483871,0.0,0.0,0.0,0.0,4.999999999999999,0.9999999999999998,3.999999999999999,0.9331789020042793,35.134653465346524,1553.1027614480197
ATu7vfGWBYQ_10000,10.0,33,1,2,0.95,0.95,0.9500000000000001,0.9310344827586207,0.9194444444444444,0.1,0.05,0.05,0.5,1.0,0.6666666666666666,0.9999999999999998,0.0,0.9999999999999998,0.9318858719094062,35.49158878504672,1556.9176766939252
EiwCTtgQVjA_30000,10.0,33,2,2,1.0,0.9090909090909091,0.9523809523809523,0.9090909090909091,0.45454545454545453,0.09090909090909091,0.09090909090909091,0.0,1.0,1.0,1.0,0.0,0.0,0.0,0.9318875800799133,35.48971962616821,1559.1785557827102
Q09u-9bbqkE_30000,10.0,33,1,6,1.0,0.6363636363636364,0.7777777777777778,0.6363636363636364,0.3181818181818182,0.36363636363636365,0.36363636363636365,0.0,0.0,0.0,0.0,6.999999999999999,0.9999999999999998,5.999999999999999,0.9318792048177567,35.40747663551401,1557.2941369742991
J0pf4bXYCFU_280000,10.0,33,1,4,1.0,0.5757575757575758,0.7307692307692308,0.5757575757575758,0.2878787878787879,0.42424242424242425,0.42424242424242425,0.0,0.0,0.0,0.0,4.999999999999999,0.9999999999999998,3.999999999999999,0.9319019618527573,35.86542056074766,1557.2832943925234
KlHk6IQ5Zmk_10000,10.0,33,1,1,1.0,0.9696969696969697,0.9846153846153847,0.9696969696969697,0.48484848484848486,0.030303030303030304,0.030303030303030304,0.0,1.0,1.0,1.0,0.0,0.0,0.0,0.9318930963682196,35.49065420560746,1557.2951591705607
iSjobBW0j48_0,9.99759375,33,1,3,1.0,0.7575757575757576,0.8620689655172413,0.7575757575757576,0.3787878787878788,0.24242424242424243,0.24242424242424243,0.0,0.0,0.0,0.0,3.999999999999999,0.9999999999999998,2.9999999999999996,0.931655875170966,36.4233644859813,1555.3915011682243
ZCOmTeVggnw_4000,9.7735,32,1,3,1.0,0.6451612903225806,0.7843137254901961,0.65625,0.8225806451612903,0.3548387096774194,0.3548387096774194,0.0,0.0,0.0,0.0,3.999999999999999,0.9999999999999998,2.9999999999999996,0.9378940673405357,35.26346153846153,1559.2569486177886
dUI9QJtS-eM_220000,10.0,33,1,7,1.0,0.7272727272727273,0.8421052631578948,0.7272727272727273,0.36363636363636365,0.2727272727272727,0.2727272727272727,0.0,0.0,0.0,0.0,7.999999999999998,0.9999999999999998,6.999999999999998,0.9318662028109845,35.58317757009344,1559.2911068925234
OprAaq4nAjc_30000,10.0,33,2,5,1.0,0.8181818181818182,0.9,0.8181818181818182,0.4090909090909091,0.18181818181818182,0.18181818181818182,0.0,0.2,0.5,0.28571428571428575,2.5,0.5,2.0,0.9318939739977874,35.59065420560747,1557.3954074182243
tUBHjYFE2oI_15000,9.5535,31,1,4,0.5333333333333333,0.8888888888888888,0.6666666666666667,0.7419354838709677,0.7853535353535352,0.8888888888888888,0.1111111111111111,0.7777777777777778,0.25,1.0,0.4,2.9999999999999996,0.0,2.9999999999999996,0.9448589454958922,35.424752475247516,1561.1587252475247
gKHqdDbSPcE_30000,10.0,33,1,1,1.0,0.9696969696969697,0.9846153846153847,0.9696969696969697,0.48484848484848486,0.030303030303030304,0.030303030303030304,0.0,1.0,1.0,1.0,0.0,0.0,0.0,0.93187105896011,35.20934579439251,1557.3949693341121
I1X_Nmn83L8_90000,9.98990625,33,1,1,1.0,0.8181818181818182,0.9,0.8181818181818182,0.4090909090909091,0.18181818181818182,0.18181818181818182,0.0,0.0,0.0,0.0,1.9999999999999996,0.9999999999999998,0.9999999999999998,0.9309516609966549,35.7822429906542,1561.1868063668223
NDiE7G4SUR8_30000,10.0,33,1,2,1.0,0.9393939393939394,0.96875,0.9393939393939394,0.4696969696969697,0.06060606060606061,0.06060606060606061,0.0,0.0,0.0,0.0,2.999999999999999,0.9999999999999998,1.9999999999999996,0.9318783494467412,35.39719626168224,1557.3961375584113
diERPKinMM4_80000,10.0,33,1,2,0.96,0.9230769230769231,0.9411764705882353,0.896551724137931,0.7948717948717949,0.11538461538461539,0.07692307692307693,0.038461538461538464,0.5,1.0,0.6666666666666666,0.9999999999999998,0.0,0.9999999999999998,0.9318670189990748,35.39906542056074,1557.4036580023364
7i_LUTlen0c_120000,10.0,33,1,1,1.0,1.0,1.0,1.0,0.5,0.0,0.0,0.0,1.0,1.0,1.0,0.0,0.0,0.0,0.9318694657396165,35.385981308411196,1557.4032199182243
ERUMjVtHJBQ_30000,10.0,33,1,2,0.9375,0.8823529411764706,0.9090909090909091,0.9090909090909091,0.9099264705882353,0.1764705882352941,0.11764705882352941,0.058823529411764705,0.5,1.0,0.6666666666666666,0.9999999999999998,0.0,0.9999999999999998,0.9318853456550328,35.49065420560747,1563.3787602219627
B46p5zFBqRk_30000,10.0,33,1,4,1.0,0.5517241379310345,0.7111111111111111,0.6060606060606061,0.7758620689655172,0.4482758620689655,0.4482758620689655,0.0,0.0,0.0,0.0,4.999999999999999,0.9999999999999998,3.999999999999999,0.931868114368157,35.403738317756996,1564.0118647780373
XU5qdrF-Ixg_22000,9.1735,30,1,1,1.0,0.4583333333333333,0.6285714285714286,0.5666666666666667,0.7291666666666666,0.5416666666666666,0.5416666666666666,0.0,1.0,1.0,1.0,0.0,0.0,0.0,0.9359834094543489,35.49489795918367,1567.7681361607142
OVQMFBeCHq0_13000,9.8135,32,1,5,1.0,0.71875,0.8363636363636363,0.71875,0.359375,0.28125,0.28125,0.0,0.0,0.0,0.0,5.999999999999999,0.9999999999999998,4.999999999999999,0.9417022668683616,35.45576923076923,1567.7916165865386
BKtFLppISCk_30000,10.0,33,1,1,1.0,0.9696969696969697,0.9846153846153847,0.9696969696969697,0.48484848484848486,0.030303030303030304,0.030303030303030304,0.0,1.0,1.0,1.0,0.0,0.0,0.0,0.931866276797779,35.49252336448597,1567.803117698598
fyFch0nwInY_40000,10.0,33,1,1,1.0,0.5833333333333334,0.7368421052631579,0.8484848484848485,0.7916666666666667,0.4166666666666667,0.4166666666666667,0.0,0.0,0.0,0.0,1.9999999999999996,0.9999999999999998,0.9999999999999998,0.9318606216273184,35.58691588785046,1565.9153767523364
cpc4_mlOHTI_30000,10.0,33,1,1,1.0,0.9696969696969697,0.9846153846153847,0.9696969696969697,0.48484848484848486,0.030303030303030304,0.030303030303030304,0.0,1.0,1.0,1.0,0.0,0.0,0.0,0.9318972773304438,35.67570093457944,1565.9145005841121
Q4x8OJCgkj0_0,10.0,33,1,2,1.0,0.42424242424242425,0.5957446808510638,0.42424242424242425,0.21212121212121213,0.5757575757575758,0.5757575757575758,0.0,0.0,0.0,0.0,2.999999999999999,0.9999999999999998,1.9999999999999996,0.9318929298902617,35.587850467289705,1569.7058995327102
zOdj9zMaBXs_160000,10.0,33,1,2,1.0,0.9393939393939394,0.96875,0.9393939393939394,0.4696969696969697,0.06060606060606061,0.06060606060606061,0.0,0.0,0.0,0.0,2.999999999999999,0.9999999999999998,1.9999999999999996,0.9318801986148527,35.39532710280373,1565.9153767523364
cHalNt0uIz8_130000,10.0,33,1,6,1.0,0.5757575757575758,0.7307692307692308,0.5757575757575758,0.2878787878787879,0.42424242424242425,0.42424242424242425,0.0,0.0,0.0,0.0,6.999999999999999,0.9999999999999998,5.999999999999999,0.9318881293515118,35.66355140186916,1565.9153767523364
jKLuJiov_pQ_30000,10.0,33,1,6,1.0,0.5454545454545454,0.7058823529411764,0.5454545454545454,0.2727272727272727,0.45454545454545453,0.45454545454545453,0.0,0.0,0.0,0.0,6.999999999999999,0.9999999999999998,5.999999999999999,0.9318795111026451,35.50093457943923,1565.9153767523364
0Dw2vN-ildM_11000,9.17815625,30,1,3,1.0,0.9666666666666667,0.983050847457627,0.9666666666666667,0.48333333333333334,0.03333333333333333,0.03333333333333333,0.0,0.3333333333333333,1.0,0.5,1.9999999999999996,0.0,1.9999999999999996,0.9364609753428523,35.197959183673454,1565.8273676658164
tLRo55a4k3E_50000,10.0,33,1,2,1.0,0.34615384615384615,0.5142857142857142,0.48484848484848486,0.6730769230769231,0.6538461538461539,0.6538461538461539,0.0,0.0,0.0,0.0,2.999999999999999,0.9999999999999998,1.9999999999999996,0.9318940952296334,35.40280373831776,1569.78125
-4RWqM0UCCY_0,10.0,33,1,2,1.0,0.9090909090909091,0.9523809523809523,0.9090909090909091,0.45454545454545453,0.09090909090909091,0.09090909090909091,0.0,0.5,1.0,0.6666666666666666,0.9999999999999998,0.0,0.9999999999999998,0.9318904165044318,35.57663551401868,1566.0244596962616
ra39sEws8WU_30000,10.0,33,1,6,1.0,0.65625,0.7924528301886793,0.6666666666666666,0.8281249999999999,0.34375,0.34375,0.0,0.0,0.0,0.0,6.999999999999999,0.9999999999999998,5.999999999999999,0.9318884098499121,35.590654205607464,1566.0231454439252
nT1D2vwXmpc_50000,9.999375,33,1,5,1.0,0.8484848484848485,0.9180327868852458,0.8484848484848485,0.42424242424242425,0.15151515151515152,0.15151515151515152,0.0,0.0,0.0,0.0,5.999999999999999,0.9999999999999998,4.999999999999999,0.9318232832844029,35.67383177570092,1575.6883031542056
Wy4RlsQEbgo_490000,10.0,33,1,2,1.0,0.9393939393939394,0.96875,0.9393939393939394,0.4696969696969697,0.06060606060606061,0.06060606060606061,0.0,0.0,0.0,0.0,2.999999999999999,0.9999999999999998,1.9999999999999996,0.9318669445774656,35.31121495327102,1574.2037091121495
J1xow2p1ncE_15000,9.055875,30,1,1,1.0,0.9666666666666667,0.983050847457627,0.9666666666666667,0.48333333333333334,0.03333333333333333,0.03333333333333333,0.0,1.0,1.0,1.0,0.0,0.0,0.0,0.9239389093269395,35.39591836734693,1577.8582190688776
RB7fq8RFyJc_240000,10.0,33,1,1,1.0,0.9090909090909091,0.9523809523809523,0.9393939393939394,0.9545454545454546,0.09090909090909091,0.09090909090909091,0.0,1.0,1.0,1.0,0.0,0.0,0.0,0.9318665327049866,35.59439252336448,1572.3126460280373
vMAkr0INeqI_290000,10.0,33,1,2,1.0,0.7878787878787878,0.8813559322033898,0.7878787878787878,0.3939393939393939,0.21212121212121213,0.21212121212121213,0.0,0.5,1.0,0.6666666666666666,0.9999999999999998,0.0,0.9999999999999998,0.9318714126523715,35.30467289719625,1576.1036068925234
Rdw_5r3oGMA_30000,10.0,33,1,4,0.8421052631578947,0.8888888888888888,0.8648648648648649,0.8275862068965517,0.8080808080808081,0.2777777777777778,0.1111111111111111,0.16666666666666666,0.25,1.0,0.4,2.9999999999999996,0.0,2.9999999999999996,0.9318957132857894,35.39999999999999,1576.1135367990655
YzE7GTQrnws_30000,10.0,33,1,1,1.0,0.9696969696969697,0.9846153846153847,0.9696969696969697,0.48484848484848486,0.030303030303030304,0.030303030303030304,0.0,1.0,1.0,1.0,0.0,0.0,0.0,0.9318880016965138,35.11869158878503,1572.5669903621495
iEX8L_oEbsU_30000,10.0,33,1,1,1.0,0.9696969696969697,0.9846153846153847,0.9696969696969697,0.48484848484848486,0.030303030303030304,0.030303030303030304,0.0,1.0,1.0,1.0,0.0,0.0,0.0,0.9318821143111788,35.30934579439251,1574.5370181074766
mHiFmxbGTwc_8000,9.0335,30,1,1,1.0,1.0,1.0,1.0,0.5,0.0,0.0,0.0,1.0,1.0,1.0,0.0,0.0,0.0,0.9216763048202812,35.197959183673454,1576.3748405612246
1ugqYLL3Km0_30000,10.0,33,1,7,1.0,0.696969696969697,0.8214285714285715,0.696969696969697,0.3484848484848485,0.30303030303030304,0.30303030303030304,0.0,0.0,0.0,0.0,7.999999999999998,0.9999999999999998,6.999999999999998,0.9319016420916723,35.5859813084112,1578.3579512266356
s-GlbUfWs70_80000,10.0,33,1,1,1.0,0.9696969696969697,0.9846153846153847,0.9696969696969697,0.48484848484848486,0.030303030303030304,0.030303030303030304,0.0,1.0,1.0,1.0,0.0,0.0,0.0,0.931899600132933,35.585046728971946,1574.5669903621495
m5l8FhW_RtA_40000,10.0,33,1,1,1.0,0.21212121212121213,0.35,0.21212121212121213,0.10606060606060606,0.7878787878787878,0.7878787878787878,0.0,0.0,0.0,0.0,1.9999999999999996,0.9999999999999998,0.9999999999999998,0.9318947160688091,35.49345794392522,1578.3570750584113
279LS-xMjH8_30000,10.0,33,1,1,1.0,0.9696969696969697,0.9846153846153847,0.9696969696969697,0.48484848484848486,0.030303030303030304,0.030303030303030304,0.0,1.0,1.0,1.0,0.0,0.0,0.0,0.9318856969267724,35.40654205607475,1578.3575131425234
iQ5lVnRRooE_30000,10.0,33,1,4,1.0,0.9090909090909091,0.9523809523809523,0.9090909090909091,0.45454545454545453,0.09090909090909091,0.09090909090909091,0.0,0.0,0.0,0.0,4.999999999999999,0.9999999999999998,3.999999999999999,0.9318865768019106,35.68037383177568,1578.3566369742991
Tz8EkxZxSUk_14000,9.103875,30,1,5,1.0,0.5,0.6666666666666666,0.5,0.25,0.5,0.5,0.0,0.0,0.0,0.0,5.999999999999999,0.9999999999999998,4.999999999999999,0.9288739928432639,35.39285714285713,1580.1914859693877
g37NNpBfbZs_30000,10.0,33,1,2,1.0,0.9090909090909091,0.9523809523809523,0.9090909090909091,0.45454545454545453,0.09090909090909091,0.09090909090909091,0.0,0.0,0.0,0.0,2.999999999999999,0.9999999999999998,1.9999999999999996,0.9318730299347419,35.76822429906541,1580.263617114486
lrl0D5Af8kA_50000,10.0,33,1,2,1.0,0.9,0.9473684210526316,0.9090909090909091,0.95,0.1,0.1,0.0,0.5,1.0,0.6666666666666666,0.9999999999999998,0.0,0.9999999999999998,0.9318914622542163,35.39719626168223,1578.3570750584113
hyalCK4558U_30000,10.0,33,1,1,1.0,0.9696969696969697,0.9846153846153847,0.9696969696969697,0.48484848484848486,0.030303030303030304,0.030303030303030304,0.0,1.0,1.0,1.0,0.0,0.0,0.0,0.9318739649275674,35.48971962616821,1578.3575131425234
odqMC9aklCw_0,10.0,33,1,1,1.0,0.9393939393939394,0.96875,0.9393939393939394,0.4696969696969697,0.06060606060606061,0.06060606060606061,0.0,1.0,1.0,1.0,0.0,0.0,0.0,0.931858564649391,35.398130841121485,1576.4626898364486
DmqwJ49Z2vI_50000,10.0,33,2,3,1.0,0.8260869565217391,0.9047619047619047,0.8787878787878788,0.9130434782608696,0.17391304347826086,0.17391304347826086,0.0,0.3333333333333333,0.5,0.4,1.5,0.5,1.0,0.9318976484114044,35.39719626168223,1576.4626898364486
oMGSkrwchIw_310000,10.0,33,1,4,1.0,0.5454545454545454,0.7058823529411764,0.5454545454545454,0.2727272727272727,0.45454545454545453,0.45454545454545453,0.0,0.0,0.0,0.0,4.999999999999999,0.9999999999999998,3.999999999999999,0.9318723482510396,35.49345794392522,1574.5665522780373
L-BvWIVUhlA_30000,10.0,33,1,3,1.0,0.9090909090909091,0.9523809523809523,0.9090909090909091,0.45454545454545453,0.09090909090909091,0.09090909090909091,0.0,0.0,0.0,0.0,3.999999999999999,0.9999999999999998,2.9999999999999996,0.9318591487958889,35.212149532710264,1578.3575131425234
JZTKhswn684_2000,9.5135,31,1,1,1.0,1.0,1.0,1.0,0.5,0.0,0.0,0.0,1.0,1.0,1.0,0.0,0.0,0.0,0.9408907234804386,35.32772277227722,1578.3466120049504
NnWalieOmrI_27000,9.525,31,1,3,0.4,0.6666666666666666,0.5,0.8518518518518519,0.7708333333333333,1.3333333333333333,0.3333333333333333,1.0,0.3333333333333333,1.0,0.5,1.9999999999999996,0.0,1.9999999999999996,0.9420584064414111,35.22475247524751,1576.4460860148515
KvJuBGIBNnM_30000,10.0,33,1,1,1.0,0.9696969696969697,0.9846153846153847,0.9696969696969697,0.48484848484848486,0.030303030303030304,0.030303030303030304,0.0,1.0,1.0,1.0,0.0,0.0,0.0,0.9318759542378202,35.59252336448597,1576.4622517523364
wXQK5OoNge4_120000,10.0004375,33,1,1,1.0,0.9696969696969697,0.9846153846153847,0.9696969696969697,0.48484848484848486,0.030303030303030304,0.030303030303030304,0.0,1.0,1.0,1.0,0.0,0.0,0.0,0.9319187055735065,35.772897196261674,1576.4622517523364
gzjnHLNl4qI_30000,10.0,33,1,3,1.0,0.8181818181818182,0.9,0.8181818181818182,0.4090909090909091,0.18181818181818182,0.18181818181818182,0.0,0.3333333333333333,1.0,0.5,1.9999999999999996,0.0,1.9999999999999996,0.931875989671348,35.582242990654194,1576.4626898364486
sS4NEhWjRss_30000,10.0,33,1,2,1.0,0.8787878787878788,0.9354838709677419,0.8787878787878788,0.4393939393939394,0.12121212121212122,0.12121212121212122,0.0,0.0,0.0,0.0,2.999999999999999,0.9999999999999998,1.9999999999999996,0.9318933984944742,35.50093457943924,1576.4623977803737
QT2XUbNi35Y_26000,9.0335,30,1,2,1.0,0.9333333333333333,0.9655172413793104,0.9333333333333333,0.4666666666666667,0.06666666666666667,0.06666666666666667,0.0,0.0,0.0,0.0,2.999999999999999,0.9999999999999998,1.9999999999999996,0.9216733596701516,34.98673469387754,1576.4815848214287
VvgTK8dqNqI_30000,10.0,33,1,7,1.0,0.6060606060606061,0.7547169811320755,0.6060606060606061,0.30303030303030304,0.3939393939393939,0.3939393939393939,0.0,0.0,0.0,0.0,7.999999999999998,0.9999999999999998,6.999999999999998,0.9318731884166659,35.49813084112149,1578.4705023364486
Y_L1TNXdQaI_30000,9.0935,30,1,3,1.0,0.5,0.6666666666666666,0.5,0.25,0.5,0.5,0.0,0.0,0.0,0.0,3.999999999999999,0.9999999999999998,2.9999999999999996,0.9278076000936065,35.18979591836734,1578.3820551658164
RyegNv9xxHM_30000,10.0,33,1,1,1.0,0.9696969696969697,0.9846153846153847,0.9696969696969697,0.48484848484848486,0.030303030303030304,0.030303030303030304,0.0,1.0,1.0,1.0,0.0,0.0,0.0,0.931885268104095,35.38598130841121,1582.2610616238317
P3-jB8vi-no_110000,10.0,33,1,2,1.0,0.9393939393939394,0.96875,0.9393939393939394,0.4696969696969697,0.06060606060606061,0.06060606060606061,0.0,0.5,1.0,0.6666666666666666,0.9999999999999998,0.0,0.9999999999999998,0.9318522517980369,35.76915887850467,1576.6223349883178
gR8sdfr89oU_12000,9.4335,31,1,3,1.0,0.8709677419354839,0.9310344827586207,0.8709677419354839,0.43548387096774194,0.12903225806451613,0.12903225806451613,0.0,0.3333333333333333,1.0,0.5,1.9999999999999996,0.0,1.9999999999999996,0.9330032703681378,35.23960396039603,1582.5433168316831
7KLcXpyuexo_400000,10.0,33,1,7,0.2,0.7142857142857143,0.3125,0.3125,0.4571428571428572,3.142857142857143,0.2857142857142857,2.857142857142857,0.14285714285714285,1.0,0.25,5.999999999999999,0.0,5.999999999999999,0.9318853263759757,35.39252336448597,1577.2313814252336
RcLlkeN5TRc_270000,10.0,33,1,7,1.0,0.7575757575757576,0.8620689655172413,0.7575757575757576,0.3787878787878788,0.24242424242424243,0.24242424242424243,0.0,0.0,0.0,0.0,7.999999999999998,0.9999999999999998,6.999999999999998,0.9318672413869974,35.494392523364475,1581.1179906542056
Jrm2HZB12_4_20000,10.0,33,2,5,1.0,0.3333333333333333,0.5,0.3939393939393939,0.6666666666666666,0.6666666666666666,0.6666666666666666,0.0,0.0,0.0,0.0,3.5,1.0,2.5,0.9318779267091418,35.677570093457945,1579.3719699182243
aNF8yF_d3TI_80000,10.0,33,1,1,1.0,0.7575757575757576,0.8620689655172413,0.7575757575757576,0.3787878787878788,0.24242424242424243,0.24242424242424243,0.0,1.0,1.0,1.0,0.0,0.0,0.0,0.9318862940451078,35.58130841121494,1583.1907126168223
v1rtq84_yoI_10000,10.0,33,1,1,1.0,0.9285714285714286,0.962962962962963,0.9393939393939394,0.9642857142857143,0.07142857142857142,0.07142857142857142,0.0,1.0,1.0,1.0,0.0,0.0,0.0,0.9318908624375377,35.39999999999999,1577.5200423481308
hZFC7k-u6DE_160000,10.0,33,1,6,0.9047619047619048,0.76,0.8260869565217391,0.7575757575757576,0.755,0.32,0.24,0.08,0.0,0.0,0.0,6.999999999999999,0.9999999999999998,5.999999999999999,0.9318885443669779,35.585981308411206,1583.2254307827102
4-4kICnzOHw_270000,10.0,33,1,2,1.0,0.9696969696969697,0.9846153846153847,0.9696969696969697,0.48484848484848486,0.030303030303030304,0.030303030303030304,0.0,0.5,1.0,0.6666666666666666,0.9999999999999998,0.0,0.9999999999999998,0.9318877072166749,35.30934579439251,1579.471707067757
H1EG4tQ1jzw_70000,9.99953125,33,1,1,1.0,0.6363636363636364,0.7777777777777778,0.6363636363636364,0.3181818181818182,0.36363636363636365,0.36363636363636365,0.0,1.0,1.0,1.0,0.0,0.0,0.0,0.9318329656730541,35.40280373831775,1581.4618501752336
ubkb8oSa-rg_4000,9.1889375,30,1,1,1.0,0.9666666666666667,0.983050847457627,0.9666666666666667,0.48333333333333334,0.03333333333333333,0.03333333333333333,0.0,1.0,1.0,1.0,0.0,0.0,0.0,0.9375413744360344,35.39897959183672,1584.9168925382653
rl0G7h7j7HY_100000,10.0,33,1,3,1.0,0.8461538461538461,0.9166666666666666,0.8787878787878788,0.9230769230769231,0.15384615384615385,0.15384615384615385,0.0,0.0,0.0,0.0,3.999999999999999,0.9999999999999998,2.9999999999999996,0.9318772418944551,35.31308411214952,1581.2591267523364
uo0jkUWM4ko_0,5.99075,20,1,2,1.0,0.8888888888888888,0.9411764705882353,0.8947368421052632,0.9444444444444443,0.1111111111111111,0.1111111111111111,0.0,0.0,0.0,0.0,2.999999999999999,0.9999999999999998,1.9999999999999996,0.8939544751627175,34.365671641791046,1581.0920009328358
xG_HDJCFNtg_0,10.0,33,1,1,1.0,0.9696969696969697,0.9846153846153847,0.9696969696969697,0.48484848484848486,0.030303030303030304,0.030303030303030304,0.0,1.0,1.0,1.0,0.0,0.0,0.0,0.9318683811337173,35.308411214953274,1583.1543881425234
jE3uB-qxFEs_30000,10.0,33,1,1,1.0,0.9696969696969697,0.9846153846153847,0.9696969696969697,0.48484848484848486,0.030303030303030304,0.030303030303030304,0.0,1.0,1.0,1.0,0.0,0.0,0.0,0.9319017877284845,35.49813084112149,1585.2699328271028
YzgIuEHEtaA_10000,10.0,33,1,3,1.0,0.782608695652174,0.878048780487805,0.782608695652174,0.391304347826087,0.21739130434782608,0.21739130434782608,0.0,0.3333333333333333,1.0,0.5,1.9999999999999996,0.0,1.9999999999999996,0.931886752133658,35.492523364485976,1589.4420633761683
LMpxEF4Ag7M_180000,10.0,33,2,3,1.0,0.8787878787878788,0.9354838709677419,0.8787878787878788,0.4393939393939394,0.12121212121212122,0.12121212121212122,0.0,0.6666666666666666,1.0,0.8,0.5,0.0,0.5,0.9318740796437653,35.685981308411215,1585.6538770443926
WaztvQMKAj4_340000,10.0,33,1,1,1.0,0.9696969696969697,0.9846153846153847,0.9696969696969697,0.48484848484848486,0.030303030303030304,0.030303030303030304,0.0,1.0,1.0,1.0,0.0,0.0,0.0,0.9318783799268081,35.11401869158877,1591.4303081191588
rNlE-CF9GBc_1000,9.51865625,31,1,1,1.0,1.0,1.0,1.0,0.5,0.0,0.0,0.0,1.0,1.0,1.0,0.0,0.0,0.0,0.941402305801824,34.94257425742573,1591.6834777227723
lQc432kUOpM_30000,10.0,33,1,1,1.0,0.9696969696969697,0.9846153846153847,0.9696969696969697,0.48484848484848486,0.030303030303030304,0.030303030303030304,0.0,1.0,1.0,1.0,0.0,0.0,0.0,0.9318537752332405,35.585046728971946,1587.9189544392523
a_Kvr6DtIlo_30000,10.0,33,1,6,1.0,0.6666666666666666,0.8,0.6666666666666666,0.3333333333333333,0.3333333333333333,0.3333333333333333,0.0,0.0,0.0,0.0,6.999999999999999,0.9999999999999998,5.999999999999999,0.931902804849507,35.400934579439244,1589.8196188668223
Ss8YAWuuzlM_30000,10.0,33,1,3,1.0,0.8484848484848485,0.9180327868852458,0.8484848484848485,0.42424242424242425,0.15151515151515152,0.15151515151515152,0.0,0.0,0.0,0.0,3.999999999999999,0.9999999999999998,2.9999999999999996,0.9318910843187161,35.77383177570093,1591.7189690420562
7SDvdOch9Vo_23000,9.7735,32,1,3,1.0,0.53125,0.6938775510204082,0.53125,0.265625,0.46875,0.46875,0.0,0.0,0.0,0.0,3.999999999999999,0.9999999999999998,2.9999999999999996,0.937858117788981,35.08076923076923,1591.7891751802886
iaDcUfld-gw_30000,10.0,33,1,3,1.0,0.6956521739130435,0.8205128205128205,0.7878787878787878,0.8478260869565217,0.30434782608695654,0.30434782608695654,0.0,0.0,0.0,0.0,3.999999999999999,0.9999999999999998,2.9999999999999996,0.9318889636389993,35.675700934579424,1595.7115216121495
2MHhtDe72Sc_50000,10.0,33,1,1,1.0,0.9696969696969697,0.9846153846153847,0.9696969696969697,0.48484848484848486,0.030303030303030304,0.030303030303030304,0.0,1.0,1.0,1.0,0.0,0.0,0.0,0.9318929107852847,35.11869158878503,1597.8880330023364
xbuXpLnXM-I_70000,10.0,33,1,1,1.0,0.875,0.9333333333333333,0.875,0.4375,0.125,0.125,0.0,1.0,1.0,1.0,0.0,0.0,0.0,0.9318668098037957,35.49813084112148,1594.1156542056074
7dUjeTRWask_50000,10.0,33,1,2,1.0,0.9393939393939394,0.96875,0.9393939393939394,0.4696969696969697,0.06060606060606061,0.06060606060606061,0.0,0.0,0.0,0.0,2.999999999999999,0.9999999999999998,1.9999999999999996,0.9318663388860402,35.034579439252326,1597.896867698598
Ai6ynjVDKrY_90000,10.0,33,1,3,1.0,0.8787878787878788,0.9354838709677419,0.8787878787878788,0.4393939393939394,0.12121212121212122,0.12121212121212122,0.0,0.0,0.0,0.0,3.999999999999999,0.9999999999999998,2.9999999999999996,0.931865589563898,35.39999999999999,1596.009929906542
rYutp4g6og8_25000,9.66740625,32,1,4,1.0,0.71875,0.8363636363636363,0.71875,0.359375,0.28125,0.28125,0.0,0.0,0.0,0.0,4.999999999999999,0.9999999999999998,3.999999999999999,0.9276678050247242,35.174038461538444,1592.2130408653845
3Rr1TKVvm9M_30000,10.0,33,1,1,1.0,0.7419354838709677,0.8518518518518519,0.7575757575757576,0.8709677419354839,0.25806451612903225,0.25806451612903225,0.0,0.0,0.0,0.0,1.9999999999999996,0.9999999999999998,0.9999999999999998,0.9318740975323171,35.213084112149524,1597.9055563668223
FWta-G1SMV0_0,6.6935,22,1,1,1.0,0.9090909090909091,0.9523809523809523,0.9090909090909091,0.45454545454545453,0.09090909090909091,0.09090909090909091,0.0,1.0,1.0,1.0,0.0,0.0,0.0,0.914292066737109,34.26438356164383,1592.1309931506848
K87dMG68I44_16000,9.82059375,32,1,1,1.0,0.96875,0.9841269841269841,0.96875,0.484375,0.03125,0.03125,0.0,1.0,1.0,1.0,0.0,0.0,0.0,0.9424053090104687,34.97980769230769,1597.8917142427886
guoHyedWEps_6000,9.58059375,31,1,6,1.0,0.5483870967741935,0.7083333333333333,0.5483870967741935,0.27419354838709675,0.45161290322580644,0.45161290322580644,0.0,0.0,0.0,0.0,6.999999999999999,0.9999999999999998,5.999999999999999,0.9475646382019893,35.24455445544553,1594.0975015470297
U45V5-lD6iA_40000,10.0,33,1,2,1.0,0.9393939393939394,0.96875,0.9393939393939394,0.4696969696969697,0.06060606060606061,0.06060606060606061,0.0,0.5,1.0,0.6666666666666666,0.9999999999999998,0.0,0.9999999999999998,0.9318770836714707,35.21214953271028,1596.0094188084113
yOI134PGxxM_0,10.0,33,1,3,0.8571428571428571,0.8571428571428571,0.8571428571428571,0.8787878787878788,0.8759398496240601,0.2857142857142857,0.14285714285714285,0.14285714285714285,0.3333333333333333,1.0,0.5,1.9999999999999996,0.0,1.9999999999999996,0.9318880741197686,35.31214953271027,1597.505695093458
ieBjCwhuCcQ_10000,10.0,33,1,4,0.7777777777777778,0.5833333333333334,0.6666666666666666,0.5,0.2916666666666667,0.5833333333333334,0.4166666666666667,0.16666666666666666,0.0,0.0,0.0,4.999999999999999,0.9999999999999998,3.999999999999999,0.9318846985180754,35.219626168224295,1596.0102949766356
xHwZhZlehTM_26000,10.0,33,1,2,1.0,0.375,0.5454545454545454,0.375,0.1875,0.625,0.625,0.0,0.0,0.0,0.0,2.999999999999999,0.9999999999999998,1.9999999999999996,0.9318987747686227,35.215887850467276,1592.2188960280373
amvNcLYdEE0_0,8.6535,28,1,2,1.0,0.15789473684210525,0.2727272727272727,0.42857142857142855,0.5789473684210527,0.8421052631578947,0.8421052631578947,0.0,0.0,0.0,0.0,2.999999999999999,0.9999999999999998,1.9999999999999996,0.9425348548741932,34.99565217391303,1597.7329313858695
i_xUwOCMsmQ_80000,10.0,33,1,1,1.0,0.8461538461538461,0.9166666666666666,0.9393939393939394,0.9230769230769231,0.15384615384615385,0.15384615384615385,0.0,1.0,1.0,1.0,0.0,0.0,0.0,0.9318840601520936,35.11869158878503,1598.1516501168223
KzQjRxNiDkM_30000,10.0,33,1,3,1.0,0.9393939393939394,0.96875,0.9393939393939394,0.4696969696969697,0.06060606060606061,0.06060606060606061,0.0,0.0,0.0,0.0,3.999999999999999,0.9999999999999998,2.9999999999999996,0.9318851231674824,35.39906542056074,1592.4723641939252
3ErKc4vYXAU_80000,10.0,33,1,2,1.0,0.9375,0.967741935483871,0.9393939393939394,0.9687499999999999,0.0625,0.0625,0.0,0.0,0.0,0.0,2.999999999999999,0.9999999999999998,1.9999999999999996,0.9318895619797422,35.39252336448597,1600.0138726635514
WeqaF8CrqRU_30000,10.0,33,2,4,0.9,0.75,0.8181818181818182,0.8095238095238095,0.8194444444444444,0.3333333333333333,0.25,0.08333333333333333,0.25,0.5,0.3333333333333333,2.0,0.5,1.5,0.9318691820378708,35.01401869158878,1594.3832505841121
eLGW0qm43M4_30000,10.00096875,33,1,1,1.0,0.9393939393939394,0.96875,0.9393939393939394,0.4696969696969697,0.06060606060606061,0.06060606060606061,0.0,1.0,1.0,1.0,0.0,0.0,0.0,0.9319345027342535,34.92897196261682,1598.2495619158879
yK_15YXkolg_30000,10.0,33,1,1,1.0,0.9696969696969697,0.9846153846153847,0.9696969696969697,0.48484848484848486,0.030303030303030304,0.030303030303030304,0.0,1.0,1.0,1.0,0.0,0.0,0.0,0.9318723787281866,34.93364485981307,1596.3880330023364
O5PYSnI7vT8_30000,10.0,33,1,1,1.0,0.9393939393939394,0.96875,0.9393939393939394,0.4696969696969697,0.06060606060606061,0.06060606060606061,0.0,1.0,1.0,1.0,0.0,0.0,0.0,0.9318927305024792,34.93084112149531,1596.3884710864486
WB8oUR5Te4Q_30000,10.0,33,1,1,1.0,0.9,0.9473684210526316,0.9696969696969697,0.95,0.1,0.1,0.0,1.0,1.0,1.0,0.0,0.0,0.0,0.9318594531544532,35.222429906542054,1594.4927716121495
zg9b_zLHgGo_10000,10.0,33,1,4,1.0,0.7575757575757576,0.8620689655172413,0.7575757575757576,0.3787878787878788,0.24242424242424243,0.24242424242424243,0.0,0.0,0.0,0.0,4.999999999999999,0.9999999999999998,3.999999999999999,0.9318787050577564,35.216822429906536,1596.4535995911215
v8VCeePQOQQ_120000,10.0,33,1,1,1.0,0.9696969696969697,0.9846153846153847,0.9696969696969697,0.48484848484848486,0.030303030303030304,0.030303030303030304,0.0,1.0,1.0,1.0,0.0,0.0,0.0,0.9318759311352627,35.21588785046729,1598.1419392523364
jpDW0fGDjGo_210000,10.0,33,1,3,0.32142857142857145,0.75,0.45000000000000007,0.3125,0.4,1.8333333333333333,0.25,1.5833333333333333,0.0,0.0,0.0,3.999999999999999,0.9999999999999998,2.9999999999999996,0.9318588447812313,35.394392523364466,1598.1415011682243
RpURuKbzOMg_40000,10.0,33,1,3,1.0,0.9090909090909091,0.9523809523809523,0.9090909090909091,0.45454545454545453,0.09090909090909091,0.09090909090909091,0.0,0.0,0.0,0.0,3.999999999999999,0.9999999999999998,2.9999999999999996,0.9318587320703758,35.49158878504672,1600.0372006425234
K-qyYG8Fy5c_50000,10.0,33,1,2,0.8333333333333334,0.7142857142857143,0.7692307692307692,0.9090909090909091,0.8379120879120879,0.42857142857142855,0.2857142857142857,0.14285714285714285,0.0,0.0,0.0,2.999999999999999,0.9999999999999998,1.9999999999999996,0.931881306174167,35.21588785046728,1600.0493574766356
rf6M6o2B5ww_30000,10.0,33,1,2,1.0,0.7647058823529411,0.8666666666666666,0.8787878787878788,0.8823529411764706,0.23529411764705882,0.23529411764705882,0.0,0.0,0.0,0.0,2.999999999999999,0.9999999999999998,1.9999999999999996,0.9318621161676888,35.10560747663551,1596.2458016939252
38dy2dT_VTE_380000,10.0,33,1,5,1.0,0.6666666666666666,0.8,0.6666666666666666,0.3333333333333333,0.3333333333333333,0.3333333333333333,0.0,0.0,0.0,0.0,5.999999999999999,0.9999999999999998,4.999999999999999,0.9318882479760647,35.11775700934578,1601.9333382009345
Q3xwHR3-38k_30000,10.0,33,1,4,1.0,0.696969696969697,0.8214285714285715,0.696969696969697,0.3484848484848485,0.30303030303030304,0.30303030303030304,0.0,0.0,0.0,0.0,4.999999999999999,0.9999999999999998,3.999999999999999,0.9318580744620393,35.29906542056074,1596.2471159462616
eePh_tVrz2Y_30000,10.0,33,3,3,0.9655172413793104,0.9032258064516129,0.9333333333333333,0.8787878787878788,0.7016129032258065,0.12903225806451613,0.0967741935483871,0.03225806451612903,0.6666666666666666,0.6666666666666666,0.6666666666666666,0.6666666666666666,0.3333333333333333,0.3333333333333333,0.9318898259748807,35.30467289719625,1598.1415011682243
ox1eTBgc3OA_20000,9.860875,32,1,1,1.0,0.8888888888888888,0.9411764705882353,0.8888888888888888,0.4444444444444444,0.1111111111111111,0.1111111111111111,0.0,1.0,1.0,1.0,0.0,0.0,0.0,0.9462376235517913,34.69711538461537,1600.0259915865386
hhn_-K9WyeU_190000,10.0,33,1,5,1.0,0.7575757575757576,0.8620689655172413,0.7575757575757576,0.3787878787878788,0.24242424242424243,0.24242424242424243,0.0,0.0,0.0,0.0,5.999999999999999,0.9999999999999998,4.999999999999999,0.9318899691791379,35.11869158878503,1600.1365727219627
SKgzL4rRhq4_250000,10.0,33,1,1,1.0,0.9444444444444444,0.9714285714285714,0.9696969696969697,0.9722222222222222,0.05555555555555555,0.05555555555555555,0.0,1.0,1.0,1.0,0.0,0.0,0.0,0.9318968775048712,35.4,1600.1844699182243
jUOrItSbcRk_30000,10.0,33,1,2,1.0,0.9393939393939394,0.96875,0.9393939393939394,0.4696969696969697,0.06060606060606061,0.06060606060606061,0.0,0.5,1.0,0.6666666666666666,0.9999999999999998,0.0,0.9999999999999998,0.9318748043151579,35.21401869158878,1602.0832359813085
6_j3cDYbmTE_130000,10.0,33,1,2,0.7142857142857143,0.8333333333333334,0.7692307692307692,0.9090909090909091,0.8796296296296297,0.5,0.16666666666666666,0.3333333333333333,0.5,1.0,0.6666666666666666,0.9999999999999998,0.0,0.9999999999999998,0.9318781923505867,35.119626168224286,1600.1883761682243
yp3Q_tGcTzs_30000,10.0,33,2,1,1.0,0.9696969696969697,0.9846153846153847,0.9696969696969697,0.48484848484848486,0.030303030303030304,0.030303030303030304,0.0,1.0,0.5,0.6666666666666666,0.5,0.5,0.0,0.9318846819282018,35.207476635514006,1602.0836375584113
zaJtdGUsqlU_160000,10.0,33,2,2,0.4666666666666667,0.8235294117647058,0.5957446808510638,0.42424242424242425,0.4117647058823529,1.1176470588235294,0.17647058823529413,0.9411764705882353,0.0,0.0,0.0,2.0,1.0,1.0,0.931887827494053,35.39813084112149,1602.0845137266356
9X4HqX_nIpA_4000,9.51403125,31,1,3,1.0,0.8387096774193549,0.9122807017543859,0.8387096774193549,0.41935483870967744,0.16129032258064516,0.16129032258064516,0.0,0.0,0.0,0.0,3.999999999999999,0.9999999999999998,2.9999999999999996,0.9409558798640395,35.03564356435643,1598.281520730198
46Ypz4kXjNo_10000,10.00009375,33,2,1,1.0,0.9696969696969697,0.9846153846153847,0.9696969696969697,0.48484848484848486,0.030303030303030304,0.030303030303030304,0.0,1.0,0.5,0.6666666666666666,0.5,0.5,0.0,0.9318944376947822,35.31588785046728,1603.9797751168223
kBWOt5A8BnM_0,10.0,33,1,1,1.0,0.9090909090909091,0.9523809523809523,0.9090909090909091,0.45454545454545453,0.09090909090909091,0.09090909090909091,0.0,0.0,0.0,0.0,1.9999999999999996,0.9999999999999998,0.9999999999999998,0.9318655702856582,35.30093457943924,1600.1888142523364
eKuXLSyKLxY_0,9.8220625,32,1,2,1.0,0.9354838709677419,0.9666666666666666,0.9375,0.9677419354838708,0.06451612903225806,0.06451612903225806,0.0,0.5,1.0,0.6666666666666666,0.9999999999999998,0.0,0.9999999999999998,0.9425186163473613,35.37403846153845,1600.1811899038462
dhkeAizvUbQ_10000,10.0,33,1,1,1.0,0.8421052631578947,0.9142857142857143,0.8421052631578947,0.42105263157894735,0.15789473684210525,0.15789473684210525,0.0,1.0,1.0,1.0,0.0,0.0,0.0,0.931893037051531,35.21962616822428,1598.2931147780373
LwdF3e2oFow_6000,9.0535,30,1,3,1.0,0.9333333333333333,0.9655172413793104,0.9333333333333333,0.4666666666666667,0.06666666666666667,0.06666666666666667,0.0,0.0,0.0,0.0,3.999999999999999,0.9999999999999998,2.9999999999999996,0.9237346923474374,35.2938775510204,1601.9678332270407
LEuA8jM3LGg_20000,10.0,33,1,2,1.0,0.92,0.9583333333333334,0.9393939393939394,0.96,0.08,0.08,0.0,0.0,0.0,0.0,2.999999999999999,0.9999999999999998,1.9999999999999996,0.9318826533328142,35.31401869158878,1602.0840756425234
aaHQvF9vZjo_30000,10.0,33,1,7,1.0,0.5151515151515151,0.6799999999999999,0.5151515151515151,0.25757575757575757,0.48484848484848486,0.48484848484848486,0.0,0.0,0.0,0.0,7.999999999999998,0.9999999999999998,6.999999999999998,0.9318689968107032,35.58037383177569,1600.1888142523364
bpO0Bu33GU0_11000,9.6535,32,1,1,1.0,0.96875,0.9841269841269841,0.96875,0.484375,0.03125,0.03125,0.0,1.0,1.0,1.0,0.0,0.0,0.0,0.9263653162360106,35.26923076923076,1600.1807391826924
R_l8SGVw_sI_40000,10.0,33,1,1,1.0,0.9696969696969697,0.9846153846153847,0.9696969696969697,0.48484848484848486,0.030303030303030304,0.030303030303030304,0.0,1.0,1.0,1.0,0.0,0.0,0.0,0.9318696822248835,35.588785046728965,1600.1888142523364
YWX5sZw0Zf4_30000,10.0,33,1,2,1.0,0.9090909090909091,0.9523809523809523,0.9090909090909091,0.45454545454545453,0.09090909090909091,0.09090909090909091,0.0,0.0,0.0,0.0,2.999999999999999,0.9999999999999998,1.9999999999999996,0.9318462045745527,35.57850467289719,1602.0840756425234
Tuknjurgd4w_7000,9.99703125,33,1,4,1.0,0.8064516129032258,0.8928571428571428,0.8064516129032258,0.4032258064516129,0.1935483870967742,0.1935483870967742,0.0,0.0,0.0,0.0,4.999999999999999,0.9999999999999998,3.999999999999999,0.9316117823898316,35.49252336448598,1602.1589880257009
j1N909f8Obg_50000,10.0,33,1,6,0.8823529411764706,0.6,0.7142857142857143,0.6363636363636364,0.675,0.48000000000000004,0.4,0.08,0.0,0.0,0.0,6.999999999999999,0.9999999999999998,5.999999999999999,0.931896221404669,34.937383177570084,1602.1927205023364
heZ2mlaDgMk_30000,10.0,33,1,1,1.0,0.8571428571428571,0.923076923076923,0.9696969696969697,0.9285714285714286,0.14285714285714285,0.14285714285714285,0.0,1.0,1.0,1.0,0.0,0.0,0.0,0.9318664887677989,35.67476635514017,1602.2099518107477
U9Lcvj0xWQI_120000,10.0,33,1,2,1.0,0.9393939393939394,0.96875,0.9393939393939394,0.4696969696969697,0.06060606060606061,0.06060606060606061,0.0,0.0,0.0,0.0,2.999999999999999,0.9999999999999998,1.9999999999999996,0.9318482342293671,35.11775700934579,1600.396101051402
q91mUNgSbSY_10000,10.0,33,1,2,1.0,0.8666666666666667,0.9285714285714286,0.9393939393939394,0.9333333333333333,0.13333333333333333,0.13333333333333333,0.0,0.5,1.0,0.6666666666666666,0.9999999999999998,0.0,0.9999999999999998,0.9318794015965558,35.21962616822428,1602.3563449182243
ESXgEitdYaQ_30000,10.0,33,1,2,0.9310344827586207,0.9642857142857143,0.9473684210526316,0.9090909090909091,0.7821428571428571,0.10714285714285714,0.03571428571428571,0.07142857142857142,0.5,1.0,0.6666666666666666,0.9999999999999998,0.0,0.9999999999999998,0.9318755120493556,35.307476635514014,1606.1477438668223
c5fK1rA3bHE_0,10.0,33,1,1,1.0,0.9090909090909091,0.9523809523809523,0.9090909090909091,0.45454545454545453,0.09090909090909091,0.09090909090909091,0.0,1.0,1.0,1.0,0.0,0.0,0.0,0.9318886303398392,35.30093457943924,1602.3680636682243
lS-ze9KlSRE_0,10.0,33,1,2,0.8666666666666667,0.9285714285714286,0.896551724137931,0.8181818181818182,0.5642857142857143,0.21428571428571427,0.07142857142857142,0.14285714285714285,0.0,0.0,0.0,2.999999999999999,0.9999999999999998,1.9999999999999996,0.9318902199813065,35.22429906542056,1602.3563449182243
gJLb-UAj2rU_30000,10.0,33,1,5,1.0,0.8484848484848485,0.9180327868852458,0.8484848484848485,0.42424242424242425,0.15151515151515152,0.15151515151515152,0.0,0.0,0.0,0.0,5.999999999999999,0.9999999999999998,4.999999999999999,0.9318695197535127,35.585046728971946,1604.2524824766356
OHziR4QA3ds_80000,10.000375,33,1,1,1.0,0.9696969696969697,0.9846153846153847,0.9696969696969697,0.48484848484848486,0.030303030303030304,0.030303030303030304,0.0,1.0,1.0,1.0,0.0,0.0,0.0,0.9319247078413536,35.314018691588764,1600.4615216121495
1KD0P2R1EN4_10000,10.0,33,1,3,1.0,0.6470588235294118,0.7857142857142858,0.76,0.8235294117647058,0.35294117647058826,0.35294117647058826,0.0,0.0,0.0,0.0,3.999999999999999,0.9999999999999998,2.9999999999999996,0.9318971651309501,35.21869158878504,1602.440457067757
vIfN-aynATQ_30000,10.0,33,1,3,1.0,0.9090909090909091,0.9523809523809523,0.9090909090909091,0.45454545454545453,0.09090909090909091,0.09090909090909091,0.0,0.0,0.0,0.0,3.999999999999999,0.9999999999999998,2.9999999999999996,0.9318686763822828,35.39532710280373,1606.5020443925234
IrhFAaqxmKM_70000,10.0,33,2,2,1.0,0.9259259259259259,0.9615384615384615,0.9393939393939394,0.962962962962963,0.07407407407407407,0.07407407407407407,0.0,1.0,1.0,1.0,0.0,0.0,0.0,0.9318963971747699,35.39626168224298,1604.6063449182243
ItQcPHtzowY_9000,9.1135,30,1,1,0.6206896551724138,0.9473684210526315,0.75,0.6,0.47368421052631576,0.631578947368421,0.05263157894736842,0.5789473684210527,0.0,0.0,0.0,1.9999999999999996,0.9999999999999998,0.9999999999999998,0.9298580498136326,34.788775510204076,1606.4673150510205
bMP3qOSuk-A_120000,10.0,33,1,8,0.9333333333333333,0.5,0.6511627906976745,0.5454545454545454,0.65,0.5357142857142857,0.5,0.03571428571428571,0.0,0.0,0.0,8.999999999999998,0.9999999999999998,7.999999999999998,0.931878313320535,35.30654205607476,1606.5299357476636
S44aezVNS7c_10000,10.0,33,1,1,1.0,0.9393939393939394,0.96875,0.9393939393939394,0.4696969696969697,0.06060606060606061,0.06060606060606061,0.0,1.0,1.0,1.0,0.0,0.0,0.0,0.9318934228919524,35.213084112149524,1605.4175671728972
MxJPva0NHE8_290000,10.0,33,1,1,1.0,0.9696969696969697,0.9846153846153847,0.9696969696969697,0.48484848484848486,0.030303030303030304,0.030303030303030304,0.0,1.0,1.0,1.0,0.0,0.0,0.0,0.9318867735812957,35.31028037383177,1607.0829074182243
eXG-uqLMwnc_30000,10.0,33,1,3,1.0,0.7586206896551724,0.8627450980392156,0.7878787878787878,0.8793103448275862,0.2413793103448276,0.2413793103448276,0.0,0.0,0.0,0.0,3.999999999999999,0.9999999999999998,2.9999999999999996,0.9318497260410484,35.03271028037382,1610.8747444509345
HmVzX2pSsk8_0,8.0,26,1,1,1.0,0.9615384615384616,0.9803921568627451,0.9615384615384616,0.4807692307692308,0.038461538461538464,0.038461538461538464,0.0,1.0,1.0,1.0,0.0,0.0,0.0,0.9344905070875292,34.54418604651163,1605.0959302325582
av-K9Q-SyaQ_80000,10.0,33,1,7,1.0,0.7272727272727273,0.8421052631578948,0.7272727272727273,0.36363636363636365,0.2727272727272727,0.2727272727272727,0.0,0.0,0.0,0.0,7.999999999999998,0.9999999999999998,6.999999999999998,0.9318841496827067,35.39439252336447,1607.3461959696263
SfiPAQ0WP9M_30000,10.0,33,1,2,0.9473684210526315,0.8181818181818182,0.8780487804878049,0.8484848484848485,0.8636363636363636,0.2272727272727273,0.18181818181818182,0.045454545454545456,0.0,0.0,0.0,2.999999999999999,0.9999999999999998,1.9999999999999996,0.9318644528618132,35.39906542056074,1607.609484521028
xvl47oDG3pQ_20000,10.0,33,1,4,1.0,0.7878787878787878,0.8813559322033898,0.7878787878787878,0.3939393939393939,0.21212121212121213,0.21212121212121213,0.0,0.0,0.0,0.0,4.999999999999999,0.9999999999999998,3.999999999999999,0.9318819997648651,35.211214953271025,1609.5094188084113
Pzj4fZghAAo_30000,10.00065625,33,1,1,1.0,0.8571428571428571,0.923076923076923,0.8571428571428571,0.42857142857142855,0.14285714285714285,0.14285714285714285,0.0,1.0,1.0,1.0,0.0,0.0,0.0,0.9319316165554186,35.29439252336448,1609.5104410046729
do8I53nZc0g_40000,9.99496875,33,1,1,0.9285714285714286,1.0,0.962962962962963,0.9285714285714286,0.5,0.07692307692307693,0.0,0.07692307692307693,1.0,1.0,1.0,0.0,0.0,0.0,0.9314160292552363,35.21401869158877,1607.6180636682243
FN1rC23Rrlg_170000,10.0,33,2,5,0.8235294117647058,0.7777777777777778,0.7999999999999999,0.7878787878787878,0.788888888888889,0.38888888888888884,0.2222222222222222,0.16666666666666666,0.2,0.5,0.28571428571428575,2.5,0.5,2.0,0.9318765508230342,35.116822429906534,1609.5137631425234
QEsYJtOdKao_21000,9.02340625,30,4,2,0.9655172413793104,0.9655172413793104,0.9655172413793104,0.9333333333333333,0.4827586206896552,0.06896551724137931,0.034482758620689655,0.034482758620689655,1.0,0.5,0.6666666666666666,0.5,0.5,0.0,0.9206507668198531,34.889795918367334,1607.5313297193877
ZPClDr_mYZ4_0,5.0,17,1,4,1.0,0.7647058823529411,0.8666666666666666,0.7647058823529411,0.38235294117647056,0.23529411764705882,0.23529411764705882,0.0,0.0,0.0,0.0,4.999999999999999,0.9999999999999998,3.999999999999999,0.8663784632950987,33.34310344827586,1609.0611530172414
3MOHUwXgdqM_17000,9.16890625,30,1,3,0.92,0.92,0.92,0.8571428571428571,0.6266666666666667,0.16,0.08,0.08,0.0,0.0,0.0,3.999999999999999,0.9999999999999998,2.9999999999999996,0.9355124343632929,34.791836734693874,1607.5316884566328
Qy5kSaGHHNE_30000,10.0,33,1,1,1.0,0.9696969696969697,0.9846153846153847,0.9696969696969697,0.48484848484848486,0.030303030303030304,0.030303030303030304,0.0,1.0,1.0,1.0,0.0,0.0,0.0,0.9318741948755702,35.119626168224286,1609.5133250584113
K-H_VCvHxRg_20000,9.999375,33,3,2,1.0,0.7333333333333333,0.846153846153846,0.7647058823529411,0.8666666666666667,0.26666666666666666,0.26666666666666666,0.0,1.0,0.6666666666666666,0.8,0.3333333333333333,0.3333333333333333,0.0,0.9318417384083455,35.21028037383178,1609.5133250584113
U-1XQmg6Dp0_0,9.3735,31,1,2,1.0,1.0,1.0,1.0,0.5,0.0,0.0,0.0,0.5,1.0,0.6666666666666666,0.9999999999999998,0.0,0.9999999999999998,0.9270589452250451,35.14059405940593,1609.4925355816831
d6cVyECo5iw_30000,10.0,33,2,1,1.0,0.3157894736842105,0.4799999999999999,0.38095238095238093,0.6578947368421053,0.6842105263157895,0.6842105263157895,0.0,1.0,0.5,0.6666666666666666,0.5,0.5,0.0,0.9318883762427665,35.12242990654205,1605.7232403621495
c046a1OVHk4_30000,10.0,33,1,4,1.0,0.8484848484848485,0.9180327868852458,0.8484848484848485,0.42424242424242425,0.15151515151515152,0.15151515151515152,0.0,0.0,0.0,0.0,4.999999999999999,0.9999999999999998,3.999999999999999,0.9318777714429425,35.21682242990653,1609.5133250584113
ezDnLd529Qo_40000,10.0,33,1,2,1.0,0.9393939393939394,0.96875,0.9393939393939394,0.4696969696969697,0.06060606060606061,0.06060606060606061,0.0,0.0,0.0,0.0,2.999999999999999,0.9999999999999998,1.9999999999999996,0.9318813924944719,35.21495327102802,1609.5142012266356
JIkMRXshKZw_30000,9.4335,31,1,4,1.0,0.6538461538461539,0.7906976744186047,0.6538461538461539,0.3269230769230769,0.34615384615384615,0.34615384615384615,0.0,0.0,0.0,0.0,4.999999999999999,0.9999999999999998,3.999999999999999,0.9329831102199821,35.341584158415834,1605.711208230198
wjiClkxPJUM_30000,10.000625,33,1,1,1.0,0.6666666666666666,0.8,0.7777777777777778,0.8333333333333333,0.3333333333333333,0.3333333333333333,0.0,1.0,1.0,1.0,0.0,0.0,0.0,0.9319467017715883,35.20654205607476,1611.4094626168223
CAxPhRt9WI8_90000,10.0,33,1,7,1.0,0.5454545454545454,0.7058823529411764,0.5454545454545454,0.2727272727272727,0.45454545454545453,0.45454545454545453,0.0,0.0,0.0,0.0,7.999999999999998,0.9999999999999998,6.999999999999998,0.9318654535749893,35.124299065420544,1607.6185017523364
FnCF6TfjeBo_2000,9.1935,30,1,1,1.0,0.9666666666666667,0.983050847457627,0.9666666666666667,0.48333333333333334,0.03333333333333333,0.03333333333333333,0.0,1.0,1.0,1.0,0.0,0.0,0.0,0.938014884314479,34.79693877551019,1609.3997927295918
Ohha7wTZB7w_30000,10.0,33,1,1,1.0,0.9696969696969697,0.9846153846153847,0.9696969696969697,0.48484848484848486,0.030303030303030304,0.030303030303030304,0.0,1.0,1.0,1.0,0.0,0.0,0.0,0.931873673064818,35.21121495327102,1609.518143983645
OnwoohZQFGw_290000,10.0,33,1,1,1.0,0.9696969696969697,0.9846153846153847,0.9696969696969697,0.48484848484848486,0.030303030303030304,0.030303030303030304,0.0,1.0,1.0,1.0,0.0,0.0,0.0,0.9318982300010754,34.94018691588784,1607.7113755841121
eyUcCcM4Jzc_320000,10.0,33,1,1,1.0,0.9696969696969697,0.9846153846153847,0.9696969696969697,0.48484848484848486,0.030303030303030304,0.030303030303030304,0.0,1.0,1.0,1.0,0.0,0.0,0.0,0.9318736286897267,35.20934579439252,1611.5036507009345
DMl8KuG-1gQ_10000,10.0,33,1,6,1.0,0.696969696969697,0.8214285714285715,0.696969696969697,0.3484848484848485,0.30303030303030304,0.30303030303030304,0.0,0.0,0.0,0.0,6.999999999999999,0.9999999999999998,5.999999999999999,0.9318776186030651,35.214953271028044,1605.8165522780373
3doKyrCe1lA_30000,9.2535,30,1,3,1.0,0.7333333333333333,0.846153846153846,0.7333333333333333,0.36666666666666664,0.26666666666666666,0.26666666666666666,0.0,0.3333333333333333,1.0,0.5,1.9999999999999996,0.0,1.9999999999999996,0.944132660884048,34.889795918367334,1609.4913903061224
C0pWE_xCKWY_150000,10.0,33,2,2,1.0,0.95,0.9743589743589743,0.9696969696969697,0.975,0.05,0.05,0.0,1.0,1.0,1.0,0.0,0.0,0.0,0.9318947571501041,35.11869158878505,1609.6075131425234
CeXGmIjebkU_100000,10.0,33,1,1,0.8333333333333334,0.8333333333333334,0.8333333333333334,0.9393939393939394,0.8981481481481481,0.3333333333333333,0.16666666666666666,0.16666666666666666,1.0,1.0,1.0,0.0,0.0,0.0,0.9318617864486687,35.11869158878503,1607.7113755841121
HIQOGzgIKd4_30000,10.0,33,1,4,1.0,0.8787878787878788,0.9354838709677419,0.8787878787878788,0.4393939393939394,0.12121212121212122,0.12121212121212122,0.0,0.0,0.0,0.0,4.999999999999999,0.9999999999999998,3.999999999999999,0.9318977801559709,35.40280373831774,1611.5119742990655
87zYT_iOQCI_0,10.0,33,1,1,1.0,0.9285714285714286,0.962962962962963,0.9285714285714286,0.4642857142857143,0.07142857142857142,0.07142857142857142,0.0,1.0,1.0,1.0,0.0,0.0,0.0,0.9318796448361828,35.21682242990654,1607.9579074182243
WPYalPSO3a0_210000,10.0,33,1,1,1.0,0.9354838709677419,0.9666666666666666,0.9393939393939394,0.967741935483871,0.06451612903225806,0.06451612903225806,0.0,1.0,1.0,1.0,0.0,0.0,0.0,0.9318890599465859,35.11869158878503,1609.8536068925234
5soJllqhNyo_370000,10.0,33,1,4,0.875,1.0,0.9333333333333333,0.896551724137931,0.8125,0.14285714285714285,0.0,0.14285714285714285,0.25,1.0,0.4,2.9999999999999996,0.0,2.9999999999999996,0.9318959276172153,35.304672897196255,1607.9574693341121
7hdXzJpOXiY_18000,9.8735,32,1,1,1.0,0.8787878787878788,0.9354838709677419,0.8787878787878788,0.4393939393939394,0.12121212121212122,0.12121212121212122,0.0,1.0,1.0,1.0,0.0,0.0,0.0,0.9474791196099014,35.280769230769224,1611.7354642427886
lWC8g1IEYzY_30000,10.0,33,1,4,1.0,0.42424242424242425,0.5957446808510638,0.42424242424242425,0.21212121212121213,0.5757575757575758,0.5757575757575758,0.0,0.0,0.0,0.0,4.999999999999999,0.9999999999999998,3.999999999999999,0.9318852359757086,35.12429906542055,1607.9579074182243
2on0IRTBCKk_0,10.0,33,1,4,0.9166666666666666,0.6470588235294118,0.7586206896551724,0.7878787878787878,0.7922794117647058,0.411764705882353,0.35294117647058826,0.058823529411764705,0.0,0.0,0.0,4.999999999999999,0.9999999999999998,3.999999999999999,0.9318269218037961,35.12429906542055,1609.8724445093458
ACZ-j0TGoSg_30000,10.0,33,1,1,1.0,0.06666666666666667,0.125,0.15151515151515152,0.5333333333333333,0.9333333333333333,0.9333333333333333,0.0,0.0,0.0,0.0,1.9999999999999996,0.9999999999999998,0.9999999999999998,0.931869105106289,35.12710280373831,1608.4622517523364
fEhEH5etOaM_30000,10.0,33,1,1,1.0,0.9696969696969697,0.9846153846153847,0.9696969696969697,0.48484848484848486,0.030303030303030304,0.030303030303030304,0.0,1.0,1.0,1.0,0.0,0.0,0.0,0.931887094199081,35.31308411214953,1608.4618136682243
kMsUtm29Ikc_410000,10.0,33,2,1,0.7931034482758621,0.9583333333333334,0.8679245283018867,0.78125,0.6041666666666667,0.2916666666666667,0.041666666666666664,0.25,0.0,0.0,0.0,1.5,1.0,0.5,0.9318802057370059,34.932710280373826,1610.3583893107477
Eb5WOo2TGgU_40000,10.00003125,33,1,4,0.5454545454545454,1.0,0.7058823529411764,0.8148148148148148,0.8809523809523809,0.8333333333333334,0.0,0.8333333333333334,0.25,1.0,0.4,2.9999999999999996,0.0,2.9999999999999996,0.9319010523916421,35.211214953271025,1606.5669903621495
VBNnGF_8OHs_0,10.0,33,1,1,1.0,0.9696969696969697,0.9846153846153847,0.9696969696969697,0.48484848484848486,0.030303030303030304,0.030303030303030304,0.0,1.0,1.0,1.0,0.0,0.0,0.0,0.9318877354403684,35.12429906542055,1610.3579512266356
zjJdLCtKccA_17000,9.84228125,32,1,2,1.0,0.90625,0.9508196721311475,0.90625,0.453125,0.09375,0.09375,0.0,0.5,1.0,0.6666666666666666,0.9999999999999998,0.0,0.9999999999999998,0.9444842044620927,34.97884615384615,1608.4537635216345
62sTpdi5fOY_70000,10.0,33,1,6,1.0,0.7878787878787878,0.8813559322033898,0.7878787878787878,0.3939393939393939,0.21212121212121213,0.21212121212121213,0.0,0.0,0.0,0.0,6.999999999999999,0.9999999999999998,5.999999999999999,0.9318980933101116,35.21401869158878,1610.3570750584113
qGPl-IZ4fXQ_520000,10.0,33,2,5,1.0,0.696969696969697,0.8214285714285715,0.696969696969697,0.3484848484848485,0.30303030303030304,0.30303030303030304,0.0,0.0,0.0,0.0,3.5,1.0,2.5,0.9318707954911792,35.21775700934578,1610.3575131425234
xVzetIIzS9c_30000,10.000625,33,1,1,1.0,0.75,0.8571428571428571,0.75,0.375,0.25,0.25,0.0,1.0,1.0,1.0,0.0,0.0,0.0,0.931953911778749,35.028971962616815,1610.3575131425234
7C5s5qeny5I_80000,10.0,33,1,1,1.0,0.9696969696969697,0.9846153846153847,0.9696969696969697,0.48484848484848486,0.030303030303030304,0.030303030303030304,0.0,1.0,1.0,1.0,0.0,0.0,0.0,0.9318930680582681,35.11869158878503,1608.4613755841121
ADUylbV3gBQ_140000,10.0,33,1,1,1.0,0.9615384615384616,0.9803921568627451,0.9615384615384616,0.4807692307692308,0.038461538461538464,0.038461538461538464,0.0,1.0,1.0,1.0,0.0,0.0,0.0,0.9318942895858368,35.03644859813083,1612.2527745327102
DOL73bzUD3Q_0,10.0,33,1,1,1.0,0.9696969696969697,0.9846153846153847,0.9696969696969697,0.48484848484848486,0.030303030303030304,0.030303030303030304,0.0,1.0,1.0,1.0,0.0,0.0,0.0,0.9318713424001561,34.93925233644858,1608.4613755841121
vmSii3ZY-E4_30000,10.0,33,1,2,0.9615384615384616,0.9259259259259259,0.9433962264150944,0.9090909090909091,0.8796296296296297,0.1111111111111111,0.07407407407407407,0.037037037037037035,0.5,1.0,0.6666666666666666,0.9999999999999998,0.0,0.9999999999999998,0.9318939382191583,35.310280373831766,1612.251898364486
89Ln2tDYVyU_20000,9.999375,33,1,1,1.0,0.9696969696969697,0.9846153846153847,0.9696969696969697,0.48484848484848486,0.030303030303030304,0.030303030303030304,0.0,1.0,1.0,1.0,0.0,0.0,0.0,0.9318364545889732,35.213084112149524,1612.2532126168223
CL9m1ci5q6o_30000,10.0,33,1,2,1.0,0.9090909090909091,0.9523809523809523,0.9090909090909091,0.45454545454545453,0.09090909090909091,0.09090909090909091,0.0,0.5,1.0,0.6666666666666666,0.9999999999999998,0.0,0.9999999999999998,0.9318873794787322,35.03364485981308,1608.4618136682243
kCHJ6QU-8bU_10000,10.0,33,1,2,1.0,0.9259259259259259,0.9615384615384615,0.9393939393939394,0.962962962962963,0.07407407407407407,0.07407407407407407,0.0,0.0,0.0,0.0,2.999999999999999,0.9999999999999998,1.9999999999999996,0.9318641105552281,35.01682242990654,1610.3575131425234
So-jXslhIF0_6000,9.7199375,32,1,1,1.0,0.875,0.9333333333333333,0.875,0.4375,0.125,0.125,0.0,1.0,1.0,1.0,0.0,0.0,0.0,0.9327321090281714,35.27403846153846,1608.4533128004807
Zmk57MkEwCc_50000,10.0,33,1,1,1.0,0.9696969696969697,0.9846153846153847,0.9696969696969697,0.48484848484848486,0.030303030303030304,0.030303030303030304,0.0,1.0,1.0,1.0,0.0,0.0,0.0,0.9318827505009373,35.4,1612.252336448598
OeQVOdhGCps_12000,9.5834375,31,3,3,1.0,0.76,0.8636363636363636,0.8,0.88,0.24,0.24,0.0,1.0,1.0,1.0,0.0,0.0,0.0,0.9478131990255899,35.433663366336624,1610.3353573638615
WJMkhI7UpdA_30000,10.0,33,1,1,1.0,0.9047619047619048,0.9500000000000001,0.9393939393939394,0.9523809523809523,0.09523809523809523,0.09523809523809523,0.0,1.0,1.0,1.0,0.0,0.0,0.0,0.9318631652481034,35.303738317757,1608.4622517523364
0Fv4lkRB-BM_140000,9.99978125,33,1,1,1.0,0.9696969696969697,0.9846153846153847,0.9696969696969697,0.48484848484848486,0.030303030303030304,0.030303030303030304,0.0,1.0,1.0,1.0,0.0,0.0,0.0,0.9318660126338332,35.21682242990654,1608.4622517523364
Vx2pCmrJpzM_10000,10.0,33,3,5,1.0,0.8,0.888888888888889,0.8275862068965517,0.9,0.2,0.2,0.0,0.2,0.3333333333333333,0.25,2.0,0.6666666666666666,1.3333333333333333,0.931870702834301,35.39813084112148,1608.545925817757
XAK4xGx708E_21000,9.06984375,30,1,2,1.0,0.6666666666666666,0.8,0.7666666666666667,0.8333333333333333,0.3333333333333333,0.3333333333333333,0.0,0.5,1.0,0.6666666666666666,0.9999999999999998,0.0,0.9999999999999998,0.9253988703697875,35.08877551020407,1614.3572225765306
k8VY5k0nugI_0,10.0,33,1,1,1.0,0.9393939393939394,0.96875,0.9393939393939394,0.4696969696969697,0.06060606060606061,0.06060606060606061,0.0,1.0,1.0,1.0,0.0,0.0,0.0,0.9318813124269167,35.213084112149524,1614.5032126168223
lsPU2eEzxTY_5000,9.6518125,32,1,1,0.967741935483871,1.0,0.9836065573770492,0.967741935483871,0.5,0.03333333333333333,0.0,0.03333333333333333,1.0,1.0,1.0,0.0,0.0,0.0,0.9262126206461174,35.179807692307676,1610.7046649639424
O3tywrO0QxI_30000,10.0,33,1,4,1.0,0.24242424242424243,0.3902439024390244,0.24242424242424243,0.12121212121212122,0.7575757575757576,0.7575757575757576,0.0,0.0,0.0,0.0,4.999999999999999,0.9999999999999998,3.999999999999999,0.9318939753878868,35.31214953271028,1608.8161141939252
cFtMPWwiKHs_40000,10.0,33,1,3,1.0,0.7,0.8235294117647058,0.7272727272727273,0.85,0.3,0.3,0.0,0.0,0.0,0.0,3.999999999999999,0.9999999999999998,2.9999999999999996,0.9318834754486648,35.403738317757,1614.5027745327102
ACMyJ5jShug_310000,9.99996875,33,2,1,1.0,0.14285714285714285,0.25,0.3333333333333333,0.5714285714285714,0.8571428571428571,0.8571428571428571,0.0,1.0,0.5,0.6666666666666666,0.5,0.5,0.0,0.9318703591538728,35.12616822429905,1612.6183557242991
L0s_M4x_Wu8_0,10.0,33,1,1,1.0,0.9259259259259259,0.9615384615384615,0.9393939393939394,0.962962962962963,0.07407407407407407,0.07407407407407407,0.0,1.0,1.0,1.0,0.0,0.0,0.0,0.9318982870563333,35.02710280373831,1612.6075131425234
6yNd_D32_3g_30000,10.0,33,1,3,1.0,0.9090909090909091,0.9523809523809523,0.9090909090909091,0.45454545454545453,0.09090909090909091,0.09090909090909091,0.0,0.0,0.0,0.0,3.999999999999999,0.9999999999999998,2.9999999999999996,0.931886573587041,34.9392523364486,1612.617917640187
Hwz-o50e6pM_30000,10.0,33,2,5,1.0,0.7741935483870968,0.8727272727272727,0.7878787878787878,0.8870967741935484,0.22580645161290322,0.22580645161290322,0.0,0.2,0.5,0.28571428571428575,2.5,0.5,2.0,0.9318782660789661,35.02429906542055,1614.5032126168223
nm0EKgnBPHM_30000,10.0,33,2,2,1.0,0.9333333333333333,0.9655172413793104,0.9393939393939394,0.9666666666666667,0.06666666666666667,0.06666666666666667,0.0,1.0,1.0,1.0,0.0,0.0,0.0,0.9318754558662958,35.49532710280373,1608.8161141939252
n4L64u2xhwg_30000,10.0,33,1,1,1.0,0.9285714285714286,0.962962962962963,0.9393939393939394,0.9642857142857143,0.07142857142857142,0.07142857142857142,0.0,1.0,1.0,1.0,0.0,0.0,0.0,0.9318595827172982,35.213084112149524,1614.5784170560748
3pTG9trs1cY_20000,9.55903125,31,1,1,1.0,0.9354838709677419,0.9666666666666666,0.9354838709677419,0.46774193548387094,0.06451612903225806,0.06451612903225806,0.0,1.0,1.0,1.0,0.0,0.0,0.0,0.9453990599063645,34.845544554455444,1610.8058864480197
lVM9xQw5Tt4_0,10.0,33,1,3,1.0,0.7916666666666666,0.8837209302325582,0.8484848484848485,0.8958333333333333,0.20833333333333334,0.20833333333333334,0.0,0.0,0.0,0.0,3.999999999999999,0.9999999999999998,2.9999999999999996,0.9318883796295134,34.93084112149531,1612.7126898364486
GT_4vyc3NdQ_30000,10.0,33,1,2,1.0,0.8125,0.896551724137931,0.8181818181818182,0.9062499999999999,0.1875,0.1875,0.0,0.5,1.0,0.6666666666666666,0.9999999999999998,0.0,0.9999999999999998,0.9318712460128298,35.40093457943924,1610.8165522780373
PTfkYnRM1No_6000,9.6038125,31,1,2,1.0,0.8387096774193549,0.9122807017543859,0.8387096774193549,0.41935483870967744,0.16129032258064516,0.16129032258064516,0.0,0.5,1.0,0.6666666666666666,0.9999999999999998,0.0,0.9999999999999998,0.9498509858791166,34.92673267326731,1614.584931930693
veODLfV2UMI_30000,10.0,33,1,1,1.0,0.8484848484848485,0.9180327868852458,0.8484848484848485,0.42424242424242425,0.15151515151515152,0.15151515151515152,0.0,0.0,0.0,0.0,1.9999999999999996,0.9999999999999998,0.9999999999999998,0.9318955382109985,35.123364485981305,1614.6070750584113
A1Q4fCL-TME_260000,10.0,33,1,2,0.9090909090909091,0.9090909090909091,0.9090909090909091,0.9310344827586207,0.9267676767676767,0.18181818181818182,0.09090909090909091,0.09090909090909091,0.5,1.0,0.6666666666666666,0.9999999999999998,0.0,0.9999999999999998,0.9318885690295815,35.4018691588785,1614.6083893107477
zHOqFSyDRmU_30000,10.0,33,1,5,1.0,0.7272727272727273,0.8421052631578948,0.7272727272727273,0.36363636363636365,0.2727272727272727,0.2727272727272727,0.0,0.0,0.0,0.0,5.999999999999999,0.9999999999999998,4.999999999999999,0.9318955310026773,35.4018691588785,1610.8161141939252
YCxmUexUDmI_10000,10.0,33,1,3,1.0,0.9090909090909091,0.9523809523809523,0.9090909090909091,0.45454545454545453,0.09090909090909091,0.09090909090909091,0.0,0.0,0.0,0.0,3.999999999999999,0.9999999999999998,2.9999999999999996,0.9318961401213824,35.02803738317757,1616.5036507009345
JW644W5bw0M_20000,10.0,33,1,1,1.0,0.9696969696969697,0.9846153846153847,0.9696969696969697,0.48484848484848486,0.030303030303030304,0.030303030303030304,0.0,1.0,1.0,1.0,0.0,0.0,0.0,0.9318734970404458,35.02523364485981,1612.7230943341121
BRfwKlArxJs_13000,9.7935,32,1,3,1.0,0.90625,0.9508196721311475,0.90625,0.453125,0.09375,0.09375,0.0,0.0,0.0,0.0,3.999999999999999,0.9999999999999998,2.9999999999999996,0.9397910540370942,35.37115384615384,1614.5972055288462
xt23ngscI0U_30000,10.0,33,1,1,1.0,0.8461538461538461,0.9166666666666666,0.8888888888888888,0.9230769230769231,0.15384615384615385,0.15384615384615385,0.0,1.0,1.0,1.0,0.0,0.0,0.0,0.9318914622516887,35.312149532710265,1610.8165522780373
8ui_tm_RKeY_60000,10.0,33,1,5,0.7692307692307693,0.9523809523809523,0.8510638297872339,0.7878787878787878,0.7261904761904762,0.3333333333333333,0.047619047619047616,0.2857142857142857,0.2,1.0,0.33333333333333337,3.999999999999999,0.0,3.999999999999999,0.9319027074118141,35.21588785046728,1614.6083893107477
JDFj_s8YLc0_0,10.0,33,1,4,1.0,0.4090909090909091,0.5806451612903226,0.4090909090909091,0.20454545454545456,0.5909090909090909,0.5909090909090909,0.0,0.0,0.0,0.0,4.999999999999999,0.9999999999999998,3.999999999999999,0.9318784551312009,35.303738317757,1610.8165522780373
5qPs8YZ5nTw_3000,9.4135,31,1,1,0.96,0.8,0.8727272727272728,0.7741935483870968,0.4,0.23333333333333334,0.2,0.03333333333333333,0.0,0.0,0.0,1.9999999999999996,0.9999999999999998,0.9999999999999998,0.9310196684013979,35.13762376237623,1614.5848932549504
fWQ5vdVFjnY_30000,10.0,33,1,4,1.0,0.8181818181818182,0.9,0.8181818181818182,0.4090909090909091,0.18181818181818182,0.18181818181818182,0.0,0.0,0.0,0.0,4.999999999999999,0.9999999999999998,3.999999999999999,0.9318689946422644,35.2158878504673,1614.6079512266356
M5D3u9XfYq8_360000,9.01153125,30,1,2,1.0,0.9655172413793104,0.9824561403508771,0.9655172413793104,0.4827586206896552,0.034482758620689655,0.034482758620689655,0.0,0.0,0.0,0.0,2.999999999999999,0.9999999999999998,1.9999999999999996,0.9194543398190314,34.793877551020394,1612.6353635204082
yxm_iI4-on4_10000,10.0,33,1,1,1.0,1.0,1.0,1.0,1.0,0.0,0.0,0.0,1.0,1.0,1.0,0.0,0.0,0.0,0.931894031664168,35.22056074766354,1616.578125
SmRXdw1WS0Y_30000,10.0,33,1,4,1.0,0.7878787878787878,0.8813559322033898,0.7878787878787878,0.3939393939393939,0.21212121212121213,0.21212121212121213,0.0,0.0,0.0,0.0,4.999999999999999,0.9999999999999998,3.999999999999999,0.9318733666093807,35.30747663551401,1612.8208966121495
j3_k93jEWtU_130000,10.0,33,1,1,1.0,0.8484848484848485,0.9180327868852458,0.8484848484848485,0.42424242424242425,0.15151515151515152,0.15151515151515152,0.0,1.0,1.0,1.0,0.0,0.0,0.0,0.9318867075804019,35.313084112149525,1616.6109813084113
tpKXZ2fxAxw_30000,10.0,33,1,3,1.0,0.17857142857142858,0.30303030303030304,0.30303030303030304,0.5892857142857143,0.8214285714285714,0.8214285714285714,0.0,0.0,0.0,0.0,3.999999999999999,0.9999999999999998,2.9999999999999996,0.9318672846317735,35.21121495327102,1618.506242698598
ZR3EiEsWQ9w_3000,9.63165625,32,1,2,1.0,0.8636363636363636,0.9268292682926829,0.8636363636363636,0.4318181818181818,0.13636363636363635,0.13636363636363635,0.0,0.5,1.0,0.6666666666666666,0.9999999999999998,0.0,0.9999999999999998,0.9242510648234306,35.08749999999999,1616.5997596153845
UwN-dmZrwvE_20000,10.0,33,1,4,1.0,0.7575757575757576,0.8620689655172413,0.7575757575757576,0.3787878787878788,0.24242424242424243,0.24242424242424243,0.0,0.0,0.0,0.0,4.999999999999999,0.9999999999999998,3.999999999999999,0.9318738070544692,35.126168224299064,1618.5071188668223
t0P9DEweEv4_0,10.0,33,1,1,1.0,0.07692307692307693,0.14285714285714288,0.5,0.5384615384615384,0.9230769230769231,0.9230769230769231,0.0,0.0,0.0,0.0,1.9999999999999996,0.9999999999999998,0.9999999999999998,0.9318613369015843,35.211214953271025,1612.8200204439252
jyDKlyLf95o_29000,9.6935,32,1,1,1.0,0.9354838709677419,0.9666666666666666,0.9354838709677419,0.46774193548387094,0.06451612903225806,0.06451612903225806,0.0,0.0,0.0,0.0,1.9999999999999996,0.9999999999999998,0.9999999999999998,0.9301724667729283,35.4701923076923,1618.4932767427886
6XwkRqJoffU_30000,10.0,33,1,1,1.0,0.9696969696969697,0.9846153846153847,0.9696969696969697,0.48484848484848486,0.030303030303030304,0.030303030303030304,0.0,1.0,1.0,1.0,0.0,0.0,0.0,0.9318947462011576,35.02429906542054,1616.6222619742991
mzU7GEhDxz4_30000,10.0,33,1,4,1.0,0.9090909090909091,0.9523809523809523,0.9090909090909091,0.45454545454545453,0.09090909090909091,0.09090909090909091,0.0,0.25,1.0,0.4,2.9999999999999996,0.0,2.9999999999999996,0.9318843884058188,35.31028037383177,1616.6109813084113
VNsXETkkYpQ_390000,10.0,33,1,4,1.0,0.9090909090909091,0.9523809523809523,0.9090909090909091,0.45454545454545453,0.09090909090909091,0.09090909090909091,0.0,0.0,0.0,0.0,4.999999999999999,0.9999999999999998,3.999999999999999,0.9318452616439334,35.035514018691586,1616.6109813084113
6F3YIb0Uw4I_30000,10.0,33,1,1,1.0,0.9333333333333333,0.9655172413793104,0.9393939393939394,0.9666666666666667,0.06666666666666667,0.06666666666666667,0.0,1.0,1.0,1.0,0.0,0.0,0.0,0.9318999901440861,35.40280373831775,1616.6109813084113
iH86UuVUa1E_30000,10.0,33,1,3,1.0,0.8484848484848485,0.9180327868852458,0.8484848484848485,0.42424242424242425,0.15151515151515152,0.15151515151515152,0.0,0.0,0.0,0.0,3.999999999999999,0.9999999999999998,2.9999999999999996,0.9318793689479349,35.303738317757,1616.6114193925234
TXI7PqTjSu8_6000,10.0,33,1,1,1.0,0.9655172413793104,0.9824561403508771,0.9655172413793104,0.4827586206896552,0.034482758620689655,0.034482758620689655,0.0,1.0,1.0,1.0,0.0,0.0,0.0,0.9318656883863713,35.40841121495326,1616.6231381425234
EVQ5A56WWug_30000,10.0,33,2,2,1.0,0.9375,0.967741935483871,0.9393939393939394,0.9687499999999999,0.0625,0.0625,0.0,1.0,1.0,1.0,0.0,0.0,0.0,0.9318927647190534,35.39719626168223,1612.8200204439252
urjDya5x4wM_20000,10.0,33,1,1,1.0,0.7272727272727273,0.8421052631578948,0.7272727272727273,0.36363636363636365,0.2727272727272727,0.2727272727272727,0.0,1.0,1.0,1.0,0.0,0.0,0.0,0.931883551952962,35.218691588785035,1618.5075569509345
czD5byFDL7Q_70000,10.0,33,1,4,1.0,0.8181818181818182,0.9,0.8181818181818182,0.4090909090909091,0.18181818181818182,0.18181818181818182,0.0,0.25,1.0,0.4,2.9999999999999996,0.0,2.9999999999999996,0.9318694214559093,35.49813084112149,1612.8204585280373
6DEYZnl3YoQ_30000,10.0,33,1,1,1.0,0.9696969696969697,0.9846153846153847,0.9696969696969697,0.48484848484848486,0.030303030303030304,0.030303030303030304,0.0,1.0,1.0,1.0,0.0,0.0,0.0,0.9318582767893587,34.73925233644859,1616.6109813084113
FFNmmMIIT-U_30000,10.0,33,1,3,1.0,0.3333333333333333,0.5,0.3333333333333333,0.16666666666666666,0.6666666666666666,0.6666666666666666,0.0,0.0,0.0,0.0,3.999999999999999,0.9999999999999998,2.9999999999999996,0.9318789637544266,35.39999999999999,1618.517961448598
Oe6erT9TAGA_70000,10.0,33,1,1,1.0,0.9393939393939394,0.96875,0.9393939393939394,0.4696969696969697,0.06060606060606061,0.06060606060606061,0.0,1.0,1.0,1.0,0.0,0.0,0.0,0.931874795368341,35.494392523364475,1614.7157199182243
S2b5ccSkXAM_30000,10.0,33,1,5,1.0,0.5454545454545454,0.7058823529411764,0.5454545454545454,0.2727272727272727,0.45454545454545453,0.45454545454545453,0.0,0.0,0.0,0.0,5.999999999999999,0.9999999999999998,4.999999999999999,0.9318626504755515,35.20467289719625,1616.6114193925234
GUjzk8_XW6I_0,7.29109375,24,1,1,1.0,0.875,0.9333333333333333,0.875,0.4375,0.125,0.125,0.0,1.0,1.0,1.0,0.0,0.0,0.0,0.9180961360472056,34.393750000000004,1614.545361328125
O1emL70eTwI_290000,10.0,33,1,2,0.9090909090909091,0.9090909090909091,0.9090909090909091,0.9393939393939394,0.9318181818181819,0.18181818181818182,0.09090909090909091,0.09090909090909091,0.5,1.0,0.6666666666666666,0.9999999999999998,0.0,0.9999999999999998,0.9318699429131294,35.12429906542055,1618.506242698598
F6ZQToJR2qQ_0,10.0,33,1,6,1.0,0.75,0.8571428571428571,0.7878787878787878,0.875,0.25,0.25,0.0,0.0,0.0,0.0,6.999999999999999,0.9999999999999998,5.999999999999999,0.9318473776086437,35.299065420560744,1616.6109813084113
9xD4uYUSaKI_180000,10.0,33,1,1,1.0,0.9696969696969697,0.9846153846153847,0.9696969696969697,0.48484848484848486,0.030303030303030304,0.030303030303030304,0.0,1.0,1.0,1.0,0.0,0.0,0.0,0.9318945506366395,35.21028037383177,1618.5071188668223
DUskyetTMZE_30000,10.0,33,1,1,1.0,0.8888888888888888,0.9411764705882353,0.8888888888888888,0.4444444444444444,0.1111111111111111,0.1111111111111111,0.0,1.0,1.0,1.0,0.0,0.0,0.0,0.9318870462691647,35.31121495327102,1614.7157199182243
TipoeFCyJ2k_30000,10.0,33,1,4,1.0,0.6363636363636364,0.7777777777777778,0.6363636363636364,0.3181818181818182,0.36363636363636365,0.36363636363636365,0.0,0.0,0.0,0.0,4.999999999999999,0.9999999999999998,3.999999999999999,0.9318996270556926,35.306542056074754,1618.5188376168223
iJ-Md22K2YQ_10000,10.0,33,1,1,1.0,0.9696969696969697,0.9846153846153847,0.9696969696969697,0.48484848484848486,0.030303030303030304,0.030303030303030304,0.0,1.0,1.0,1.0,0.0,0.0,0.0,0.9318799565072016,35.21588785046728,1612.8208966121495
DJFfwgyN6hY_30000,10.00003125,33,1,2,1.0,0.6842105263157895,0.8125000000000001,0.6842105263157895,0.34210526315789475,0.3157894736842105,0.3157894736842105,0.0,0.0,0.0,0.0,2.999999999999999,0.9999999999999998,1.9999999999999996,0.9319003260287183,35.49345794392522,1614.7161580023364
8bzIPte1Ze0_330000,10.0,33,1,1,1.0,0.9696969696969697,0.9846153846153847,0.9696969696969697,0.48484848484848486,0.030303030303030304,0.030303030303030304,0.0,1.0,1.0,1.0,0.0,0.0,0.0,0.9319025420576873,35.028971962616815,1614.7161580023364
PffCd1vCPzg_30000,10.0,33,2,2,1.0,0.9090909090909091,0.9523809523809523,0.9090909090909091,0.45454545454545453,0.09090909090909091,0.09090909090909091,0.0,0.0,0.0,0.0,2.0,1.0,1.0,0.9318813936216856,35.02803738317757,1614.7152818341121
YNIr0HEI718_160000,10.0,33,1,1,1.0,1.0,1.0,1.0,1.0,0.0,0.0,0.0,1.0,1.0,1.0,0.0,0.0,0.0,0.9318787587188917,35.40093457943925,1618.5075569509345
57gQncjfCAE_0,10.0,33,1,1,1.0,0.9393939393939394,0.96875,0.9393939393939394,0.4696969696969697,0.06060606060606061,0.06060606060606061,0.0,1.0,1.0,1.0,0.0,0.0,0.0,0.9318734297373241,35.21588785046727,1612.8204585280373
R5m2gagMn1Y_150000,10.0,33,1,1,0.9375,1.0,0.967741935483871,0.9375,0.5,0.06666666666666667,0.0,0.06666666666666667,1.0,1.0,1.0,0.0,0.0,0.0,0.9318697475308795,35.11869158878504,1616.677570093458
ysNK5RVF3Zw_0,10.0,33,1,1,1.0,0.7272727272727273,0.8421052631578948,0.7272727272727273,0.36363636363636365,0.2727272727272727,0.2727272727272727,0.0,1.0,1.0,1.0,0.0,0.0,0.0,0.9318952496305437,35.30841121495326,1614.5782710280373
txoAD-FtErg_40000,9.760375,32,1,2,1.0,0.75,0.8571428571428571,0.9354838709677419,0.875,0.25,0.25,0.0,0.5,1.0,0.6666666666666666,0.9999999999999998,0.0,0.9999999999999998,0.9365845051380196,35.077884615384605,1618.3584735576924
tigofrSp_5s_30000,10.0,33,1,1,1.0,0.8333333333333334,0.9090909090909091,0.9444444444444444,0.9166666666666667,0.16666666666666666,0.16666666666666666,0.0,1.0,1.0,1.0,0.0,0.0,0.0,0.9318640073912037,35.494392523364475,1618.3805125584113
cl5VPnikbx4_70000,10.0,33,1,1,1.0,0.9696969696969697,0.9846153846153847,0.9696969696969697,0.48484848484848486,0.030303030303030304,0.030303030303030304,0.0,1.0,1.0,1.0,0.0,0.0,0.0,0.9318697458780109,35.306542056074754,1618.3687938084113
FXS2oZG9szE_30000,9.5935,31,1,1,1.0,0.3225806451612903,0.4878048780487805,0.3225806451612903,0.16129032258064516,0.6774193548387096,0.6774193548387096,0.0,0.0,0.0,0.0,1.9999999999999996,0.9999999999999998,0.9999999999999998,0.9488274067101761,35.230693069306916,1620.2485303217823
6R-UTccZwf8_2000,9.1135,30,1,7,1.0,0.5666666666666667,0.7234042553191489,0.5666666666666667,0.2833333333333333,0.43333333333333335,0.43333333333333335,0.0,0.0,0.0,0.0,7.999999999999998,0.9999999999999998,6.999999999999998,0.9298463399275491,34.99591836734693,1614.523118622449
IC_mi_DoSKU_0,10.0,33,1,1,1.0,0.9696969696969697,0.9846153846153847,0.9696969696969697,0.48484848484848486,0.030303030303030304,0.030303030303030304,0.0,1.0,1.0,1.0,0.0,0.0,0.0,0.9318820091515859,35.12242990654205,1614.5778329439252
jvRhGrWnQLA_440000,10.0,33,1,1,1.0,0.9375,0.967741935483871,0.9696969696969697,0.96875,0.0625,0.0625,0.0,1.0,1.0,1.0,0.0,0.0,0.0,0.9318573260250909,35.40093457943925,1620.2649313668223
BF2caFanSts_300000,10.0,33,1,1,1.0,0.9696969696969697,0.9846153846153847,0.9696969696969697,0.48484848484848486,0.030303030303030304,0.030303030303030304,0.0,1.0,1.0,1.0,0.0,0.0,0.0,0.9318737331599907,35.595327102803736,1614.5787091121495
ldPcujHM1RQ_30000,10.00096875,33,6,5,0.9545454545454546,0.8076923076923077,0.875,0.8181818181818182,0.8324175824175823,0.23076923076923078,0.19230769230769232,0.038461538461538464,0.8,0.6666666666666666,0.7272727272727272,0.5,0.3333333333333333,0.16666666666666666,0.9319727056477224,35.12803738317756,1616.4735324182243
Vh87eXUhJ8I_9000,9.25090625,30,1,1,1.0,0.9666666666666667,0.983050847457627,0.9666666666666667,0.48333333333333334,0.03333333333333333,0.03333333333333333,0.0,1.0,1.0,1.0,0.0,0.0,0.0,0.9438652139987527,35.19285714285713,1618.3354990433672
j1Zez4y_xdk_30000,10.0,33,1,1,1.0,0.42424242424242425,0.5957446808510638,0.42424242424242425,0.21212121212121213,0.5757575757575758,0.5757575757575758,0.0,0.0,0.0,0.0,1.9999999999999996,0.9999999999999998,0.9999999999999998,0.9318966504118226,35.31121495327102,1614.5787091121495
BjZFCJUc8FE_11000,9.1735,30,1,2,0.9,0.9,0.9,0.8461538461538461,0.7833333333333333,0.2,0.1,0.1,0.5,1.0,0.6666666666666666,0.9999999999999998,0.0,0.9999999999999998,0.9359735524807177,34.88979591836734,1616.3871572066328
O0L15OssAiI_320000,10.0,33,1,5,1.0,0.8484848484848485,0.9180327868852458,0.8484848484848485,0.42424242424242425,0.15151515151515152,0.15151515151515152,0.0,0.0,0.0,0.0,5.999999999999999,0.9999999999999998,4.999999999999999,0.9318744241311933,35.1233644859813,1616.4735324182243
yqVb2fK60Yw_30000,10.00021875,33,1,1,1.0,0.9696969696969697,0.9846153846153847,0.9696969696969697,0.48484848484848486,0.030303030303030304,0.030303030303030304,0.0,1.0,1.0,1.0,0.0,0.0,0.0,0.9319142996910278,35.30934579439251,1618.3692318925234
Ng2uyB2Dr1w_30000,10.0,33,1,2,1.0,0.9393939393939394,0.96875,0.9393939393939394,0.4696969696969697,0.06060606060606061,0.06060606060606061,0.0,0.5,1.0,0.6666666666666666,0.9999999999999998,0.0,0.9999999999999998,0.9318975528855593,35.12242990654204,1618.3800744742991
r5Ia3ZHBZ0w_90000,10.0,33,1,2,1.0,0.9393939393939394,0.96875,0.9393939393939394,0.4696969696969697,0.06060606060606061,0.06060606060606061,0.0,0.5,1.0,0.6666666666666666,0.9999999999999998,0.0,0.9999999999999998,0.9318859289656782,35.30934579439251,1618.3692318925234
Nh4mZmFLLto_20000,10.0,33,1,4,1.0,0.8787878787878788,0.9354838709677419,0.8787878787878788,0.4393939393939394,0.12121212121212122,0.12121212121212122,0.0,0.0,0.0,0.0,4.999999999999999,0.9999999999999998,3.999999999999999,0.9318568750872668,34.84672897196261,1616.4735324182243
12aXUfObwlY_0,10.000625,33,1,1,1.0,0.9696969696969697,0.9846153846153847,0.9696969696969697,0.48484848484848486,0.030303030303030304,0.030303030303030304,0.0,1.0,1.0,1.0,0.0,0.0,0.0,0.9319473130877852,35.22056074766354,1620.2653694509345
0qTClRxN6mY_240000,10.00003125,33,1,1,1.0,0.9696969696969697,0.9846153846153847,0.9696969696969697,0.48484848484848486,0.030303030303030304,0.030303030303030304,0.0,1.0,1.0,1.0,0.0,0.0,0.0,0.9318463864502453,35.31308411214953,1614.5787091121495
K39t7Rejk3I_30000,10.0,33,1,4,1.0,0.8484848484848485,0.9180327868852458,0.8484848484848485,0.42424242424242425,0.15151515151515152,0.15151515151515152,0.0,0.0,0.0,0.0,4.999999999999999,0.9999999999999998,3.999999999999999,0.9318649742325993,35.301869158878496,1616.4739705023364
zWD8zHSlXvI_30000,10.0,33,2,3,0.6,0.375,0.4615384615384615,0.6956521739130435,0.6208333333333333,0.875,0.625,0.25,0.3333333333333333,0.5,0.4,1.5,0.5,1.0,0.9318911848804196,35.12429906542056,1616.4739705023364
C5AyQAxboFg_30000,10.0,33,1,1,1.0,0.9696969696969697,0.9846153846153847,0.9696969696969697,0.48484848484848486,0.030303030303030304,0.030303030303030304,0.0,1.0,1.0,1.0,0.0,0.0,0.0,0.9318451765484269,35.02803738317756,1618.3687938084113
IRwYtMQAMJ4_0,10.0,33,1,2,1.0,0.7878787878787878,0.8813559322033898,0.7878787878787878,0.3939393939393939,0.21212121212121213,0.21212121212121213,0.0,0.0,0.0,0.0,2.999999999999999,0.9999999999999998,1.9999999999999996,0.9318910524477274,35.48504672897195,1620.275773948598
V1-V5jATr5w_0,10.0,33,1,1,1.0,0.9696969696969697,0.9846153846153847,0.9696969696969697,0.48484848484848486,0.030303030303030304,0.030303030303030304,0.0,1.0,1.0,1.0,0.0,0.0,0.0,0.9318860081645975,35.2233644859813,1618.3805125584113
wN9xLo2keiE_120000,10.0,33,1,1,1.0,1.0,1.0,1.0,0.9999999999999999,0.0,0.0,0.0,1.0,1.0,1.0,0.0,0.0,0.0,0.9318691885482444,35.215887850467276,1616.4739705023364
GcOAQUWJOOQ_0,8.26628125,27,1,1,1.0,1.0,1.0,1.0,0.5,0.0,0.0,0.0,1.0,1.0,1.0,0.0,0.0,0.0,0.9318416403907654,35.060674157303374,1616.350070224719
tHIbyB2nXpI_60000,10.0,33,1,1,1.0,1.0,1.0,1.0,0.5,0.0,0.0,0.0,1.0,1.0,1.0,0.0,0.0,0.0,0.9318866910005664,35.585981308411206,1618.3800744742991
Nv74BP4VCGA_10000,10.0,33,1,1,1.0,0.9047619047619048,0.9500000000000001,0.9393939393939394,0.9523809523809523,0.09523809523809523,0.09523809523809523,0.0,1.0,1.0,1.0,0.0,0.0,0.0,0.931872875622981,35.02803738317756,1620.2649313668223
CECOdA4UVmI_0,10.0,33,1,2,1.0,0.9090909090909091,0.9523809523809523,0.9090909090909091,0.45454545454545453,0.09090909090909091,0.09090909090909091,0.0,0.0,0.0,0.0,2.999999999999999,0.9999999999999998,1.9999999999999996,0.9319076837032475,35.12523364485981,1614.5778329439252
rMAl4tPQtdg_130000,10.0,33,1,2,1.0,0.696969696969697,0.8214285714285715,0.696969696969697,0.3484848484848485,0.30303030303030304,0.30303030303030304,0.0,0.0,0.0,0.0,2.999999999999999,0.9999999999999998,1.9999999999999996,0.9318953822413512,35.39906542056074,1620.2649313668223
oQvwY6Mf0iI_40000,10.0,33,1,1,1.0,0.9696969696969697,0.9846153846153847,0.9696969696969697,0.48484848484848486,0.030303030303030304,0.030303030303030304,0.0,1.0,1.0,1.0,0.0,0.0,0.0,0.9318889833503969,35.311214953271026,1614.5787091121495
2CftbNXCF4A_12000,9.455125,31,2,2,0.8214285714285714,0.9583333333333334,0.8846153846153847,0.8064516129032258,0.6220238095238095,0.25,0.041666666666666664,0.20833333333333334,0.0,0.0,0.0,2.0,1.0,1.0,0.9351459790848116,35.23564356435643,1616.4578047648515
E8R5NUS56hM_19000,9.7135,32,1,4,1.0,0.875,0.9333333333333333,0.875,0.4375,0.125,0.125,0.0,0.0,0.0,0.0,4.999999999999999,0.9999999999999998,3.999999999999999,0.9321217787291503,35.27499999999999,1614.5724158653845
NUJuiMKbyhc_250000,10.00021875,33,1,1,1.0,0.9393939393939394,0.96875,0.9393939393939394,0.4696969696969697,0.06060606060606061,0.06060606060606061,0.0,1.0,1.0,1.0,0.0,0.0,0.0,0.931907464817625,35.58130841121494,1620.2644932827102
Ls4G-LtTDUY_20000,10.0,33,1,5,1.0,0.8484848484848485,0.9180327868852458,0.8484848484848485,0.42424242424242425,0.15151515151515152,0.15151515151515152,0.0,0.0,0.0,0.0,5.999999999999999,0.9999999999999998,4.999999999999999,0.9318558505100341,35.21588785046728,1616.4739705023364
1_3HW1jnI6w_30000,10.0,33,1,1,1.0,0.14285714285714285,0.25,0.14285714285714285,0.07142857142857142,0.8571428571428571,0.8571428571428571,0.0,0.0,0.0,0.0,1.9999999999999996,0.9999999999999998,0.9999999999999998,0.9318862330839404,35.22336448598131,1616.4735324182243
eqwWD5hK8So_60000,10.0,33,1,1,1.0,0.96,0.9795918367346939,0.9696969696969697,0.98,0.04,0.04,0.0,1.0,1.0,1.0,0.0,0.0,0.0,0.93187357232998,35.39813084112149,1618.3692318925234
_K527DTN324_30000,10.00065625,33,1,2,0.7142857142857143,0.9090909090909091,0.8,0.8484848484848485,0.8636363636363636,0.4545454545454546,0.09090909090909091,0.36363636363636365,0.5,1.0,0.6666666666666666,0.9999999999999998,0.0,0.9999999999999998,0.9319002415012494,35.49065420560746,1618.3805125584113
xmzoydqcZRw_30000,10.0,33,1,2,1.0,0.5294117647058824,0.6923076923076924,0.7575757575757576,0.7647058823529411,0.47058823529411764,0.47058823529411764,0.0,0.0,0.0,0.0,2.999999999999999,0.9999999999999998,1.9999999999999996,0.9318788980983618,34.935514018691585,1616.4735324182243
vZ0-e493IYw_110000,10.0,33,1,1,1.0,0.2727272727272727,0.42857142857142855,0.2727272727272727,0.13636363636363635,0.7272727272727273,0.7272727272727273,0.0,0.0,0.0,0.0,1.9999999999999996,0.9999999999999998,0.9999999999999998,0.9318908718168548,35.31121495327102,1618.3687938084113
Jc7T3JCmvQ8_50000,10.0,33,1,1,1.0,0.9696969696969697,0.9846153846153847,0.9696969696969697,0.48484848484848486,0.030303030303030304,0.030303030303030304,0.0,1.0,1.0,1.0,0.0,0.0,0.0,0.931855791640355,35.21682242990653,1618.3696699766356
hMSsrjgNiJU_60000,10.0,33,1,6,1.0,0.7575757575757576,0.8620689655172413,0.7575757575757576,0.3787878787878788,0.24242424242424243,0.24242424242424243,0.0,0.0,0.0,0.0,6.999999999999999,0.9999999999999998,5.999999999999999,0.9318953027779826,35.31401869158877,1616.4744085864486
Xkb_v_hVhh0_26000,9.9673125,33,1,2,1.0,0.8,0.888888888888889,0.8,0.4,0.2,0.2,0.0,0.5,1.0,0.6666666666666666,0.9999999999999998,0.0,0.9999999999999998,0.928823699417139,35.318691588785036,1616.4730943341121
Bx7QtucVmx8_25000,9.6441875,32,1,5,1.0,0.71875,0.8363636363636363,0.71875,0.359375,0.28125,0.28125,0.0,0.0,0.0,0.0,5.999999999999999,0.9999999999999998,4.999999999999999,0.9254260242288543,35.18173076923077,1620.2501878004807
NaOrIP2VXj8_20000,9.99978125,33,1,1,1.0,0.9696969696969697,0.9846153846153847,0.9696969696969697,0.48484848484848486,0.030303030303030304,0.030303030303030304,0.0,1.0,1.0,1.0,0.0,0.0,0.0,0.9318460900357627,35.40093457943925,1620.2649313668223
sTMNZdEh7ys_30000,10.0,33,1,6,1.0,0.21212121212121213,0.35,0.21212121212121213,0.10606060606060606,0.7878787878787878,0.7878787878787878,0.0,0.0,0.0,0.0,6.999999999999999,0.9999999999999998,5.999999999999999,0.9318809589874607,35.39906542056074,1616.4852511682243
YsJbLdCRN_E_5000,9.8335,32,1,2,1.0,0.9375,0.967741935483871,0.9375,0.46875,0.0625,0.0625,0.0,0.5,1.0,0.6666666666666666,0.9999999999999998,0.0,0.9999999999999998,0.9436375300539039,35.08557692307692,1618.3580603966345
sjzNMuMtcZY_320000,10.0,33,2,2,1.0,0.7272727272727273,0.8421052631578948,0.8181818181818182,0.8636363636363636,0.2727272727272727,0.2727272727272727,0.0,1.0,1.0,1.0,0.0,0.0,0.0,0.9318399742937782,35.49813084112149,1620.275773948598
KSikyKc_YSI_0,10.0,33,1,1,1.0,0.9333333333333333,0.9655172413793104,0.9393939393939394,0.9666666666666667,0.06666666666666667,0.06666666666666667,0.0,1.0,1.0,1.0,0.0,0.0,0.0,0.9318745647275485,35.49158878504673,1616.4739705023364
HcLqWMIWizQ_110000,10.0,33,1,3,0.8333333333333334,0.9090909090909091,0.8695652173913043,0.9090909090909091,0.9090909090909091,0.2727272727272727,0.09090909090909091,0.18181818181818182,0.3333333333333333,1.0,0.5,1.9999999999999996,0.0,1.9999999999999996,0.9318804565288644,35.30280373831775,1618.3692318925234
g3VLAyHEGJU_30000,10.000625,33,1,1,1.0,0.9696969696969697,0.9846153846153847,0.9696969696969697,0.48484848484848486,0.030303030303030304,0.030303030303030304,0.0,1.0,1.0,1.0,0.0,0.0,0.0,0.9319336682121643,35.12242990654205,1616.4735324182243
YhGMKTEg6c4_7000,9.927375,33,1,2,1.0,0.9375,0.967741935483871,0.9375,0.46875,0.0625,0.0625,0.0,0.0,0.0,0.0,2.999999999999999,0.9999999999999998,1.9999999999999996,0.9251354770686301,35.49626168224299,1618.3696699766356
GQ-c78uJEys_4000,9.2735,30,1,1,1.0,0.9666666666666667,0.983050847457627,0.9666666666666667,0.48333333333333334,0.03333333333333333,0.03333333333333333,0.0,1.0,1.0,1.0,0.0,0.0,0.0,0.9461877156647157,34.98061224489794,1614.5201291454082
FLOh_s6PM_M_30000,10.0,33,1,6,0.8,0.8421052631578947,0.8205128205128205,0.7741935483870968,0.7543859649122806,0.3684210526315789,0.15789473684210525,0.21052631578947367,0.0,0.0,0.0,6.999999999999999,0.9999999999999998,5.999999999999999,0.9319087764761077,35.20841121495326,1618.3692318925234
ehZG41kFrdQ_10000,10.00040625,33,1,1,1.0,0.9696969696969697,0.9846153846153847,0.9696969696969697,0.48484848484848486,0.030303030303030304,0.030303030303030304,0.0,1.0,1.0,1.0,0.0,0.0,0.0,0.9319121500517411,35.21401869158878,1616.4739705023364
YRmvd2WoKNM_30000,10.0,33,1,9,1.0,0.6363636363636364,0.7777777777777778,0.6363636363636364,0.3181818181818182,0.36363636363636365,0.36363636363636365,0.0,0.0,0.0,0.0,9.999999999999998,0.9999999999999998,8.999999999999998,0.9318597573464166,35.39906542056074,1616.4739705023364
6hTCWgO8FQ8_160000,10.0,33,3,2,1.0,0.76,0.8636363636363636,0.76,0.38,0.24,0.24,0.0,0.5,0.3333333333333333,0.4,1.0,0.6666666666666666,0.3333333333333333,0.9318785907700725,35.40280373831774,1616.5209915303737
MWn0gYXEquQ_430000,10.0,33,1,3,1.0,0.8787878787878788,0.9354838709677419,0.8787878787878788,0.4393939393939394,0.12121212121212122,0.12121212121212122,0.0,0.0,0.0,0.0,3.999999999999999,0.9999999999999998,2.9999999999999996,0.9318811224181716,35.31682242990653,1619.6270443925234
zf-EM00QYkI_360000,10.0,33,1,1,1.0,0.8636363636363636,0.9268292682926829,0.8928571428571429,0.9318181818181819,0.13636363636363635,0.13636363636363635,0.0,0.0,0.0,0.0,1.9999999999999996,0.9999999999999998,0.9999999999999998,0.9318479763331914,35.306542056074754,1617.740398656542
nYrS-DeZk3o_40000,10.0,33,1,1,1.0,0.9696969696969697,0.9846153846153847,0.9696969696969697,0.48484848484848486,0.030303030303030304,0.030303030303030304,0.0,1.0,1.0,1.0,0.0,0.0,0.0,0.9318596386406627,35.0252336448598,1619.8701080607477
qITnYSOz-TY_410000,10.0,33,1,3,1.0,0.9090909090909091,0.9523809523809523,0.9090909090909091,0.45454545454545453,0.09090909090909091,0.09090909090909091,0.0,0.0,0.0,0.0,3.999999999999999,0.9999999999999998,2.9999999999999996,0.9318795531328925,35.225233644859806,1616.0782710280373
_ySqEhyZ-ZE_50000,10.0,33,1,1,1.0,0.9090909090909091,0.9523809523809523,0.9583333333333334,0.9545454545454546,0.09090909090909091,0.09090909090909091,0.0,1.0,1.0,1.0,0.0,0.0,0.0,0.9318640308394088,35.403738317756996,1619.8692318925234
qso_q5QMUp8_0,4.2735,14,1,2,1.0,0.8571428571428571,0.923076923076923,0.8571428571428571,0.42857142857142855,0.14285714285714285,0.14285714285714285,0.0,0.0,0.0,0.0,2.999999999999999,0.9999999999999998,1.9999999999999996,0.8826873507084984,32.75102040816327,1617.5216039540817
qM4htNJL-iw_140000,10.0,33,1,1,1.0,0.9696969696969697,0.9846153846153847,0.9696969696969697,0.48484848484848486,0.030303030303030304,0.030303030303030304,0.0,1.0,1.0,1.0,0.0,0.0,0.0,0.9318839372648848,35.403738317757,1616.0782710280373
z6yJVF0iKLk_30000,10.0,33,1,1,1.0,0.9393939393939394,0.96875,0.9393939393939394,0.4696969696969697,0.06060606060606061,0.06060606060606061,0.0,1.0,1.0,1.0,0.0,0.0,0.0,0.9318858902356525,35.12056074766353,1619.8692318925234
M6pNhJoaPqY_10000,10.0,33,1,3,0.5789473684210527,0.8461538461538461,0.6875,0.696969696969697,0.7230769230769231,0.7692307692307693,0.15384615384615385,0.6153846153846154,0.3333333333333333,1.0,0.5,1.9999999999999996,0.0,1.9999999999999996,0.9318863210530306,35.688785046728974,1617.9744085864486
MLFfE90Av2Q_30000,10.0,33,1,1,1.0,0.9696969696969697,0.9846153846153847,0.9696969696969697,0.48484848484848486,0.030303030303030304,0.030303030303030304,0.0,1.0,1.0,1.0,0.0,0.0,0.0,0.9318714090964167,35.403738317756996,1616.0787091121495
yAXvUPPYnpk_30000,10.0,33,1,7,1.0,0.5757575757575758,0.7307692307692308,0.5757575757575758,0.2878787878787879,0.42424242424242425,0.42424242424242425,0.0,0.0,0.0,0.0,7.999999999999998,0.9999999999999998,6.999999999999998,0.9319042096444358,35.219626168224295,1617.9735324182243
DvPrd5WqgAw_30000,10.0,33,1,4,1.0,0.8181818181818182,0.9,0.8181818181818182,0.4090909090909091,0.18181818181818182,0.18181818181818182,0.0,0.0,0.0,0.0,4.999999999999999,0.9999999999999998,3.999999999999999,0.93183528058178,35.40654205607476,1619.8696699766356
JFhh9kbPYWg_20000,10.0,33,2,2,1.0,0.5833333333333334,0.7368421052631579,0.8484848484848485,0.7916666666666667,0.4166666666666667,0.4166666666666667,0.0,0.0,0.0,0.0,2.0,1.0,1.0,0.9318908735557312,35.12710280373831,1617.9735324182243
HpRZXnx-ckk_30000,10.0,33,1,3,1.0,0.9090909090909091,0.9523809523809523,0.9090909090909091,0.45454545454545453,0.09090909090909091,0.09090909090909091,0.0,0.0,0.0,0.0,3.999999999999999,0.9999999999999998,2.9999999999999996,0.9318971124989028,35.11588785046729,1619.8692318925234
iT9dFpbqj-s_26000,9.3135,31,2,8,0.5,0.5384615384615384,0.5185185185185186,0.5666666666666667,0.5633484162895928,1.0,0.46153846153846156,0.5384615384615384,0.125,0.5,0.2,4.0,0.5,3.5,0.9211185995333762,35.23366336633662,1617.9578047648515
yAOcuPlIBwI_15000,9.055875,30,2,1,1.0,1.0,1.0,1.0,0.5,0.0,0.0,0.0,1.0,0.5,0.6666666666666666,0.5,0.5,0.0,0.9239453549231831,35.407142857142844,1616.020487882653
jO-PZRnY04A_22000,9.3735,31,1,2,1.0,0.967741935483871,0.9836065573770492,0.967741935483871,0.4838709677419355,0.03225806451612903,0.03225806451612903,0.0,0.0,0.0,0.0,2.999999999999999,0.9999999999999998,1.9999999999999996,0.9270495285835425,35.14059405940593,1619.8470761138615
HEz2dGGxIjo_30000,10.0,33,1,1,1.0,0.9696969696969697,0.9846153846153847,0.9696969696969697,0.48484848484848486,0.030303030303030304,0.030303030303030304,0.0,1.0,1.0,1.0,0.0,0.0,0.0,0.9318734635228328,35.207476635514006,1617.9730943341121
BJHrEjlb5S8_30000,10.0,33,1,2,1.0,0.6521739130434783,0.7894736842105263,0.6521739130434783,0.32608695652173914,0.34782608695652173,0.34782608695652173,0.0,0.0,0.0,0.0,2.999999999999999,0.9999999999999998,1.9999999999999996,0.9318979415099425,35.028971962616815,1621.7649313668223
TOOb8eBP_uI_40000,10.0,33,2,1,1.0,0.9696969696969697,0.9846153846153847,0.9696969696969697,0.48484848484848486,0.030303030303030304,0.030303030303030304,0.0,0.0,0.0,0.0,1.5,1.0,0.5,0.9319071027917908,35.12056074766353,1616.0782710280373
TKwdUSD8Mdo_10000,10.0,33,1,4,1.0,0.7575757575757576,0.8620689655172413,0.7575757575757576,0.3787878787878788,0.24242424242424243,0.24242424242424243,0.0,0.0,0.0,0.0,4.999999999999999,0.9999999999999998,3.999999999999999,0.9318914720733199,34.93364485981307,1619.8687938084113
CM5M4o3prqg_0,10.0,33,1,2,1.0,0.6060606060606061,0.7547169811320755,0.6060606060606061,0.30303030303030304,0.3939393939393939,0.3939393939393939,0.0,0.0,0.0,0.0,2.999999999999999,0.9999999999999998,1.9999999999999996,0.9318942249739786,34.92242990654205,1621.775335864486
XAA2Mjl0LF8_100000,10.00003125,33,1,3,1.0,0.30303030303030304,0.4651162790697675,0.30303030303030304,0.15151515151515152,0.696969696969697,0.696969696969697,0.0,0.0,0.0,0.0,3.999999999999999,0.9999999999999998,2.9999999999999996,0.9318780425036776,35.12429906542055,1619.8687938084113
uiE2EnEZKQE_10000,9.99996875,33,1,4,0.7272727272727273,1.0,0.8421052631578948,0.8636363636363636,0.8928571428571428,0.375,0.0,0.375,0.25,1.0,0.4,2.9999999999999996,0.0,2.9999999999999996,0.9318898199855865,35.40093457943924,1619.8687938084113
DkTL9fT7k-A_30000,10.0,33,2,5,1.0,0.7083333333333334,0.8292682926829268,0.7878787878787878,0.8541666666666667,0.2916666666666667,0.2916666666666667,0.0,0.2,0.5,0.28571428571428575,2.5,0.5,2.0,0.9319035856635587,35.31028037383176,1621.775335864486
lLR5A0A3730_30000,10.0001875,33,1,4,1.0,0.8484848484848485,0.9180327868852458,0.8484848484848485,0.42424242424242425,0.15151515151515152,0.15151515151515152,0.0,0.0,0.0,0.0,4.999999999999999,0.9999999999999998,3.999999999999999,0.9319019955821344,35.400934579439244,1619.8879234813085
LYUsROGVU2Y_10000,10.0,33,1,4,1.0,0.8484848484848485,0.9180327868852458,0.8484848484848485,0.42424242424242425,0.15151515151515152,0.15151515151515152,0.0,0.0,0.0,0.0,4.999999999999999,0.9999999999999998,3.999999999999999,0.9318898991844501,35.31401869158878,1618.4739705023364
DSOadme3cM8_40000,9.99984375,33,1,1,0.9285714285714286,1.0,0.962962962962963,0.9285714285714286,0.5,0.07692307692307693,0.0,0.07692307692307693,1.0,1.0,1.0,0.0,0.0,0.0,0.9318444651933966,35.50093457943924,1618.4735324182243
04xrg4ZEU-A_10000,10.0,33,1,1,1.0,1.0,1.0,1.0,0.5,0.0,0.0,0.0,1.0,1.0,1.0,0.0,0.0,0.0,0.931893700618397,35.406542056074755,1620.4529059579438
08bVSqAKJiM_60000,10.0,33,1,1,1.0,0.9696969696969697,0.9846153846153847,0.9696969696969697,0.48484848484848486,0.030303030303030304,0.030303030303030304,0.0,1.0,1.0,1.0,0.0,0.0,0.0,0.9318952870622327,35.21495327102803,1622.6192318925234
Hpnja1gcKN0_30000,10.0,33,1,1,1.0,0.9696969696969697,0.9846153846153847,0.9696969696969697,0.48484848484848486,0.030303030303030304,0.030303030303030304,0.0,1.0,1.0,1.0,0.0,0.0,0.0,0.9318736660286944,35.4056074766355,1620.7235324182243
EV2gbcbIb4k_28000,9.4535,31,1,2,1.0,0.7419354838709677,0.8518518518518519,0.7419354838709677,0.3709677419354839,0.25806451612903225,0.25806451612903225,0.0,0.0,0.0,0.0,2.999999999999999,0.9999999999999998,1.9999999999999996,0.9349544180618418,34.84455445544554,1622.597114789604
AfeKfXgRpm4_21000,9.046625,30,1,1,1.0,0.9444444444444444,0.9714285714285714,0.9629629629629629,0.9722222222222222,0.05555555555555555,0.05555555555555555,0.0,1.0,1.0,1.0,0.0,0.0,0.0,0.9230374861552708,35.40204081632652,1620.779575892857
rJIP-7lpiro_6000,9.4180625,31,1,1,1.0,1.0,1.0,1.0,0.5,0.0,0.0,0.0,1.0,1.0,1.0,0.0,0.0,0.0,0.9314543217899725,35.238613861386135,1624.6000928217823
RQHO4oyUfvU_0,10.0,33,1,1,1.0,0.9696969696969697,0.9846153846153847,0.9696969696969697,0.48484848484848486,0.030303030303030304,0.030303030303030304,0.0,1.0,1.0,1.0,0.0,0.0,0.0,0.9318679770744183,35.40280373831774,1626.5183995327102
82WY3z3vTTM_30000,10.0,33,1,1,1.0,0.9696969696969697,0.9846153846153847,0.9696969696969697,0.48484848484848486,0.030303030303030304,0.030303030303030304,0.0,1.0,1.0,1.0,0.0,0.0,0.0,0.9318917793191176,35.21121495327102,1622.7274386682243
rhUfN81puDI_0,10.0,33,1,2,1.0,0.8787878787878788,0.9354838709677419,0.8787878787878788,0.4393939393939394,0.12121212121212122,0.12121212121212122,0.0,0.0,0.0,0.0,2.999999999999999,0.9999999999999998,1.9999999999999996,0.9318647106003077,35.030841121495314,1624.6222619742991
-Y1qiiugnk8_30000,10.0,33,1,2,1.0,0.8787878787878788,0.9354838709677419,0.8787878787878788,0.4393939393939394,0.12121212121212122,0.12121212121212122,0.0,0.5,1.0,0.6666666666666666,0.9999999999999998,0.0,0.9999999999999998,0.9318599739131,35.21775700934578,1626.5183995327102
2Vjn-3LY-2o_250000,10.0,33,1,1,1.0,0.5,0.6666666666666666,0.9393939393939394,0.75,0.5,0.5,0.0,1.0,1.0,1.0,0.0,0.0,0.0,0.9318763754091953,35.31775700934578,1622.7270005841121
VRLupXn0wZY_0,10.0,33,1,1,1.0,0.9393939393939394,0.96875,0.9393939393939394,0.4696969696969697,0.06060606060606061,0.06060606060606061,0.0,1.0,1.0,1.0,0.0,0.0,0.0,0.9318905777699208,34.93364485981307,1626.517523364486
4yub23Xuzos_150000,10.00021875,33,2,3,1.0,0.875,0.9333333333333333,0.8787878787878788,0.9374999999999999,0.125,0.125,0.0,0.3333333333333333,0.5,0.4,1.5,0.5,1.0,0.9318929905277128,34.93177570093457,1626.5192757009345
2A0s2knQdqw_30000,10.0,33,1,1,1.0,0.7777777777777778,0.8750000000000001,0.9285714285714286,0.8888888888888888,0.2222222222222222,0.2222222222222222,0.0,1.0,1.0,1.0,0.0,0.0,0.0,0.9318802317032956,35.12990654205606,1620.8326153621495
UHt-oSVZehs_90000,10.0,33,1,1,1.0,0.9696969696969697,0.9846153846153847,0.9696969696969697,0.48484848484848486,0.030303030303030304,0.030303030303030304,0.0,1.0,1.0,1.0,0.0,0.0,0.0,0.9318719316021775,35.40467289719626,1622.7278767523364
lAC8te4sjHM_10000,10.0,33,1,1,1.0,1.0,1.0,1.0,0.5,0.0,0.0,0.0,1.0,1.0,1.0,0.0,0.0,0.0,0.9318663915980124,35.30747663551402,1622.7278767523364
5XkYYom37u0_7000,9.23075,30,1,1,1.0,0.9666666666666667,0.983050847457627,0.9666666666666667,0.48333333333333334,0.03333333333333333,0.03333333333333333,0.0,1.0,1.0,1.0,0.0,0.0,0.0,0.9418379669969599,34.78673469387755,1622.6420200892858
f172okjpnsI_30000,10.0,33,1,1,1.0,0.9696969696969697,0.9846153846153847,0.9696969696969697,0.48484848484848486,0.030303030303030304,0.030303030303030304,0.0,1.0,1.0,1.0,0.0,0.0,0.0,0.9319021844317558,35.313084112149525,1622.7283148364486
XTM9lxgiliA_40000,10.0,33,1,4,1.0,0.8787878787878788,0.9354838709677419,0.8787878787878788,0.4393939393939394,0.12121212121212122,0.12121212121212122,0.0,0.25,1.0,0.4,2.9999999999999996,0.0,2.9999999999999996,0.9318705411409907,35.311214953271026,1622.7274386682243
fQ8qxxDnwTc_30000,10.0,33,1,2,1.0,0.9393939393939394,0.96875,0.9393939393939394,0.4696969696969697,0.06060606060606061,0.06060606060606061,0.0,0.0,0.0,0.0,2.999999999999999,0.9999999999999998,1.9999999999999996,0.9318693748217988,35.398130841121485,1624.6227000584113
De4XiKi35xg_90000,10.00059375,33,1,2,0.875,0.875,0.875,0.9393939393939394,0.9175,0.25,0.125,0.125,0.5,1.0,0.6666666666666666,0.9999999999999998,0.0,0.9999999999999998,0.9319459000881937,35.21682242990653,1624.6222619742991
wZTAfhXcgTM_30000,10.0,33,1,4,0.6666666666666666,0.9411764705882353,0.7804878048780487,0.6896551724137931,0.6372549019607843,0.5294117647058824,0.058823529411764705,0.47058823529411764,0.25,1.0,0.4,2.9999999999999996,0.0,2.9999999999999996,0.9318844704756047,35.12242990654204,1626.517961448598
sNhegjXNT5w_30000,10.0,33,1,4,1.0,0.8181818181818182,0.9,0.8181818181818182,0.4090909090909091,0.18181818181818182,0.18181818181818182,0.0,0.0,0.0,0.0,4.999999999999999,0.9999999999999998,3.999999999999999,0.9318906824107959,35.03738317757009,1624.6510294976636
_GQ2aiDkTuQ_180000,10.0,33,2,4,0.8947368421052632,0.8947368421052632,0.8947368421052632,0.8518518518518519,0.8223684210526316,0.21052631578947367,0.10526315789473684,0.10526315789473684,0.25,0.5,0.3333333333333333,2.0,0.5,1.5,0.931888222535032,35.219626168224295,1625.3805125584113
9weq6Y1T6Ks_30000,10.0,33,1,2,1.0,0.8387096774193549,0.9122807017543859,0.8484848484848485,0.9193548387096775,0.16129032258064516,0.16129032258064516,0.0,0.5,1.0,0.6666666666666666,0.9999999999999998,0.0,0.9999999999999998,0.931888878623971,35.21775700934579,1625.3696699766356
7bm9ax5BOUs_0,10.0,33,1,5,1.0,0.6666666666666666,0.8,0.6666666666666666,0.3333333333333333,0.3333333333333333,0.3333333333333333,0.0,0.0,0.0,0.0,5.999999999999999,0.9999999999999998,4.999999999999999,0.9318930974979891,35.403738317757,1623.4852511682243
ZwfFTYNrrlg_190000,10.0,33,1,1,1.0,0.9696969696969697,0.9846153846153847,0.9696969696969697,0.48484848484848486,0.030303030303030304,0.030303030303030304,0.0,1.0,1.0,1.0,0.0,0.0,0.0,0.9318807174000552,35.400934579439244,1623.5480067172898
18CkY6gw8Vk_30000,10.0,33,1,1,1.0,1.0,1.0,1.0,0.5,0.0,0.0,0.0,1.0,1.0,1.0,0.0,0.0,0.0,0.931871453122525,35.30654205607475,1629.2683995327102
32PSKhxglmk_10000,10.0,33,1,1,1.0,0.9696969696969697,0.9846153846153847,0.9696969696969697,0.48484848484848486,0.030303030303030304,0.030303030303030304,0.0,1.0,1.0,1.0,0.0,0.0,0.0,0.9318845367339765,35.395327102803726,1625.4778767523364
NGIwHTuX9HA_30000,10.0,33,1,1,1.0,0.9696969696969697,0.9846153846153847,0.9696969696969697,0.48484848484848486,0.030303030303030304,0.030303030303030304,0.0,1.0,1.0,1.0,0.0,0.0,0.0,0.9318713330237595,35.213084112149524,1627.3731381425234
YzPibgWZM1o_16000,10.0,33,1,2,1.0,0.96875,0.9841269841269841,0.96875,0.484375,0.03125,0.03125,0.0,0.5,1.0,0.6666666666666666,0.9999999999999998,0.0,0.9999999999999998,0.9318612255750732,35.20934579439252,1625.4770005841121
YTIsfJGTfc0_30000,10.0,33,1,7,1.0,0.5454545454545454,0.7058823529411764,0.5454545454545454,0.2727272727272727,0.45454545454545453,0.45454545454545453,0.0,0.0,0.0,0.0,7.999999999999998,0.9999999999999998,6.999999999999998,0.9318973967383145,35.39626168224298,1629.2692757009345
YmLfWgAYTpw_30000,10.0,33,1,1,1.0,0.9696969696969697,0.9846153846153847,0.9696969696969697,0.48484848484848486,0.030303030303030304,0.030303030303030304,0.0,1.0,1.0,1.0,0.0,0.0,0.0,0.9319027147061815,35.03644859813083,1623.5821772780373
5CbrN_n-YFI_50000,10.0,33,1,1,1.0,0.9696969696969697,0.9846153846153847,0.9696969696969697,0.48484848484848486,0.030303030303030304,0.030303030303030304,0.0,1.0,1.0,1.0,0.0,0.0,0.0,0.9318835619412346,35.21121495327102,1627.3727000584113
N8D7g-u1YQ4_30000,9.99978125,33,1,3,1.0,0.8181818181818182,0.9,0.8181818181818182,0.4090909090909091,0.18181818181818182,0.18181818181818182,0.0,0.3333333333333333,1.0,0.5,1.9999999999999996,0.0,1.9999999999999996,0.9318543731830229,35.40093457943925,1627.3740143107477
fKnhL9H-jFA_80000,10.0,33,1,1,1.0,0.9583333333333334,0.9787234042553191,0.9696969696969697,0.9791666666666667,0.041666666666666664,0.041666666666666664,0.0,1.0,1.0,1.0,0.0,0.0,0.0,0.9318889721488436,35.30934579439251,1623.5821772780373
Mq5E-QFE2Sg_200000,10.0,33,2,2,1.0,0.92,0.9583333333333334,0.9393939393939394,0.96,0.08,0.08,0.0,1.0,1.0,1.0,0.0,0.0,0.0,0.931888797250978,35.21495327102803,1627.3727000584113
HNLuV_SiyCA_30000,9.9999375,33,1,3,1.0,0.8787878787878788,0.9354838709677419,0.8787878787878788,0.4393939393939394,0.12121212121212122,0.12121212121212122,0.0,0.3333333333333333,1.0,0.5,1.9999999999999996,0.0,1.9999999999999996,0.9318809883675988,35.68037383177569,1627.3731381425234
YHzyj3erbQs_100000,10.0,33,1,2,1.0,0.48484848484848486,0.653061224489796,0.48484848484848486,0.24242424242424243,0.5151515151515151,0.5151515151515151,0.0,0.0,0.0,0.0,2.999999999999999,0.9999999999999998,1.9999999999999996,0.9318930598086763,35.22056074766355,1625.4783148364486
OQg2pSx_e5M_30000,10.0,33,2,1,1.0,0.9696969696969697,0.9846153846153847,0.9696969696969697,0.48484848484848486,0.030303030303030304,0.030303030303030304,0.0,0.0,0.0,0.0,1.5,1.0,0.5,0.9318573976626559,35.22242990654206,1625.4778767523364
Tyc1AOIw-DY_80000,10.0,33,1,1,1.0,0.9166666666666666,0.9565217391304348,0.9166666666666666,0.4583333333333333,0.08333333333333333,0.08333333333333333,0.0,1.0,1.0,1.0,0.0,0.0,0.0,0.9318738347592151,34.94018691588784,1625.4778767523364
m4FXx4DA6CM_30000,10.0,33,1,2,0.6842105263157895,0.9285714285714286,0.7878787878787878,0.78125,0.7976190476190477,0.5,0.07142857142857142,0.42857142857142855,0.5,1.0,0.6666666666666666,0.9999999999999998,0.0,0.9999999999999998,0.9318907990418515,35.5018691588785,1625.4778767523364
h1rVVtKEzZc_30000,10.0,33,1,3,1.0,0.6666666666666666,0.8,0.6666666666666666,0.3333333333333333,0.3333333333333333,0.3333333333333333,0.0,0.3333333333333333,1.0,0.5,1.9999999999999996,0.0,1.9999999999999996,0.9318837856411907,35.12803738317756,1627.3735762266356
moUteo4bK1U_200000,10.0,33,1,1,1.0,0.96,0.9795918367346939,0.9696969696969697,0.98,0.04,0.04,0.0,1.0,1.0,1.0,0.0,0.0,0.0,0.9318700434753248,35.31121495327102,1623.5826153621495
dN_dKaheFdk_70000,10.0,33,1,2,1.0,0.9696969696969697,0.9846153846153847,0.9696969696969697,0.48484848484848486,0.030303030303030304,0.030303030303030304,0.0,0.0,0.0,0.0,2.999999999999999,0.9999999999999998,1.9999999999999996,0.931881457625192,35.58130841121494,1625.4770005841121
VxzXykLTIZQ_150000,10.0,33,1,1,1.0,0.9696969696969697,0.9846153846153847,0.9696969696969697,0.48484848484848486,0.030303030303030304,0.030303030303030304,0.0,1.0,1.0,1.0,0.0,0.0,0.0,0.931883247664587,35.02523364485981,1629.2683995327102
xIbjuYxXiAU_60000,10.0,33,1,4,1.0,0.8666666666666667,0.9285714285714286,0.8787878787878788,0.9333333333333333,0.13333333333333333,0.13333333333333333,0.0,0.0,0.0,0.0,4.999999999999999,0.9999999999999998,3.999999999999999,0.9318934122968804,35.210280373831765,1625.4778767523364
ZZR4WZbwxMg_30000,10.0,33,1,1,1.0,0.9696969696969697,0.9846153846153847,0.9696969696969697,0.48484848484848486,0.030303030303030304,0.030303030303030304,0.0,1.0,1.0,1.0,0.0,0.0,0.0,0.9318994143730114,35.03364485981308,1627.3727000584113
KrbShwiIUso_100000,10.0,33,2,3,1.0,0.8484848484848485,0.9180327868852458,0.8484848484848485,0.42424242424242425,0.15151515151515152,0.15151515151515152,0.0,0.3333333333333333,0.5,0.4,1.5,0.5,1.0,0.9318807096662678,35.29626168224299,1627.3727000584113
BDTlaUbJcrI_30000,10.0,33,1,1,1.0,0.9696969696969697,0.9846153846153847,0.9696969696969697,0.48484848484848486,0.030303030303030304,0.030303030303030304,0.0,1.0,1.0,1.0,0.0,0.0,0.0,0.9318593206448528,35.307476635514014,1627.3735762266356
XspazHCZqIk_30000,10.0,33,1,1,1.0,0.9696969696969697,0.9846153846153847,0.9696969696969697,0.48484848484848486,0.030303030303030304,0.030303030303030304,0.0,1.0,1.0,1.0,0.0,0.0,0.0,0.9318942174219438,35.40467289719626,1623.5826153621495
bpE5TnlOK7o_20000,10.0,33,1,2,1.0,0.8787878787878788,0.9354838709677419,0.8787878787878788,0.4393939393939394,0.12121212121212122,0.12121212121212122,0.0,0.0,0.0,0.0,2.999999999999999,0.9999999999999998,1.9999999999999996,0.9319076894306254,34.84299065420559,1627.3731381425234
EFuP4SQEiW4_150000,10.0,33,1,3,1.0,0.7777777777777778,0.8750000000000001,0.8181818181818182,0.8888888888888888,0.2222222222222222,0.2222222222222222,0.0,0.0,0.0,0.0,3.999999999999999,0.9999999999999998,2.9999999999999996,0.9318967270042169,35.30654205607475,1625.4787529205607
iEY2uNZDF5s_21000,9.5735,31,1,1,0.9473684210526315,1.0,0.972972972972973,0.9629629629629629,0.9444444444444444,0.05555555555555555,0.0,0.05555555555555555,1.0,1.0,1.0,0.0,0.0,0.0,0.9468564910589023,35.13861386138613,1623.5710473391089
BOyyLzPvdCE_0,10.0,33,1,1,1.0,0.9393939393939394,0.96875,0.9393939393939394,0.4696969696969697,0.06060606060606061,0.06060606060606061,0.0,1.0,1.0,1.0,0.0,0.0,0.0,0.9318935929337927,35.123364485981305,1629.267961448598
CFgPkyfs77g_270000,10.0,33,2,4,1.0,0.68,0.8095238095238095,0.7037037037037037,0.8400000000000001,0.32,0.32,0.0,0.25,0.5,0.3333333333333333,2.0,0.5,1.5,0.9318872373165665,35.30654205607476,1627.3727000584113
tbx4oeeqcTQ_10000,10.0,33,1,6,1.0,0.696969696969697,0.8214285714285715,0.696969696969697,0.3484848484848485,0.30303030303030304,0.30303030303030304,0.0,0.0,0.0,0.0,6.999999999999999,0.9999999999999998,5.999999999999999,0.931876110375352,35.12242990654205,1627.3731381425234
cOhH369x8mA_100000,9.99984375,33,1,1,1.0,0.9696969696969697,0.9846153846153847,0.9696969696969697,0.48484848484848486,0.030303030303030304,0.030303030303030304,0.0,1.0,1.0,1.0,0.0,0.0,0.0,0.9318250694888615,35.026168224299056,1625.4783148364486
pzaLqsvD5oQ_4000,9.7935,32,1,5,1.0,0.5517241379310345,0.7111111111111111,0.5517241379310345,0.27586206896551724,0.4482758620689655,0.4482758620689655,0.0,0.0,0.0,0.0,5.999999999999999,0.9999999999999998,4.999999999999999,0.939788911654449,34.99134615384614,1623.5767728365386
dgMTijqN77o_30000,10.000625,33,1,1,1.0,0.9696969696969697,0.9846153846153847,0.9696969696969697,0.48484848484848486,0.030303030303030304,0.030303030303030304,0.0,1.0,1.0,1.0,0.0,0.0,0.0,0.931945177521139,35.21401869158878,1627.3722619742991
SllQ8m6NjBs_120000,9.99890625,33,1,1,1.0,0.8787878787878788,0.9354838709677419,0.8787878787878788,0.4393939393939394,0.12121212121212122,0.12121212121212122,0.0,0.0,0.0,0.0,1.9999999999999996,0.9999999999999998,0.9999999999999998,0.9317820306949629,35.3056074766355,1629.267961448598
DRAE6T2bL5g_30000,10.0,33,2,3,1.0,0.9090909090909091,0.9523809523809523,0.9090909090909091,0.45454545454545453,0.09090909090909091,0.09090909090909091,0.0,0.3333333333333333,0.5,0.4,1.5,0.5,1.0,0.9318789868495524,35.22242990654205,1627.3727000584113
Vg8p4AvhtOk_0,8.05734375,26,1,2,0.3333333333333333,0.5,0.4,0.8846153846153846,0.7083333333333333,1.5,0.5,1.0,0.5,1.0,0.6666666666666666,0.9999999999999998,0.0,0.9999999999999998,0.9411642859630961,34.658139534883716,1627.1899981831396
yRerbUJtA6U_30000,10.0,33,2,4,1.0,0.9032258064516129,0.9491525423728813,0.90625,0.9516129032258063,0.0967741935483871,0.0967741935483871,0.0,0.25,0.5,0.3333333333333333,2.0,0.5,1.5,0.9318544710448362,35.49065420560747,1623.5817391939252
rhvKWITLHis_0,10.0,33,1,1,1.0,0.9696969696969697,0.9846153846153847,0.9696969696969697,0.48484848484848486,0.030303030303030304,0.030303030303030304,0.0,1.0,1.0,1.0,0.0,0.0,0.0,0.9318869675856617,35.11495327102802,1629.267961448598
FAl7hlrQZj4_14000,10.0,33,1,5,1.0,0.78125,0.8771929824561403,0.78125,0.390625,0.21875,0.21875,0.0,0.0,0.0,0.0,5.999999999999999,0.9999999999999998,4.999999999999999,0.9318405552074713,35.31121495327102,1627.3722619742991
FM-9uXZjsZU_40000,10.0,33,1,5,1.0,0.7878787878787878,0.8813559322033898,0.7878787878787878,0.3939393939393939,0.21212121212121213,0.21212121212121213,0.0,0.0,0.0,0.0,5.999999999999999,0.9999999999999998,4.999999999999999,0.931871952791345,35.028971962616815,1629.2688376168223
VwfEocRpHaI_30000,10.0,33,2,3,1.0,0.9393939393939394,0.96875,0.9393939393939394,0.4696969696969697,0.06060606060606061,0.06060606060606061,0.0,0.0,0.0,0.0,2.5,1.0,1.5,0.9318872618072366,35.214018691588784,1623.5821772780373
HRbY9RGGAG8_30000,10.0,33,1,2,1.0,0.9393939393939394,0.96875,0.9393939393939394,0.4696969696969697,0.06060606060606061,0.06060606060606061,0.0,0.0,0.0,0.0,2.999999999999999,0.9999999999999998,1.9999999999999996,0.9318799759528436,35.68598130841119,1627.3735762266356
FBUX4UcgZEM_30000,10.0,33,1,1,1.0,0.9696969696969697,0.9846153846153847,0.9696969696969697,0.48484848484848486,0.030303030303030304,0.030303030303030304,0.0,1.0,1.0,1.0,0.0,0.0,0.0,0.9318854364900351,35.12429906542055,1625.4891574182243
6ToMJ5a7qyY_14000,9.8236875,32,1,1,1.0,0.96875,0.9841269841269841,0.96875,0.484375,0.03125,0.03125,0.0,1.0,1.0,1.0,0.0,0.0,0.0,0.9426861744113589,35.08076923076922,1625.4702524038462
R3uRcG9ErWU_5000,9.95365625,33,1,1,1.0,0.9696969696969697,0.9846153846153847,0.9696969696969697,0.48484848484848486,0.030303030303030304,0.030303030303030304,0.0,1.0,1.0,1.0,0.0,0.0,0.0,0.9275496816863589,35.40373831775701,1625.4774386682243
U9zpDqBcwzo_19000,9.37425,31,1,2,1.0,1.0,1.0,1.0,0.5,0.0,0.0,0.0,0.5,1.0,0.6666666666666666,0.9999999999999998,0.0,0.9999999999999998,0.9271487008415024,35.33861386138613,1627.351021039604
Zx2QOp0urTE_8000,9.7135,32,1,2,1.0,0.9375,0.967741935483871,0.9375,0.46875,0.0625,0.0625,0.0,0.5,1.0,0.6666666666666666,0.9999999999999998,0.0,0.9999999999999998,0.9321186618407836,35.08653846153845,1625.470703125
iIYEeiW9pNM_70000,10.0,33,1,3,1.0,0.7878787878787878,0.8813559322033898,0.7878787878787878,0.3939393939393939,0.21212121212121213,0.21212121212121213,0.0,0.0,0.0,0.0,3.999999999999999,0.9999999999999998,2.9999999999999996,0.9318882842749059,35.30841121495327,1623.5821772780373
4qBXePjpr_Q_370000,10.0,33,1,4,1.0,0.45454545454545453,0.625,0.45454545454545453,0.22727272727272727,0.5454545454545454,0.5454545454545454,0.0,0.0,0.0,0.0,4.999999999999999,0.9999999999999998,3.999999999999999,0.9318913695957555,35.398130841121485,1627.3727000584113
H7ZugYM2-gM_0,10.0,33,1,4,1.0,0.8484848484848485,0.9180327868852458,0.8484848484848485,0.42424242424242425,0.15151515151515152,0.15151515151515152,0.0,0.0,0.0,0.0,4.999999999999999,0.9999999999999998,3.999999999999999,0.9318624003908068,35.31028037383176,1627.3731381425234
3vBu3hZCzSM_0,10.0,33,1,1,1.0,0.9696969696969697,0.9846153846153847,0.9696969696969697,0.48484848484848486,0.030303030303030304,0.030303030303030304,0.0,1.0,1.0,1.0,0.0,0.0,0.0,0.931878790680025,35.12429906542055,1625.4770005841121
5EtOL1qJx4s_20000,10.0,33,1,1,1.0,0.9696969696969697,0.9846153846153847,0.9696969696969697,0.48484848484848486,0.030303030303030304,0.030303030303030304,0.0,1.0,1.0,1.0,0.0,0.0,0.0,0.931869903749733,34.84018691588784,1629.2688376168223
YoGfsvQOEWc_0,8.45209375,28,1,2,1.0,0.6363636363636364,0.7777777777777778,0.6363636363636364,0.3181818181818182,0.36363636363636365,0.36363636363636365,0.0,0.5,1.0,0.6666666666666666,0.9999999999999998,0.0,0.9999999999999998,0.9205508440143532,34.680434782608685,1627.2367102581522
FZLnBJ7vnHY_10000,10.0,33,1,1,1.0,0.9696969696969697,0.9846153846153847,0.9696969696969697,0.48484848484848486,0.030303030303030304,0.030303030303030304,0.0,1.0,1.0,1.0,0.0,0.0,0.0,0.9318637993295025,35.02429906542055,1627.3848568925234
10R2yQUbKzc_30000,10.0,33,1,4,0.7142857142857143,0.35714285714285715,0.4761904761904762,0.6666666666666666,0.6259398496240601,0.7857142857142858,0.6428571428571429,0.14285714285714285,0.0,0.0,0.0,4.999999999999999,0.9999999999999998,3.999999999999999,0.9318792333897127,35.0252336448598,1625.4770005841121
Abpo_nDpLPk_30000,10.0,33,1,3,0.4,0.6666666666666666,0.5,0.4666666666666667,0.5,1.3333333333333333,0.3333333333333333,1.0,0.3333333333333333,1.0,0.5,1.9999999999999996,0.0,1.9999999999999996,0.931903211628273,35.02897196261681,1629.2692757009345
RDHd5pDWJMc_30000,10.0,33,1,3,1.0,0.7575757575757576,0.8620689655172413,0.7575757575757576,0.3787878787878788,0.24242424242424243,0.24242424242424243,0.0,0.0,0.0,0.0,3.999999999999999,0.9999999999999998,2.9999999999999996,0.9318547806115154,34.84859813084112,1623.5817391939252
h97pKUkOAiU_6000,9.9735,33,1,3,1.0,0.90625,0.9508196721311475,0.90625,0.453125,0.09375,0.09375,0.0,0.3333333333333333,1.0,0.5,1.9999999999999996,0.0,1.9999999999999996,0.9294371449113005,35.31682242990654,1629.2688376168223
tiTGKI-M8Hc_30000,10.0,33,1,1,1.0,0.1111111111111111,0.19999999999999998,0.2,0.5555555555555555,0.8888888888888888,0.8888888888888888,0.0,0.0,0.0,0.0,1.9999999999999996,0.9999999999999998,0.9999999999999998,0.9318772494462148,35.30654205607476,1623.5826153621495
nwg2YAclas4_70000,10.0,33,1,7,0.125,0.2857142857142857,0.17391304347826086,0.3870967741935484,0.35119047619047616,2.7142857142857144,0.7142857142857143,2.0,0.0,0.0,0.0,7.999999999999998,0.9999999999999998,6.999999999999998,0.9318710641714627,35.123364485981305,1625.4778767523364
8F-ndyrEWJ8_470000,10.0,33,1,1,1.0,0.6666666666666666,0.8,0.6666666666666666,0.3333333333333333,0.3333333333333333,0.3333333333333333,0.0,1.0,1.0,1.0,0.0,0.0,0.0,0.9318756609863074,35.02429906542055,1625.4774386682243
8vPRbqUP33A_30000,10.0,33,1,1,1.0,0.9696969696969697,0.9846153846153847,0.9696969696969697,0.48484848484848486,0.030303030303030304,0.030303030303030304,0.0,1.0,1.0,1.0,0.0,0.0,0.0,0.9319082428078921,35.12056074766355,1629.2688376168223
MhyOX0xtaGQ_3000,10.0,33,1,1,1.0,1.0,1.0,1.0,0.5,0.0,0.0,0.0,1.0,1.0,1.0,0.0,0.0,0.0,0.9318816683889727,35.29906542056074,1625.4774386682243
pX9ZqZHJqVw_140000,10.0,33,1,1,1.0,0.9696969696969697,0.9846153846153847,0.9696969696969697,0.48484848484848486,0.030303030303030304,0.030303030303030304,0.0,1.0,1.0,1.0,0.0,0.0,0.0,0.931885983936844,35.02429906542056,1627.3731381425234
z57bR_2M-NE_60000,10.0,33,1,1,1.0,0.9696969696969697,0.9846153846153847,0.9696969696969697,0.48484848484848486,0.030303030303030304,0.030303030303030304,0.0,1.0,1.0,1.0,0.0,0.0,0.0,0.9318929349274652,35.207476635514006,1627.3727000584113
YV2wuAimpOQ_210000,10.0,33,1,1,1.0,0.9696969696969697,0.9846153846153847,0.9696969696969697,0.48484848484848486,0.030303030303030304,0.030303030303030304,0.0,1.0,1.0,1.0,0.0,0.0,0.0,0.9318837727059671,35.028971962616815,1629.2805563668223
UbkUtLiMNSI_100000,10.0,33,6,8,0.8181818181818182,0.47368421052631576,0.6,0.625,0.659919028340081,0.631578947368421,0.5263157894736842,0.10526315789473684,0.5,0.6666666666666666,0.5714285714285715,1.0,0.3333333333333333,0.6666666666666666,0.9318686690884483,35.21588785046728,1623.5821772780373
nHiLu70TK5Y_200000,10.0,33,1,7,1.0,0.42424242424242425,0.5957446808510638,0.42424242424242425,0.21212121212121213,0.5757575757575758,0.5757575757575758,0.0,0.0,0.0,0.0,7.999999999999998,0.9999999999999998,6.999999999999998,0.9318470329693626,35.31121495327102,1627.3727000584113
rx9Sarky2d8_50000,10.0,33,2,5,1.0,0.7878787878787878,0.8813559322033898,0.7878787878787878,0.3939393939393939,0.21212121212121213,0.21212121212121213,0.0,0.2,0.5,0.28571428571428575,2.5,0.5,2.0,0.9319057513971043,35.40280373831774,1627.3735762266356
wARxA8vm_ws_50000,9.999875,33,1,1,1.0,0.9393939393939394,0.96875,0.9393939393939394,0.4696969696969697,0.06060606060606061,0.06060606060606061,0.0,1.0,1.0,1.0,0.0,0.0,0.0,0.9318857910075632,35.30467289719624,1625.4774386682243
ngm1xgtAaio_30000,10.0,33,1,1,1.0,0.9696969696969697,0.9846153846153847,0.9696969696969697,0.48484848484848486,0.030303030303030304,0.030303030303030304,0.0,1.0,1.0,1.0,0.0,0.0,0.0,0.9318937826847683,35.207476635514006,1627.3735762266356
hr-tBZ9v1bg_30000,10.0,33,1,1,1.0,0.9696969696969697,0.9846153846153847,0.9696969696969697,0.48484848484848486,0.030303030303030304,0.030303030303030304,0.0,1.0,1.0,1.0,0.0,0.0,0.0,0.9318744688551345,35.29999999999999,1625.4778767523364
tYhS55mkbEo_90000,10.00059375,33,1,2,1.0,0.8787878787878788,0.9354838709677419,0.8787878787878788,0.4393939393939394,0.12121212121212122,0.12121212121212122,0.0,0.5,1.0,0.6666666666666666,0.9999999999999998,0.0,0.9999999999999998,0.9319226484685357,35.29906542056074,1627.3839807242991
dXpQ1FOJpHg_40000,10.0,33,1,2,1.0,0.9090909090909091,0.9523809523809523,0.9090909090909091,0.45454545454545453,0.09090909090909091,0.09090909090909091,0.0,0.0,0.0,0.0,2.999999999999999,0.9999999999999998,1.9999999999999996,0.9318837505609057,35.116822429906534,1627.3731381425234
mXPH51Cbawc_17000,10.0,33,1,1,1.0,0.9393939393939394,0.96875,0.9393939393939394,0.4696969696969697,0.06060606060606061,0.06060606060606061,0.0,1.0,1.0,1.0,0.0,0.0,0.0,0.9319035151461593,35.02429906542056,1625.4774386682243
gb8OEks79nk_280000,10.0,33,1,2,1.0,0.9393939393939394,0.96875,0.9393939393939394,0.4696969696969697,0.06060606060606061,0.06060606060606061,0.0,0.0,0.0,0.0,2.999999999999999,0.9999999999999998,1.9999999999999996,0.9318868210865783,35.30093457943924,1627.3735762266356
MMQLD910Rpw_0,10.0,33,1,4,1.0,0.5714285714285714,0.7272727272727273,0.7272727272727273,0.7857142857142857,0.42857142857142855,0.42857142857142855,0.0,0.0,0.0,0.0,4.999999999999999,0.9999999999999998,3.999999999999999,0.9318594797311849,35.47850467289719,1625.4770005841121
gNxIU8q80l0_90000,10.0,33,1,1,1.0,0.9696969696969697,0.9846153846153847,0.9696969696969697,0.48484848484848486,0.030303030303030304,0.030303030303030304,0.0,1.0,1.0,1.0,0.0,0.0,0.0,0.9318657159137236,35.21401869158878,1629.2683995327102
roo2yz59HBE_30000,10.0,33,1,6,1.0,0.7575757575757576,0.8620689655172413,0.7575757575757576,0.3787878787878788,0.24242424242424243,0.24242424242424243,0.0,0.0,0.0,0.0,6.999999999999999,0.9999999999999998,5.999999999999999,0.9318898010544125,35.21775700934579,1625.4774386682243
p_SklLgMpBo_30000,10.0,33,1,2,1.0,0.9393939393939394,0.96875,0.9393939393939394,0.4696969696969697,0.06060606060606061,0.06060606060606061,0.0,0.5,1.0,0.6666666666666666,0.9999999999999998,0.0,0.9999999999999998,0.9318558281944469,35.58130841121494,1627.3735762266356
5GUTCDIP02U_30000,10.0,33,1,1,1.0,0.9393939393939394,0.96875,0.9393939393939394,0.4696969696969697,0.06060606060606061,0.06060606060606061,0.0,1.0,1.0,1.0,0.0,0.0,0.0,0.9318688001247544,35.40467289719626,1623.5821772780373
Isi7txrCZGc_10000,10.0,33,1,1,1.0,0.9696969696969697,0.9846153846153847,0.9696969696969697,0.48484848484848486,0.030303030303030304,0.030303030303030304,0.0,1.0,1.0,1.0,0.0,0.0,0.0,0.9318931888551572,35.58317757009346,1627.3722619742991
2xvqbtV1vfQ_30000,10.0,33,1,1,1.0,0.9696969696969697,0.9846153846153847,0.9696969696969697,0.48484848484848486,0.030303030303030304,0.030303030303030304,0.0,1.0,1.0,1.0,0.0,0.0,0.0,0.9318957586158376,35.20654205607475,1629.267961448598
3iSc3b-JMZo_30000,10.0,33,1,1,1.0,0.9696969696969697,0.9846153846153847,0.9696969696969697,0.48484848484848486,0.030303030303030304,0.030303030303030304,0.0,1.0,1.0,1.0,0.0,0.0,0.0,0.9318991234497082,35.39532710280373,1627.3731381425234
bIU0X1v4SF0_60000,10.0,33,1,2,0.6,0.4,0.48,0.5185185185185185,0.5333333333333333,0.8666666666666667,0.6,0.26666666666666666,0.0,0.0,0.0,2.999999999999999,0.9999999999999998,1.9999999999999996,0.9318679596207992,35.22056074766355,1625.4774386682243
MpAo8pQiZFI_40000,10.00053125,33,2,1,1.0,0.9696969696969697,0.9846153846153847,0.9696969696969697,0.48484848484848486,0.030303030303030304,0.030303030303030304,0.0,1.0,0.5,0.6666666666666666,0.5,0.5,0.0,0.9319500272823497,35.116822429906534,1627.3731381425234
LB5zwBmY7tU_30000,10.0,33,1,4,1.0,0.5151515151515151,0.6799999999999999,0.5151515151515151,0.25757575757575757,0.48484848484848486,0.48484848484848486,0.0,0.0,0.0,0.0,4.999999999999999,0.9999999999999998,3.999999999999999,0.9318795340259365,35.31401869158877,1625.4778767523364
K8Vyj2Eum8I_20000,10.0,33,1,3,1.0,0.7878787878787878,0.8813559322033898,0.7878787878787878,0.3939393939393939,0.21212121212121213,0.21212121212121213,0.0,0.0,0.0,0.0,3.999999999999999,0.9999999999999998,2.9999999999999996,0.9318520950619658,35.034579439252326,1627.3735762266356
r_VhtoyxvAs_10000,10.0,33,1,4,0.8888888888888888,0.8421052631578947,0.8648648648648649,0.8387096774193549,0.8377192982456141,0.2631578947368421,0.15789473684210525,0.10526315789473684,0.25,1.0,0.4,2.9999999999999996,0.0,2.9999999999999996,0.9318904928380032,35.39719626168223,1623.5826153621495
sCvxxuz3l_A_10000,10.0,33,1,1,1.0,0.9523809523809523,0.975609756097561,0.9696969696969697,0.9761904761904762,0.047619047619047616,0.047619047619047616,0.0,1.0,1.0,1.0,0.0,0.0,0.0,0.9318812716147099,35.400934579439244,1627.438558703271
nC_IPV1fOVg_0,10.0,33,1,1,0.8333333333333334,0.9615384615384616,0.8928571428571429,0.8064516129032258,0.4807692307692308,0.23076923076923078,0.038461538461538464,0.19230769230769232,1.0,1.0,1.0,0.0,0.0,0.0,0.9318866203997918,35.31495327102802,1629.1352949766356
H0NKU8-RsjA_420000,9.99971875,33,1,3,0.5,0.42857142857142855,0.4615384615384615,0.6111111111111112,0.577922077922078,1.0,0.5714285714285714,0.42857142857142855,0.0,0.0,0.0,3.999999999999999,0.9999999999999998,2.9999999999999996,0.9318520920007445,35.31028037383176,1625.3438960280373
jKSrUKUQfhQ_20000,10.0,33,2,2,1.0,0.5806451612903226,0.7346938775510204,0.6060606060606061,0.7903225806451613,0.41935483870967744,0.41935483870967744,0.0,0.5,0.5,0.5,1.0,0.5,0.5,0.9318932104800126,35.68037383177569,1631.029680198598
sPeu5IRj5nc_0,10.0,33,1,1,1.0,0.9393939393939394,0.96875,0.9393939393939394,0.4696969696969697,0.06060606060606061,0.06060606060606061,0.0,1.0,1.0,1.0,0.0,0.0,0.0,0.9318809252923943,35.21775700934579,1629.1344188084113
RQOk3g7ZlVQ_30000,10.0,33,1,1,1.0,0.9523809523809523,0.975609756097561,0.967741935483871,0.9761904761904762,0.047619047619047616,0.047619047619047616,0.0,1.0,1.0,1.0,0.0,0.0,0.0,0.9318554417735632,35.48691588785046,1629.1352949766356
FuxDgrbnLkk_30000,10.0,33,1,1,1.0,0.9393939393939394,0.96875,0.9393939393939394,0.4696969696969697,0.06060606060606061,0.06060606060606061,0.0,1.0,1.0,1.0,0.0,0.0,0.0,0.9318958144576105,35.21121495327102,1625.3438960280373
attauSOGwBw_0,10.000625,33,1,1,1.0,0.9393939393939394,0.96875,0.9393939393939394,0.4696969696969697,0.06060606060606061,0.06060606060606061,0.0,1.0,1.0,1.0,0.0,0.0,0.0,0.9319356583480558,35.21682242990654,1631.0301182827102
_S7baZ3EtZY_40000,10.0,33,2,1,1.0,0.631578947368421,0.7741935483870968,0.7741935483870968,0.8157894736842105,0.3684210526315789,0.3684210526315789,0.0,1.0,0.5,0.6666666666666666,0.5,0.5,0.0,0.931872822043398,35.125233644859804,1629.1456994742991
eMX2eP3EedA_30000,10.0,33,1,4,0.5555555555555556,0.2,0.29411764705882354,0.2727272727272727,0.35,0.9600000000000001,0.8,0.16,0.0,0.0,0.0,4.999999999999999,0.9999999999999998,3.999999999999999,0.9318895004115642,34.93925233644859,1629.1348568925234
BiUEVx_G0nU_11000,9.8335,32,1,1,1.0,0.96875,0.9841269841269841,0.96875,0.484375,0.03125,0.03125,0.0,1.0,1.0,1.0,0.0,0.0,0.0,0.9436288561659759,34.89326923076922,1627.2310697115386
kY4oaEjfxCc_290000,10.0,33,1,1,1.0,0.9696969696969697,0.9846153846153847,0.9696969696969697,0.48484848484848486,0.030303030303030304,0.030303030303030304,0.0,1.0,1.0,1.0,0.0,0.0,0.0,0.9319022308972803,35.120560747663546,1629.1352949766356
0qzduT2AHmo_20000,10.0,33,1,2,0.75,0.75,0.75,0.9393939393939394,0.8577586206896552,0.5,0.25,0.25,0.5,1.0,0.6666666666666666,0.9999999999999998,0.0,0.9999999999999998,0.9318849254283806,35.126168224299064,1625.3434579439252
G_7-IR3pl8E_0,10.0,33,1,1,1.0,0.9696969696969697,0.9846153846153847,0.9696969696969697,0.48484848484848486,0.030303030303030304,0.030303030303030304,0.0,1.0,1.0,1.0,0.0,0.0,0.0,0.9318916607770713,35.120560747663546,1631.0305563668223
NMAzonWtqtg_0,10.0,33,1,2,1.0,0.9,0.9473684210526316,0.9090909090909091,0.95,0.1,0.1,0.0,0.0,0.0,0.0,2.999999999999999,0.9999999999999998,1.9999999999999996,0.9318957358636155,35.12149532710279,1627.2391574182243
1K0Y5IjgHVo_130000,10.0,33,1,2,0.9583333333333334,0.92,0.9387755102040817,0.9090909090909091,0.8975,0.12,0.08,0.04,0.5,1.0,0.6666666666666666,0.9999999999999998,0.0,0.9999999999999998,0.9319044111223262,35.03364485981307,1629.1348568925234
myRDci4OTEA_0,10.0,33,1,2,1.0,0.9090909090909091,0.9523809523809523,0.9090909090909091,0.45454545454545453,0.09090909090909091,0.09090909090909091,0.0,0.0,0.0,0.0,2.999999999999999,0.9999999999999998,1.9999999999999996,0.9318978711652656,35.49439252336447,1627.2387193341121
2Pk0WqSZ8zU_70000,10.0,33,1,2,1.0,0.9393939393939394,0.96875,0.9393939393939394,0.4696969696969697,0.06060606060606061,0.06060606060606061,0.0,0.5,1.0,0.6666666666666666,0.9999999999999998,0.0,0.9999999999999998,0.9318771278750305,35.11214953271028,1631.029242114486
I6gIW8VUXp0_30000,10.0,33,1,1,1.0,0.9696969696969697,0.9846153846153847,0.9696969696969697,0.48484848484848486,0.030303030303030304,0.030303030303030304,0.0,1.0,1.0,1.0,0.0,0.0,0.0,0.9318889097972415,35.02897196261681,1631.029680198598
iRxaPHHvyIk_50000,10.0,33,1,1,1.0,0.9696969696969697,0.9846153846153847,0.9696969696969697,0.48484848484848486,0.030303030303030304,0.030303030303030304,0.0,1.0,1.0,1.0,0.0,0.0,0.0,0.9318967299562999,35.128037383177556,1629.1352949766356
USi-AqySbzU_30000,10.0,33,1,4,1.0,0.7575757575757576,0.8620689655172413,0.7575757575757576,0.3787878787878788,0.24242424242424243,0.24242424242424243,0.0,0.0,0.0,0.0,4.999999999999999,0.9999999999999998,3.999999999999999,0.9318691789141046,34.93738317757008,1625.3434579439252
714lnnBCFOU_30000,10.0,33,1,2,1.0,0.9393939393939394,0.96875,0.9393939393939394,0.4696969696969697,0.06060606060606061,0.06060606060606061,0.0,0.0,0.0,0.0,2.999999999999999,0.9999999999999998,1.9999999999999996,0.931850972292513,35.21028037383178,1631.0301182827102
v4REZ0nM5Jg_13000,9.7535,32,1,5,1.0,0.5625,0.72,0.5625,0.28125,0.4375,0.4375,0.0,0.0,0.0,0.0,5.999999999999999,0.9999999999999998,4.999999999999999,0.9359660150619161,35.076923076923066,1627.2315204326924
PCJhQJCQZeo_40000,10.0,33,1,1,1.0,0.9696969696969697,0.9846153846153847,0.9696969696969697,0.48484848484848486,0.030303030303030304,0.030303030303030304,0.0,1.0,1.0,1.0,0.0,0.0,0.0,0.9318760639174869,34.93551401869158,1627.2395955023364
P1Wlv1SqBcQ_270000,10.0,33,1,1,1.0,0.9696969696969697,0.9846153846153847,0.9696969696969697,0.48484848484848486,0.030303030303030304,0.030303030303030304,0.0,1.0,1.0,1.0,0.0,0.0,0.0,0.9318792484983515,34.938317757009344,1627.2387193341121
86VYxet0LXs_210000,10.0,33,1,1,1.0,0.9230769230769231,0.9600000000000001,0.9696969696969697,0.9615384615384616,0.07692307692307693,0.07692307692307693,0.0,1.0,1.0,1.0,0.0,0.0,0.0,0.9318835649842204,35.21962616822429,1631.0305563668223
ec1BGiYqf-o_21000,9.2091875,30,1,1,1.0,0.9615384615384616,0.9803921568627451,0.9666666666666667,0.9807692307692308,0.038461538461538464,0.038461538461538464,0.0,1.0,1.0,1.0,0.0,0.0,0.0,0.9396030870969307,35.09183673469387,1625.2857541454082
zuhOZVzQik8_16000,9.58840625,31,1,5,1.0,0.2903225806451613,0.45000000000000007,0.2903225806451613,0.14516129032258066,0.7096774193548387,0.7096774193548387,0.0,0.0,0.0,0.0,5.999999999999999,0.9999999999999998,4.999999999999999,0.9483134756284213,35.13564356435643,1629.1136293316831
G7IUTroCggA_50000,10.0,33,1,1,1.0,0.7857142857142857,0.88,0.8181818181818182,0.8928571428571428,0.21428571428571427,0.21428571428571427,0.0,0.0,0.0,0.0,1.9999999999999996,0.9999999999999998,0.9999999999999998,0.9318488100281802,35.21214953271027,1625.3541179906542
ggsFp99brsU_100000,10.0,33,1,6,0.9285714285714286,0.4482758620689655,0.6046511627906977,0.48484848484848486,0.5991379310344828,0.5862068965517241,0.5517241379310345,0.034482758620689655,0.0,0.0,0.0,6.999999999999999,0.9999999999999998,5.999999999999999,0.9318869054112469,35.02429906542056,1625.5943341121495
jTweLqDIZWk_40000,10.0,33,1,2,0.9333333333333333,0.9333333333333333,0.9333333333333333,0.9047619047619048,0.8833333333333333,0.13333333333333333,0.06666666666666667,0.06666666666666667,0.5,1.0,0.6666666666666666,0.9999999999999998,0.0,0.9999999999999998,0.931877097915682,35.21682242990653,1627.4891574182243
DVAfQPhd9ck_250000,10.0,33,1,1,1.0,0.9696969696969697,0.9846153846153847,0.9696969696969697,0.48484848484848486,0.030303030303030304,0.030303030303030304,0.0,1.0,1.0,1.0,0.0,0.0,0.0,0.9318825427796463,35.403738317756996,1629.3839807242991
NCto3N2D0aY_10000,10.0,33,2,3,1.0,0.7575757575757576,0.8620689655172413,0.7575757575757576,0.3787878787878788,0.24242424242424243,0.24242424242424243,0.0,0.3333333333333333,0.5,0.4,1.5,0.5,1.0,0.9318571043293136,35.20934579439252,1631.2805563668223
Fi30Q7gb-bY_30000,10.0,33,1,2,1.0,0.9393939393939394,0.96875,0.9393939393939394,0.4696969696969697,0.06060606060606061,0.06060606060606061,0.0,0.0,0.0,0.0,2.999999999999999,0.9999999999999998,1.9999999999999996,0.9318882929591299,35.30747663551401,1625.5938960280373
R9dokl6P_hg_4000,9.0135,30,1,3,1.0,0.8666666666666667,0.9285714285714286,0.8666666666666667,0.43333333333333335,0.13333333333333333,0.13333333333333333,0.0,0.3333333333333333,1.0,0.5,1.9999999999999996,0.0,1.9999999999999996,0.9195973557858718,34.89183673469387,1629.269810267857
yC-c7txcfcA_30000,9.99978125,33,1,8,1.0,0.5151515151515151,0.6799999999999999,0.5151515151515151,0.25757575757575757,0.48484848484848486,0.48484848484848486,0.0,0.0,0.0,0.0,8.999999999999998,0.9999999999999998,7.999999999999998,0.9318675166057698,35.77663551401868,1627.4895955023364
u9aHjYGbl5o_30000,10.0,33,1,3,1.0,0.9090909090909091,0.9523809523809523,0.9090909090909091,0.45454545454545453,0.09090909090909091,0.09090909090909091,0.0,0.0,0.0,0.0,3.999999999999999,0.9999999999999998,2.9999999999999996,0.9318854051400784,35.215887850467276,1629.3848568925234
5Va6_5kQUik_10000,10.0,33,1,1,1.0,0.8571428571428571,0.923076923076923,0.9696969696969697,0.9285714285714286,0.14285714285714285,0.14285714285714285,0.0,1.0,1.0,1.0,0.0,0.0,0.0,0.931889524548513,35.4018691588785,1627.4891574182243
gJNYHdCWHpc_30000,10.0,33,1,1,1.0,0.9696969696969697,0.9846153846153847,0.9696969696969697,0.48484848484848486,0.030303030303030304,0.030303030303030304,0.0,1.0,1.0,1.0,0.0,0.0,0.0,0.9318786292467545,35.310280373831766,1629.3857330607477
90DSJfFfvio_200000,10.0,33,2,4,1.0,0.7878787878787878,0.8813559322033898,0.7878787878787878,0.3939393939393939,0.21212121212121213,0.21212121212121213,0.0,0.0,0.0,0.0,3.0,1.0,2.0,0.9318879968312284,35.12710280373831,1625.5943341121495
cM24ZpTlXN0_40000,10.0,33,1,4,1.0,0.8787878787878788,0.9354838709677419,0.8787878787878788,0.4393939393939394,0.12121212121212122,0.12121212121212122,0.0,0.0,0.0,0.0,4.999999999999999,0.9999999999999998,3.999999999999999,0.9318537965959616,35.21588785046729,1627.4900335864486
GizX7pGc3Ec_30000,9.989125,33,1,1,1.0,0.9696969696969697,0.9846153846153847,0.9696969696969697,0.48484848484848486,0.030303030303030304,0.030303030303030304,0.0,1.0,1.0,1.0,0.0,0.0,0.0,0.9308666631799253,35.03271028037382,1625.5943341121495
B8TLrMJfq0Q_30000,10.0,33,1,2,1.0,0.9393939393939394,0.96875,0.9393939393939394,0.4696969696969697,0.06060606060606061,0.06060606060606061,0.0,0.5,1.0,0.6666666666666666,0.9999999999999998,0.0,0.9999999999999998,0.9318882933989013,35.21588785046728,1627.4887193341121
CDSnhR5KPpc_90000,10.0,33,1,1,1.0,0.9696969696969697,0.9846153846153847,0.9696969696969697,0.48484848484848486,0.030303030303030304,0.030303030303030304,0.0,1.0,1.0,1.0,0.0,0.0,0.0,0.9318879614877746,35.67570093457943,1631.2805563668223
uuCsu6qOvgE_70000,10.0,33,2,1,1.0,1.0,1.0,1.0,1.0,0.0,0.0,0.0,0.0,0.0,0.0,1.5,1.0,0.5,0.9318793875291903,34.94392523364486,1625.5938960280373
ascISG_k9s4_130000,10.0,33,1,3,1.0,0.8787878787878788,0.9354838709677419,0.8787878787878788,0.4393939393939394,0.12121212121212122,0.12121212121212122,0.0,0.0,0.0,0.0,3.999999999999999,0.9999999999999998,2.9999999999999996,0.9318437743600918,35.02242990654205,1631.279680198598
_CTmVtwM-M8_30000,10.0,33,8,5,1.0,0.875,0.9333333333333333,0.9090909090909091,0.9375,0.125,0.125,0.0,0.4,0.25,0.3076923076923077,1.125,0.75,0.375,0.9318812895894689,35.31121495327102,1629.3848568925234
57NefYJLTE4_30000,10.0,33,1,5,1.0,0.3333333333333333,0.5,0.3333333333333333,0.16666666666666666,0.6666666666666666,0.6666666666666666,0.0,0.0,0.0,0.0,5.999999999999999,0.9999999999999998,4.999999999999999,0.9318980370333398,35.02429906542056,1627.4895955023364
eMVmUcK0xBU_0,9.12546875,30,1,2,1.0,0.7407407407407407,0.851063829787234,0.7407407407407407,0.37037037037037035,0.25925925925925924,0.25925925925925924,0.0,0.0,0.0,0.0,2.999999999999999,0.9999999999999998,1.9999999999999996,0.9310501196630807,35.185714285714276,1627.4021843112246
A5ZGEJKUTXY_30000,10.0,33,1,1,1.0,0.4375,0.6086956521739131,0.4375,0.21875,0.5625,0.5625,0.0,1.0,1.0,1.0,0.0,0.0,0.0,0.9318634683911385,35.12710280373831,1629.3844188084113
0eq4AberCIY_17000,9.9535,33,1,1,1.0,1.0,1.0,1.0,0.5,0.0,0.0,0.0,1.0,1.0,1.0,0.0,0.0,0.0,0.9275422878090431,35.12803738317756,1629.3848568925234
Vsve5nA3bSc_30000,10.0,33,1,1,1.0,0.9696969696969697,0.9846153846153847,0.9696969696969697,0.48484848484848486,0.030303030303030304,0.030303030303030304,0.0,1.0,1.0,1.0,0.0,0.0,0.0,0.9318830897024121,35.122429906542045,1627.4891574182243
HxB6C9su7ts_270000,10.0,33,1,1,1.0,0.9696969696969697,0.9846153846153847,0.9696969696969697,0.48484848484848486,0.030303030303030304,0.030303030303030304,0.0,1.0,1.0,1.0,0.0,0.0,0.0,0.931886288141074,35.120560747663546,1629.3848568925234
fj1fknZPxUA_0,10.0,33,1,2,0.8571428571428571,0.8571428571428571,0.8571428571428571,0.8787878787878788,0.8759398496240601,0.2857142857142857,0.14285714285714285,0.14285714285714285,0.5,1.0,0.6666666666666666,0.9999999999999998,0.0,0.9999999999999998,0.9318873304114488,35.40280373831775,1627.4891574182243
_U4NdEH1I-k_30000,10.0,33,1,4,1.0,0.7575757575757576,0.8620689655172413,0.7575757575757576,0.3787878787878788,0.24242424242424243,0.24242424242424243,0.0,0.0,0.0,0.0,4.999999999999999,0.9999999999999998,3.999999999999999,0.9318669635069938,35.0196261682243,1629.3848568925234
2sckeiQnL5I_0,10.0,33,1,1,1.0,0.9393939393939394,0.96875,0.9393939393939394,0.4696969696969697,0.06060606060606061,0.06060606060606061,0.0,1.0,1.0,1.0,0.0,0.0,0.0,0.9318681818373135,35.39906542056073,1627.4891574182243
sJI6U9pYd-s_220000,10.0,33,1,1,1.0,1.0,1.0,1.0,0.5,0.0,0.0,0.0,1.0,1.0,1.0,0.0,0.0,0.0,0.9318662907788203,35.29999999999999,1629.3852949766356
UEMwUub78Ew_0,9.99965625,33,1,4,1.0,0.6111111111111112,0.7586206896551725,0.7878787878787878,0.8055555555555556,0.3888888888888889,0.3888888888888889,0.0,0.0,0.0,0.0,4.999999999999999,0.9999999999999998,3.999999999999999,0.9318273440739644,35.30841121495325,1627.5271247079438
NSO3huqx3KE_16000,9.6535,32,1,1,1.0,0.96875,0.9841269841269841,0.96875,0.484375,0.03125,0.03125,0.0,1.0,1.0,1.0,0.0,0.0,0.0,0.926336527343534,34.79711538461539,1628.4850135216345
S_H0pbdKOMI_130000,10.0,33,2,1,1.0,0.9393939393939394,0.96875,0.9393939393939394,0.4696969696969697,0.06060606060606061,0.06060606060606061,0.0,1.0,0.5,0.6666666666666666,0.5,0.5,0.0,0.931881103316206,35.40934579439252,1630.3892012266356
xDRZQxau_fM_510000,10.0,33,1,1,1.0,0.8333333333333334,0.9090909090909091,0.9393939393939394,0.9166666666666667,0.16666666666666666,0.16666666666666666,0.0,1.0,1.0,1.0,0.0,0.0,0.0,0.9319027175673124,35.30841121495327,1628.4943779205607
rpCVfEusnE0_0,7.6935,25,1,1,1.0,0.84,0.9130434782608696,0.84,0.42,0.16,0.16,0.0,1.0,1.0,1.0,0.0,0.0,0.0,0.9324028868645527,34.23012048192771,1626.5105892319277
JSuUyOociUo_30000,10.0,33,1,1,1.0,0.9696969696969697,0.9846153846153847,0.9696969696969697,0.48484848484848486,0.030303030303030304,0.030303030303030304,0.0,1.0,1.0,1.0,0.0,0.0,0.0,0.9318501362483991,35.21588785046728,1628.7356892523364
S8FTFGdNtkk_20000,10.0,33,1,1,1.0,0.7142857142857143,0.8333333333333333,0.9393939393939394,0.8571428571428572,0.2857142857142857,0.2857142857142857,0.0,1.0,1.0,1.0,0.0,0.0,0.0,0.9318823714427599,35.028037383177555,1630.6309506425234
nlBVY8iOEn0_28000,9.593125,31,1,5,1.0,0.3870967741935484,0.5581395348837209,0.3870967741935484,0.1935483870967742,0.6129032258064516,0.6129032258064516,0.0,0.0,0.0,0.0,5.999999999999999,0.9999999999999998,4.999999999999999,0.9487946936356422,34.64158415841583,1628.7190594059407
JF1ijl5xZBA_10000,9.64409375,32,1,2,1.0,0.96875,0.9841269841269841,0.96875,0.484375,0.03125,0.03125,0.0,0.0,0.0,0.0,2.999999999999999,0.9999999999999998,1.9999999999999996,0.9254478900074868,35.1826923076923,1628.7271634615386
vNFPTjEsySw_10000,10.0,33,1,2,1.0,0.9285714285714286,0.962962962962963,0.9696969696969697,0.9642857142857143,0.07142857142857142,0.07142857142857142,0.0,0.5,1.0,0.6666666666666666,0.9999999999999998,0.0,0.9999999999999998,0.931889749990204,35.03457943925233,1630.6309506425234
kR94OFbwDk4_100000,10.0,33,2,4,1.0,0.5483870967741935,0.7083333333333333,0.5757575757575758,0.7741935483870968,0.45161290322580644,0.45161290322580644,0.0,0.25,0.5,0.3333333333333333,2.0,0.5,1.5,0.9318447976926653,34.929906542056074,1628.7348130841121
BI7gbKbxMe0_120000,10.0,33,1,2,1.0,0.9696969696969697,0.9846153846153847,0.9696969696969697,0.48484848484848486,0.030303030303030304,0.030303030303030304,0.0,0.5,1.0,0.6666666666666666,0.9999999999999998,0.0,0.9999999999999998,0.9318304184650259,35.59158878504672,1632.5262120327102
5XO3ot5rF7Q_40000,10.0,33,1,1,1.0,0.9696969696969697,0.9846153846153847,0.9696969696969697,0.48484848484848486,0.030303030303030304,0.030303030303030304,0.0,1.0,1.0,1.0,0.0,0.0,0.0,0.9318746446170296,35.306542056074754,1630.6313887266356
EnxS29QYoSE_0,10.000625,33,1,2,1.0,0.9032258064516129,0.9491525423728813,0.9090909090909091,0.9516129032258065,0.0967741935483871,0.0967741935483871,0.0,0.5,1.0,0.6666666666666666,0.9999999999999998,0.0,0.9999999999999998,0.9319528700312076,35.032710280373834,1628.7465318341121
bxMlJLIi8_A_80000,10.0,33,1,1,1.0,0.9696969696969697,0.9846153846153847,0.9696969696969697,0.48484848484848486,0.030303030303030304,0.030303030303030304,0.0,1.0,1.0,1.0,0.0,0.0,0.0,0.9318851082305167,34.93925233644859,1632.525335864486
T6nJKKsh0Qk_30000,10.0,33,1,2,1.0,0.9393939393939394,0.96875,0.9393939393939394,0.4696969696969697,0.06060606060606061,0.06060606060606061,0.0,0.0,0.0,0.0,2.999999999999999,0.9999999999999998,1.9999999999999996,0.9318496266154295,35.125233644859804,1632.5833089953271
KbgDRF-oWSo_0,10.0,33,1,1,1.0,0.9,0.9473684210526316,0.9393939393939394,0.95,0.1,0.1,0.0,1.0,1.0,1.0,0.0,0.0,0.0,0.9318764058891332,35.29719626168223,1628.3447721962616
iiSx5bLo7ac_30000,10.0,33,1,1,1.0,0.9696969696969697,0.9846153846153847,0.9696969696969697,0.48484848484848486,0.030303030303030304,0.030303030303030304,0.0,1.0,1.0,1.0,0.0,0.0,0.0,0.931891128002952,34.83831775700934,1628.3438960280373
e3nanB6nrnQ_10000,10.0,33,1,1,1.0,0.9696969696969697,0.9846153846153847,0.9696969696969697,0.48484848484848486,0.030303030303030304,0.030303030303030304,0.0,1.0,1.0,1.0,0.0,0.0,0.0,0.9318904712992067,35.122429906542045,1632.1348568925234
wiuyQrn-cYU_21000,9.2735,30,1,5,0.5238095238095238,0.8461538461538461,0.6470588235294118,0.6,0.6289592760180995,0.9230769230769231,0.15384615384615385,0.7692307692307693,0.2,1.0,0.33333333333333337,3.999999999999999,0.0,3.999999999999999,0.946192375137732,34.79285714285713,1632.0303332270407
iWiocYCLslw_30000,10.0,33,1,4,1.0,0.75,0.8571428571428571,0.75,0.375,0.25,0.25,0.0,0.25,1.0,0.4,2.9999999999999996,0.0,2.9999999999999996,0.9318768850663687,35.395327102803726,1630.2391574182243
GVZwmzYJaoU_30000,10.0,33,1,3,1.0,0.5151515151515151,0.6799999999999999,0.5151515151515151,0.25757575757575757,0.48484848484848486,0.48484848484848486,0.0,0.0,0.0,0.0,3.999999999999999,0.9999999999999998,2.9999999999999996,0.9318418713308906,35.02990654205607,1632.1352949766356
AC1OebecQoc_170000,9.9999375,33,1,1,1.0,0.9696969696969697,0.9846153846153847,0.9696969696969697,0.48484848484848486,0.030303030303030304,0.030303030303030304,0.0,1.0,1.0,1.0,0.0,0.0,0.0,0.9318629051752746,35.39719626168223,1628.3530957943926
xpSkkPTtQw4_80000,10.0,33,2,5,1.0,0.64,0.7804878048780487,0.7,0.8200000000000001,0.36,0.36,0.0,0.2,0.5,0.28571428571428575,2.5,0.5,2.0,0.9318926815205655,35.303738317757,1632.3805125584113
N2nBESKIP8c_210000,10.0,33,1,1,1.0,0.9259259259259259,0.9615384615384615,0.9393939393939394,0.962962962962963,0.07407407407407407,0.07407407407407407,0.0,1.0,1.0,1.0,0.0,0.0,0.0,0.9318928606761104,35.21308411214954,1634.287054614486
2xD3xJDlvFc_6000,10.0,33,1,1,1.0,0.9,0.9473684210526316,0.9,0.45,0.1,0.1,0.0,1.0,1.0,1.0,0.0,0.0,0.0,0.9318669765327338,35.10747663551401,1632.3805125584113
UiSil-toj2E_240000,10.0,33,1,1,1.0,0.9696969696969697,0.9846153846153847,0.9696969696969697,0.48484848484848486,0.030303030303030304,0.030303030303030304,0.0,1.0,1.0,1.0,0.0,0.0,0.0,0.9318748734381699,35.21495327102802,1632.3809506425234
HOlAFkMT1Do_30000,10.0,33,3,4,0.8823529411764706,0.9375,0.9090909090909091,0.90625,0.90625,0.1875,0.0625,0.125,0.75,1.0,0.8571428571428571,0.3333333333333333,0.0,0.3333333333333333,0.9319102507635739,35.1233644859813,1632.3818268107477
XDMsiZECSYc_50000,9.999375,33,1,1,1.0,0.6666666666666666,0.8,0.9259259259259259,0.8333333333333333,0.3333333333333333,0.3333333333333333,0.0,1.0,1.0,1.0,0.0,0.0,0.0,0.9318505224522362,35.483177570093446,1628.5899897780373
siq-wRzZ4eo_26000,9.4735,31,1,1,1.0,1.0,1.0,1.0,0.5,0.0,0.0,0.0,1.0,1.0,1.0,0.0,0.0,0.0,0.9369608910664201,35.039603960396036,1632.3578666460396
ymP3qIWN0qQ_21000,9.05034375,30,2,2,1.0,0.88,0.9361702127659575,0.9,0.94,0.12,0.12,0.0,1.0,1.0,1.0,0.0,0.0,0.0,0.9234092788797491,34.99591836734693,1634.1319754464287
hajO5M7Q2t0_10000,10.00003125,33,1,1,1.0,1.0,1.0,1.0,0.5,0.0,0.0,0.0,1.0,1.0,1.0,0.0,0.0,0.0,0.931882065353897,35.41214953271027,1630.4856892523364
4VI-WbqxPEc_90000,10.0009375,33,1,1,1.0,0.8125,0.896551724137931,0.9090909090909091,0.90625,0.1875,0.1875,0.0,1.0,1.0,1.0,0.0,0.0,0.0,0.9319829986917403,35.11869158878503,1630.4848130841121
D4M3YT75ZrQ_570000,10.0,33,1,1,1.0,0.96875,0.9841269841269841,0.9696969696969697,0.9843749999999999,0.03125,0.03125,0.0,1.0,1.0,1.0,0.0,0.0,0.0,0.931865602154904,35.115887850467274,1634.2762120327102
G-pf0FF6LWU_30000,10.0,33,1,2,1.0,0.9090909090909091,0.9523809523809523,0.9090909090909091,0.45454545454545453,0.09090909090909091,0.09090909090909091,0.0,0.5,1.0,0.6666666666666666,0.9999999999999998,0.0,0.9999999999999998,0.9318816247056237,35.30093457943924,1630.4852511682243
ET_ReejWJgI_0,5.0,17,1,1,1.0,0.9411764705882353,0.9696969696969697,0.9411764705882353,0.47058823529411764,0.058823529411764705,0.058823529411764705,0.0,1.0,1.0,1.0,0.0,0.0,0.0,0.8664191785365766,33.69137931034483,1631.9273302801723
JfzM_99kuTU_0,10.0,33,3,2,0.8064516129032258,1.0,0.8928571428571428,0.8125,0.5714285714285714,0.24,0.0,0.24,0.0,0.0,0.0,1.6666666666666665,1.0,0.6666666666666666,0.9318886202655255,35.49626168224299,1632.3818268107477
CrJGtoCsIpU_30000,10.0,33,1,7,1.0,0.45454545454545453,0.625,0.45454545454545453,0.22727272727272727,0.5454545454545454,0.5454545454545454,0.0,0.0,0.0,0.0,7.999999999999998,0.9999999999999998,6.999999999999998,0.9319039481534902,35.21962616822429,1628.5899897780373
0KdKx63QmMk_120000,10.0,33,1,3,1.0,0.45454545454545453,0.625,0.45454545454545453,0.22727272727272727,0.5454545454545454,0.5454545454545454,0.0,0.0,0.0,0.0,3.999999999999999,0.9999999999999998,2.9999999999999996,0.9318672907984067,35.68411214953271,1634.2766501168223
FDkl-22SzfA_6000,9.0135,30,1,3,1.0,0.9,0.9473684210526316,0.9,0.45,0.1,0.1,0.0,0.3333333333333333,1.0,0.5,1.9999999999999996,0.0,1.9999999999999996,0.9196584935122205,34.98571428571428,1630.4213966836735
6peZ0_VU4mI_0,10.0,33,1,1,1.0,0.9393939393939394,0.96875,0.9393939393939394,0.4696969696969697,0.06060606060606061,0.06060606060606061,0.0,1.0,1.0,1.0,0.0,0.0,0.0,0.9318923289419263,35.39906542056074,1632.3805125584113
GokYP8thm08_10000,10.0,33,1,3,1.0,0.8148148148148148,0.8979591836734693,0.8148148148148148,0.4074074074074074,0.18518518518518517,0.18518518518518517,0.0,0.3333333333333333,1.0,0.5,1.9999999999999996,0.0,1.9999999999999996,0.9318814501542405,35.12149532710281,1632.3809506425234
AUfHpCBQjRA_160000,10.0,33,1,4,0.5,0.8571428571428571,0.631578947368421,0.78125,0.8085714285714285,1.0,0.14285714285714285,0.8571428571428571,0.25,1.0,0.4,2.9999999999999996,0.0,2.9999999999999996,0.9318819726763163,35.310280373831766,1630.4856892523364
TIJvY634Hi0_30000,10.0,33,2,2,1.0,0.9393939393939394,0.96875,0.9393939393939394,0.4696969696969697,0.06060606060606061,0.06060606060606061,0.0,0.0,0.0,0.0,2.0,1.0,1.0,0.9318661630388225,35.39439252336448,1630.4848130841121
eWDCNlQ-GOI_30000,10.0,33,1,1,1.0,0.9696969696969697,0.9846153846153847,0.9696969696969697,0.48484848484848486,0.030303030303030304,0.030303030303030304,0.0,1.0,1.0,1.0,0.0,0.0,0.0,0.9318725182826617,35.489719626168224,1634.275773948598
tRCv0wdSd_k_30000,10.0,33,1,2,1.0,0.2,0.33333333333333337,0.6363636363636364,0.6,0.8,0.8,0.0,0.0,0.0,0.0,2.999999999999999,0.9999999999999998,1.9999999999999996,0.9318643843519521,35.02897196261681,1632.4466632593458
xiAwTHQDvNo_30000,10.000625,33,1,4,0.6,0.46153846153846156,0.5217391304347826,0.6666666666666666,0.6307692307692307,0.8461538461538461,0.5384615384615384,0.3076923076923077,0.0,0.0,0.0,4.999999999999999,0.9999999999999998,3.999999999999999,0.9319422038963774,35.49719626168223,1632.2430636682243
V8k-VjM3bKY_17000,9.91153125,32,1,1,1.0,0.5555555555555556,0.7142857142857143,0.875,0.7777777777777778,0.4444444444444444,0.4444444444444444,0.0,0.0,0.0,0.0,1.9999999999999996,0.9999999999999998,0.9999999999999998,0.9511031750455775,35.17403846153846,1634.1275540865386
Jht8Q3TEbYk_500000,10.0,33,1,5,0.4074074074074074,0.9166666666666666,0.5641025641025641,0.48484848484848486,0.5773809523809523,1.4166666666666665,0.08333333333333333,1.3333333333333333,0.0,0.0,0.0,5.999999999999999,0.9999999999999998,4.999999999999999,0.9318729052332854,35.31214953271027,1634.1383250584113
vfAwJhQyCrE_6000,10.0,33,1,2,1.0,0.6538461538461539,0.7906976744186047,0.6538461538461539,0.3269230769230769,0.34615384615384615,0.34615384615384615,0.0,0.0,0.0,0.0,2.999999999999999,0.9999999999999998,1.9999999999999996,0.9319024210865035,35.02710280373831,1634.1387631425234
VeCSHwtkBZU_30000,10.0,33,3,4,1.0,0.8125,0.896551724137931,0.8181818181818182,0.9062499999999999,0.1875,0.1875,0.0,0.75,1.0,0.8571428571428571,0.3333333333333333,0.0,0.3333333333333333,0.9318819757142371,35.306542056074754,1634.1496057242991
vvhLauGOP70_30000,10.0,33,1,1,1.0,0.9696969696969697,0.9846153846153847,0.9696969696969697,0.48484848484848486,0.030303030303030304,0.030303030303030304,0.0,1.0,1.0,1.0,0.0,0.0,0.0,0.9318893432257174,35.49345794392523,1634.1383250584113
dNFEVqa-ttQ_30000,10.0,33,2,3,1.0,0.125,0.2222222222222222,0.36363636363636365,0.5625,0.875,0.875,0.0,0.0,0.0,0.0,2.5,1.0,1.5,0.9318894981520425,35.39719626168223,1634.1387631425234
226p2fzAmcg_40000,9.99996875,33,1,4,1.0,0.7878787878787878,0.8813559322033898,0.7878787878787878,0.3939393939393939,0.21212121212121213,0.21212121212121213,0.0,0.0,0.0,0.0,4.999999999999999,0.9999999999999998,3.999999999999999,0.9318859699388427,35.030841121495314,1634.1504818925234
LfuzXpFmnDs_20000,10.0,33,1,1,1.0,0.9230769230769231,0.9600000000000001,0.9230769230769231,0.46153846153846156,0.07692307692307693,0.07692307692307693,0.0,1.0,1.0,1.0,0.0,0.0,0.0,0.9318960906184525,35.39906542056074,1632.2430636682243
f_p_f9X0OeU_30000,10.0,33,3,2,1.0,0.8181818181818182,0.9,0.8181818181818182,0.4090909090909091,0.18181818181818182,0.18181818181818182,0.0,0.5,0.3333333333333333,0.4,1.0,0.6666666666666666,0.3333333333333333,0.9318693630950342,35.404672897196264,1634.1387631425234
Zfc2hL97mC4_10000,10.0,33,1,2,1.0,0.9090909090909091,0.9523809523809523,0.9090909090909091,0.45454545454545453,0.09090909090909091,0.09090909090909091,0.0,0.0,0.0,0.0,2.999999999999999,0.9999999999999998,1.9999999999999996,0.9318933994473229,34.94018691588784,1632.2439398364486
D3yy785DD5c_80000,10.0,33,1,3,1.0,0.7272727272727273,0.8421052631578948,0.7272727272727273,0.36363636363636365,0.2727272727272727,0.2727272727272727,0.0,0.0,0.0,0.0,3.999999999999999,0.9999999999999998,2.9999999999999996,0.9318874606745583,35.216822429906536,1630.3478022780373
3T1z1c3Z_Es_40000,10.0,33,3,5,1.0,0.6875,0.8148148148148148,0.696969696969697,0.8437499999999999,0.3125,0.3125,0.0,0.2,0.3333333333333333,0.25,2.0,0.6666666666666666,1.3333333333333333,0.93186634670299,35.03457943925233,1634.1383250584113
d8tzrX88308_30000,10.0,33,2,4,1.0,0.8181818181818182,0.9,0.8181818181818182,0.4090909090909091,0.18181818181818182,0.18181818181818182,0.0,0.0,0.0,0.0,3.0,1.0,2.0,0.9318744677279374,35.31028037383177,1634.1378869742991
66vJUlO53yo_20000,10.0,33,1,4,1.0,0.7878787878787878,0.8813559322033898,0.7878787878787878,0.3939393939393939,0.21212121212121213,0.21212121212121213,0.0,0.0,0.0,0.0,4.999999999999999,0.9999999999999998,3.999999999999999,0.9319020700624877,35.21495327102802,1636.0349007009345
e1HvXlitvzA_40000,10.0,33,2,5,1.0,0.3225806451612903,0.4878048780487805,0.36363636363636365,0.6612903225806451,0.6774193548387096,0.6774193548387096,0.0,0.0,0.0,0.0,3.5,1.0,2.5,0.9318761529259282,35.202803738317755,1630.3478022780373
as7PUfMJ9mw_50000,10.0,33,1,3,1.0,0.7272727272727273,0.8421052631578948,0.7272727272727273,0.36363636363636365,0.2727272727272727,0.2727272727272727,0.0,0.0,0.0,0.0,3.999999999999999,0.9999999999999998,2.9999999999999996,0.9318990145456049,35.496261682242974,1634.1383250584113
K4pLO017YM8_6000,9.6535,32,1,3,1.0,0.2903225806451613,0.45000000000000007,0.2903225806451613,0.14516129032258066,0.7096774193548387,0.7096774193548387,0.0,0.0,0.0,0.0,3.999999999999999,0.9999999999999998,2.9999999999999996,0.9263604679012105,35.17403846153846,1636.0201697716345
sEem3RGHZeE_140000,10.0,33,1,2,0.9259259259259259,0.9615384615384616,0.9433962264150944,0.8928571428571429,0.4807692307692308,0.11538461538461539,0.038461538461538464,0.07692307692307693,0.0,0.0,0.0,2.999999999999999,0.9999999999999998,1.9999999999999996,0.9318660502352138,35.031775700934574,1634.1378869742991
m2xsqvXD2R0_510000,10.0,33,1,1,1.0,0.48484848484848486,0.653061224489796,0.48484848484848486,0.24242424242424243,0.5151515151515151,0.5151515151515151,0.0,0.0,0.0,0.0,1.9999999999999996,0.9999999999999998,0.9999999999999998,0.931893489935107,35.30747663551401,1636.033148364486
hmLsTb1Q1yA_100000,10.0,33,2,3,0.95,0.95,0.9500000000000001,0.9230769230769231,0.8916666666666666,0.1,0.05,0.05,0.6666666666666666,1.0,0.8,0.5,0.0,0.5,0.931895633738958,35.30841121495327,1636.0349007009345
7k09T6S3i6k_30000,10.0,33,1,4,1.0,0.8484848484848485,0.9180327868852458,0.8484848484848485,0.42424242424242425,0.15151515151515152,0.15151515151515152,0.0,0.0,0.0,0.0,4.999999999999999,0.9999999999999998,3.999999999999999,0.931876454692421,35.31401869158878,1630.3478022780373
Zi61qKMIb-g_21000,9.02340625,30,1,2,1.0,0.17647058823529413,0.3,0.17647058823529413,0.08823529411764706,0.8235294117647058,0.8235294117647058,0.0,0.0,0.0,0.0,2.999999999999999,0.9999999999999998,1.9999999999999996,0.9206180915149403,35.094897959183655,1634.023118622449
8u5zK2Qyk3o_10000,10.0,33,4,1,1.0,0.9696969696969697,0.9846153846153847,0.9696969696969697,0.48484848484848486,0.030303030303030304,0.030303030303030304,0.0,1.0,0.25,0.4,0.75,0.75,0.0,0.9319084233595628,35.219626168224295,1632.2430636682243
L-4pwf14HB4_17000,9.3135,31,1,2,1.0,0.3870967741935484,0.5581395348837209,0.3870967741935484,0.1935483870967742,0.6129032258064516,0.6129032258064516,0.0,0.0,0.0,0.0,2.999999999999999,0.9999999999999998,1.9999999999999996,0.9211377594386394,34.94059405940593,1634.1166073638615
siqjK7Q-laE_30000,10.0,33,1,6,1.0,0.5454545454545454,0.7058823529411764,0.5454545454545454,0.2727272727272727,0.45454545454545453,0.45454545454545453,0.0,0.0,0.0,0.0,6.999999999999999,0.9999999999999998,5.999999999999999,0.9319082766818612,35.02616822429906,1632.2430636682243
huBb_QKHvN8_26000,9.085,30,1,2,1.0,0.8,0.888888888888889,0.8,0.4,0.2,0.2,0.0,0.5,1.0,0.6666666666666666,0.9999999999999998,0.0,0.9999999999999998,0.9269339515314696,35.294897959183665,1634.022759885204
GInyDWdPUrI_30000,10.0,33,1,1,1.0,0.9696969696969697,0.9846153846153847,0.9696969696969697,0.48484848484848486,0.030303030303030304,0.030303030303030304,0.0,1.0,1.0,1.0,0.0,0.0,0.0,0.9318769893655023,35.304672897196255,1634.1392012266356
eiNBU6sy_ro_160000,10.0,33,1,1,1.0,0.7575757575757576,0.8620689655172413,0.7575757575757576,0.3787878787878788,0.24242424242424243,0.24242424242424243,0.0,1.0,1.0,1.0,0.0,0.0,0.0,0.9318497886502374,35.590654205607464,1632.2435017523364
twFYhMUMIy0_50000,10.0,33,2,2,1.0,0.967741935483871,0.9836065573770492,0.96875,0.9838709677419354,0.03225806451612903,0.03225806451612903,0.0,1.0,1.0,1.0,0.0,0.0,0.0,0.9318743128925396,35.31214953271027,1632.2430636682243
zydfHwzSgTo_40000,10.0,33,1,3,0.6666666666666666,0.6666666666666666,0.6666666666666666,0.8709677419354839,0.7933333333333333,0.6666666666666666,0.3333333333333333,0.3333333333333333,0.3333333333333333,1.0,0.5,1.9999999999999996,0.0,1.9999999999999996,0.9318683175692324,35.11495327102803,1634.1392012266356
_Rjutg8R_LU_6000,9.6535,32,1,3,1.0,0.90625,0.9508196721311475,0.90625,0.453125,0.09375,0.09375,0.0,0.0,0.0,0.0,3.999999999999999,0.9999999999999998,2.9999999999999996,0.9263714261549745,34.882692307692295,1632.2345252403845
xYlPB6_wNuo_30000,10.0,33,1,2,1.0,0.9393939393939394,0.96875,0.9393939393939394,0.4696969696969697,0.06060606060606061,0.06060606060606061,0.0,0.5,1.0,0.6666666666666666,0.9999999999999998,0.0,0.9999999999999998,0.9319014938490588,34.850467289719624,1636.0349007009345
8ow0JzYKUFo_280000,10.0,33,1,1,1.0,1.0,1.0,1.0,0.5,0.0,0.0,0.0,1.0,1.0,1.0,0.0,0.0,0.0,0.9319083594433434,35.48878504672897,1630.3473641939252
pmCbEUGTlAM_180000,10.0,33,1,1,1.0,0.9696969696969697,0.9846153846153847,0.9696969696969697,0.48484848484848486,0.030303030303030304,0.030303030303030304,0.0,1.0,1.0,1.0,0.0,0.0,0.0,0.9318995572364778,35.21775700934578,1636.0344626168223
hgUizXiWQpo_250000,10.0,33,1,2,1.0,0.5757575757575758,0.7307692307692308,0.5757575757575758,0.2878787878787879,0.42424242424242425,0.42424242424242425,0.0,0.0,0.0,0.0,2.999999999999999,0.9999999999999998,1.9999999999999996,0.9319014685791726,35.497196261682234,1632.2430636682243
vBG08EN2OT8_60000,10.0,33,1,2,0.5,0.6666666666666666,0.5714285714285715,0.896551724137931,0.7948717948717949,1.0,0.3333333333333333,0.6666666666666666,0.5,1.0,0.6666666666666666,0.9999999999999998,0.0,0.9999999999999998,0.9318681325142657,35.39065420560747,1636.033586448598
_UsNATz1sgE_30000,10.0,33,1,1,1.0,0.9696969696969697,0.9846153846153847,0.9696969696969697,0.48484848484848486,0.030303030303030304,0.030303030303030304,0.0,1.0,1.0,1.0,0.0,0.0,0.0,0.9318666000045847,35.11869158878503,1634.1383250584113
X2OQgjBVABQ_6000,9.9056875,32,1,3,1.0,0.6875,0.8148148148148148,0.6875,0.34375,0.3125,0.3125,0.0,0.3333333333333333,1.0,0.5,1.9999999999999996,0.0,1.9999999999999996,0.9505379420615828,34.9875,1634.1275540865386
fxqfZGIMeFE_24000,9.529625,31,1,5,1.0,0.6153846153846154,0.761904761904762,0.6153846153846154,0.3076923076923077,0.38461538461538464,0.38461538461538464,0.0,0.0,0.0,0.0,5.999999999999999,0.9999999999999998,4.999999999999999,0.9425131716421205,35.23663366336633,1634.1161432549504
4Ct2WjUxrJc_30000,9.4735,31,1,5,1.0,0.6666666666666666,0.8,0.6666666666666666,0.3333333333333333,0.3333333333333333,0.3333333333333333,0.0,0.0,0.0,0.0,5.999999999999999,0.9999999999999998,4.999999999999999,0.9369510822933454,35.13564356435643,1634.1161432549504
LiTpqLSu33s_50000,10.0,33,1,1,1.0,0.9696969696969697,0.9846153846153847,0.9696969696969697,0.48484848484848486,0.030303030303030304,0.030303030303030304,0.0,1.0,1.0,1.0,0.0,0.0,0.0,0.931891061738588,35.30934579439252,1634.1392012266356
nyY0UtEKXqE_50000,10.0,33,1,6,1.0,0.8181818181818182,0.9,0.8181818181818182,0.4090909090909091,0.18181818181818182,0.18181818181818182,0.0,0.0,0.0,0.0,6.999999999999999,0.9999999999999998,5.999999999999999,0.9319048513389551,35.11775700934579,1632.2430636682243
8Q2MAgDItKY_360000,10.0,33,1,1,1.0,0.9696969696969697,0.9846153846153847,0.9696969696969697,0.48484848484848486,0.030303030303030304,0.030303030303030304,0.0,1.0,1.0,1.0,0.0,0.0,0.0,0.9318816871472368,35.31028037383177,1634.1387631425234
hH0hraGCAik_30000,10.0,33,1,2,1.0,0.7777777777777778,0.8750000000000001,0.7777777777777778,0.3888888888888889,0.2222222222222222,0.2222222222222222,0.0,0.5,1.0,0.6666666666666666,0.9999999999999998,0.0,0.9999999999999998,0.9318913732403229,35.120560747663546,1632.2435017523364
EpqhsgnFy7g_0,10.00096875,33,2,2,1.0,0.90625,0.9508196721311475,0.9090909090909091,0.9531249999999999,0.09375,0.09375,0.0,1.0,1.0,1.0,0.0,0.0,0.0,0.9319851696766958,35.217757009345775,1632.2439398364486
zGEh9b4DZnU_110000,10.0,33,1,2,1.0,0.9393939393939394,0.96875,0.9393939393939394,0.4696969696969697,0.06060606060606061,0.06060606060606061,0.0,0.0,0.0,0.0,2.999999999999999,0.9999999999999998,1.9999999999999996,0.9319042947557793,35.12990654205607,1630.3478022780373
WAsayl6LjV8_300000,10.0,33,1,1,1.0,0.9696969696969697,0.9846153846153847,0.9696969696969697,0.48484848484848486,0.030303030303030304,0.030303030303030304,0.0,1.0,1.0,1.0,0.0,0.0,0.0,0.9318675757121097,35.11775700934578,1634.1383250584113
Yfi9a_yPdxk_11000,9.9135,32,1,1,0.8823529411764706,1.0,0.9375,0.8823529411764706,0.5,0.13333333333333333,0.0,0.13333333333333333,1.0,1.0,1.0,0.0,0.0,0.0,0.951314977403866,35.175,1634.1280048076924
Nkugm1VeQ_8_30000,10.0,33,1,1,1.0,0.9696969696969697,0.9846153846153847,0.9696969696969697,0.48484848484848486,0.030303030303030304,0.030303030303030304,0.0,1.0,1.0,1.0,0.0,0.0,0.0,0.9318799583319681,35.034579439252326,1632.2426255841121
hlcExKLsgNM_30000,10.00059375,33,1,1,1.0,0.9696969696969697,0.9846153846153847,0.9696969696969697,0.48484848484848486,0.030303030303030304,0.030303030303030304,0.0,1.0,1.0,1.0,0.0,0.0,0.0,0.9319450639233825,35.588785046728965,1636.033586448598
S1Lst9K0sZw_10000,10.0,33,1,4,1.0,0.8181818181818182,0.9,0.8181818181818182,0.4090909090909091,0.18181818181818182,0.18181818181818182,0.0,0.0,0.0,0.0,4.999999999999999,0.9999999999999998,3.999999999999999,0.9318512595364449,35.125233644859804,1634.1383250584113
z0vyfexYZ_s_25000,9.0535,30,2,3,1.0,0.47619047619047616,0.6451612903225806,0.6333333333333333,0.7380952380952381,0.5238095238095238,0.5238095238095238,0.0,0.0,0.0,0.0,2.5,1.0,1.5,0.9237137981295516,35.28979591836733,1634.023716517857
oMG7nDppDXI_9000,9.50628125,31,1,1,1.0,0.8064516129032258,0.8928571428571428,0.8064516129032258,0.4032258064516129,0.1935483870967742,0.1935483870967742,0.0,1.0,1.0,1.0,0.0,0.0,0.0,0.9401760114365931,35.13465346534652,1632.2259436881188
UYsQCoHjhEY_30000,10.0,33,1,1,1.0,0.9696969696969697,0.9846153846153847,0.9696969696969697,0.48484848484848486,0.030303030303030304,0.030303030303030304,0.0,1.0,1.0,1.0,0.0,0.0,0.0,0.931866676597094,35.03084112149532,1636.0344626168223
WuQMDn8NnLA_140000,10.0,33,1,1,1.0,0.9696969696969697,0.9846153846153847,0.9696969696969697,0.48484848484848486,0.030303030303030304,0.030303030303030304,0.0,1.0,1.0,1.0,0.0,0.0,0.0,0.931894588326073,35.02803738317756,1630.3482403621495
EKAo8LAWxvk_60000,10.00096875,33,1,1,1.0,0.9696969696969697,0.9846153846153847,0.9696969696969697,0.48484848484848486,0.030303030303030304,0.030303030303030304,0.0,1.0,1.0,1.0,0.0,0.0,0.0,0.9319810215976483,35.49158878504673,1634.1396393107477
HKNmrYc9Rao_500000,9.99978125,33,1,1,1.0,0.9696969696969697,0.9846153846153847,0.9696969696969697,0.48484848484848486,0.030303030303030304,0.030303030303030304,0.0,1.0,1.0,1.0,0.0,0.0,0.0,0.9318947942456979,35.222429906542054,1632.2543443341121
2jn7-T4oifc_90000,10.0,33,2,4,1.0,0.8148148148148148,0.8979591836734693,0.8484848484848485,0.9074074074074074,0.18518518518518517,0.18518518518518517,0.0,0.5,1.0,0.6666666666666666,1.0,0.0,1.0,0.9319064331296777,35.2196261682243,1634.1392012266356
3o7ZM6B3YxU_30000,10.0,33,1,2,1.0,0.9393939393939394,0.96875,0.9393939393939394,0.4696969696969697,0.06060606060606061,0.06060606060606061,0.0,0.0,0.0,0.0,2.999999999999999,0.9999999999999998,1.9999999999999996,0.9318950839353289,35.31028037383177,1630.3478022780373
5ZwM_O5yTiA_160000,10.0,33,1,6,1.0,0.696969696969697,0.8214285714285715,0.696969696969697,0.3484848484848485,0.30303030303030304,0.30303030303030304,0.0,0.0,0.0,0.0,6.999999999999999,0.9999999999999998,5.999999999999999,0.9318603568602176,35.30841121495326,1636.0340245327102
iNcEhkIuJEE_0,10.0,33,2,2,1.0,0.8787878787878788,0.9354838709677419,0.8787878787878788,0.4393939393939394,0.12121212121212122,0.12121212121212122,0.0,1.0,1.0,1.0,0.0,0.0,0.0,0.9318833439735195,35.4056074766355,1632.2435017523364
buTBsCSFMCs_30000,10.0,33,1,7,1.0,0.48484848484848486,0.653061224489796,0.48484848484848486,0.24242424242424243,0.5151515151515151,0.5151515151515151,0.0,0.0,0.0,0.0,7.999999999999998,0.9999999999999998,6.999999999999998,0.931877910559271,35.21682242990653,1632.2435017523364
J8NXRSV7DPk_80000,10.0,33,1,4,1.0,0.44,0.6111111111111112,0.46153846153846156,0.7199999999999999,0.56,0.56,0.0,0.0,0.0,0.0,4.999999999999999,0.9999999999999998,3.999999999999999,0.9318947248390865,35.306542056074754,1632.2439398364486
Kalum2MqRo4_130000,10.0,33,1,3,1.0,0.3939393939393939,0.5652173913043478,0.3939393939393939,0.19696969696969696,0.6060606060606061,0.6060606060606061,0.0,0.0,0.0,0.0,3.999999999999999,0.9999999999999998,2.9999999999999996,0.9318935649650171,35.120560747663546,1632.2430636682243
WQWUEZtm8Jw_30000,10.0,33,1,1,1.0,0.9696969696969697,0.9846153846153847,0.9696969696969697,0.48484848484848486,0.030303030303030304,0.030303030303030304,0.0,1.0,1.0,1.0,0.0,0.0,0.0,0.9318726576552103,35.03177570093457,1634.1387631425234
a_mdhaQPQ3w_60000,10.0,33,1,4,0.12,0.6,0.19999999999999998,0.2727272727272727,0.40714285714285714,4.800000000000001,0.4,4.4,0.25,1.0,0.4,2.9999999999999996,0.0,2.9999999999999996,0.9319030494889506,34.83925233644859,1632.2430636682243
7XH99mMfQlY_30000,10.0,33,1,1,1.0,0.9696969696969697,0.9846153846153847,0.9696969696969697,0.48484848484848486,0.030303030303030304,0.030303030303030304,0.0,1.0,1.0,1.0,0.0,0.0,0.0,0.9318795665027074,34.93364485981308,1634.1392012266356
QM6980cWj7Q_70000,9.99978125,33,1,4,1.0,0.5333333333333333,0.6956521739130436,0.7878787878787878,0.7666666666666666,0.4666666666666667,0.4666666666666667,0.0,0.0,0.0,0.0,4.999999999999999,0.9999999999999998,3.999999999999999,0.9318409007683344,35.20841121495326,1630.3482403621495
7_cwQ5jUpfg_10000,10.0,33,1,4,1.0,0.6363636363636364,0.7777777777777778,0.6363636363636364,0.3181818181818182,0.36363636363636365,0.36363636363636365,0.0,0.0,0.0,0.0,4.999999999999999,0.9999999999999998,3.999999999999999,0.931886225789831,35.120560747663546,1632.2435017523364
5FUholzEwVo_30000,10.0,33,1,5,1.0,0.7878787878787878,0.8813559322033898,0.7878787878787878,0.3939393939393939,0.21212121212121213,0.21212121212121213,0.0,0.0,0.0,0.0,5.999999999999999,0.9999999999999998,4.999999999999999,0.9318732894951393,35.398130841121485,1632.2435017523364
BUdnzT2ud_w_30000,10.0,33,1,5,1.0,0.6060606060606061,0.7547169811320755,0.6060606060606061,0.30303030303030304,0.3939393939393939,0.3939393939393939,0.0,0.0,0.0,0.0,5.999999999999999,0.9999999999999998,4.999999999999999,0.9318952594421448,35.40841121495326,1634.1383250584113
QQ8VXoRisuw_350000,10.0,33,1,1,1.0,0.9696969696969697,0.9846153846153847,0.9696969696969697,0.48484848484848486,0.030303030303030304,0.030303030303030304,0.0,1.0,1.0,1.0,0.0,0.0,0.0,0.9318886106259291,35.21121495327102,1634.1387631425234
QfSTaybPeVM_5000,9.7135,32,1,3,1.0,0.8125,0.896551724137931,0.8125,0.40625,0.1875,0.1875,0.0,0.0,0.0,0.0,3.999999999999999,0.9999999999999998,2.9999999999999996,0.9321123541534684,34.701923076923066,1632.2349759615386
sPPZ4o_J15M_190000,10.0,33,1,6,1.0,0.78125,0.8771929824561403,0.7878787878787878,0.8906249999999999,0.21875,0.21875,0.0,0.0,0.0,0.0,6.999999999999999,0.9999999999999998,5.999999999999999,0.9318909582248647,35.21775700934579,1634.1383250584113
xLXyvisbps0_20000,10.0,33,2,1,1.0,0.9696969696969697,0.9846153846153847,0.9696969696969697,0.48484848484848486,0.030303030303030304,0.030303030303030304,0.0,1.0,0.5,0.6666666666666666,0.5,0.5,0.0,0.931878557080232,35.40373831775701,1634.1383250584113
THm-c9XQxiw_290000,10.0,33,1,5,0.5714285714285714,0.8888888888888888,0.6956521739130435,0.7586206896551724,0.7944444444444444,0.7777777777777777,0.1111111111111111,0.6666666666666666,0.2,1.0,0.33333333333333337,3.999999999999999,0.0,3.999999999999999,0.9318818550061863,35.49999999999999,1634.1392012266356
5CuzWRfz5D8_0,9.98459375,33,1,2,1.0,0.8787878787878788,0.9354838709677419,0.8787878787878788,0.4393939393939394,0.12121212121212122,0.12121212121212122,0.0,0.5,1.0,0.6666666666666666,0.9999999999999998,0.0,0.9999999999999998,0.9304475606149792,35.67570093457943,1632.2426255841121
BQQzUbV1tyQ_20000,10.0,33,1,4,0.2692307692307692,0.875,0.411764705882353,0.3939393939393939,0.5575,2.5,0.125,2.375,0.0,0.0,0.0,4.999999999999999,0.9999999999999998,3.999999999999999,0.9318868282897099,34.93738317757008,1636.033586448598
nBZaKSaTxzk_6000,9.9935,33,1,1,1.0,0.96875,0.9841269841269841,0.96875,0.484375,0.03125,0.03125,0.0,1.0,1.0,1.0,0.0,0.0,0.0,0.9312847689682101,35.30841121495326,1634.1387631425234
CY8fgEjV9v0_0,10.0,33,1,6,1.0,0.53125,0.6938775510204082,0.5454545454545454,0.7656249999999999,0.46875,0.46875,0.0,0.0,0.0,0.0,6.999999999999999,0.9999999999999998,5.999999999999999,0.9318614555167889,35.122429906542045,1632.2426255841121
3oefh4d24h4_0,10.0,33,1,1,1.0,0.9393939393939394,0.96875,0.9393939393939394,0.4696969696969697,0.06060606060606061,0.06060606060606061,0.0,1.0,1.0,1.0,0.0,0.0,0.0,0.9318609717507272,35.128971962616816,1636.0344626168223
kJZuUK8shus_30000,10.0,33,1,1,1.0,0.9696969696969697,0.9846153846153847,0.9696969696969697,0.48484848484848486,0.030303030303030304,0.030303030303030304,0.0,1.0,1.0,1.0,0.0,0.0,0.0,0.9318996696943509,35.31308411214952,1632.264566296729
2Pq9c0tFt1g_30000,10.0,33,1,4,1.0,0.8181818181818182,0.9,0.8181818181818182,0.4090909090909091,0.18181818181818182,0.18181818181818182,0.0,0.0,0.0,0.0,4.999999999999999,0.9999999999999998,3.999999999999999,0.931864928301522,35.125233644859804,1632.5047824182243
BHKlvDEechU_20000,10.0,33,1,1,1.0,0.9696969696969697,0.9846153846153847,0.9696969696969697,0.48484848484848486,0.030303030303030304,0.030303030303030304,0.0,1.0,1.0,1.0,0.0,0.0,0.0,0.9318881023409569,35.028037383177555,1634.4000438084113
E7UqRCbeqio_110000,10.0,33,1,1,1.0,0.9696969696969697,0.9846153846153847,0.9696969696969697,0.48484848484848486,0.030303030303030304,0.030303030303030304,0.0,1.0,1.0,1.0,0.0,0.0,0.0,0.9318916103192446,34.93551401869158,1634.4004818925234
zrWuUrzPYr8_18000,10.0,33,1,1,1.0,0.9696969696969697,0.9846153846153847,0.9696969696969697,0.48484848484848486,0.030303030303030304,0.030303030303030304,0.0,1.0,1.0,1.0,0.0,0.0,0.0,0.9318749623655085,35.306542056074754,1632.5052205023364
HaKaWdQA2lE_1000,9.07746875,30,1,2,1.0,0.9,0.9473684210526316,0.9,0.45,0.1,0.1,0.0,0.0,0.0,0.0,2.999999999999999,0.9999999999999998,1.9999999999999996,0.9261908065230721,34.88571428571427,1632.4190051020407
XQxdQBggiPA_250000,9.99934375,33,1,1,1.0,0.9696969696969697,0.9846153846153847,0.9696969696969697,0.48484848484848486,0.030303030303030304,0.030303030303030304,0.0,1.0,1.0,1.0,0.0,0.0,0.0,0.9318323818417521,35.31401869158877,1632.5052205023364
36BBy7JAp68_22000,9.300375,31,1,1,1.0,0.9,0.9473684210526316,0.9545454545454546,0.95,0.1,0.1,0.0,1.0,1.0,1.0,0.0,0.0,0.0,0.9198550357157882,34.93267326732673,1632.4876624381188
dA68H-_i3R0_40000,10.0,33,1,6,1.0,0.8787878787878788,0.9354838709677419,0.8787878787878788,0.4393939393939394,0.12121212121212122,0.12121212121212122,0.0,0.0,0.0,0.0,6.999999999999999,0.9999999999999998,5.999999999999999,0.9318708247576347,35.312149532710265,1636.2961813668223
e1_wbMvQ9Ug_30000,10.0,33,1,4,1.0,0.27586206896551724,0.4324324324324324,0.36363636363636365,0.6379310344827587,0.7241379310344828,0.7241379310344828,0.0,0.0,0.0,0.0,4.999999999999999,0.9999999999999998,3.999999999999999,0.9318719675509756,35.307476635514014,1632.5165011682243
zcrTMfIXLBw_18000,9.32990625,31,1,3,1.0,0.8421052631578947,0.9142857142857143,0.8421052631578947,0.42105263157894735,0.15789473684210525,0.15789473684210525,0.0,0.0,0.0,0.0,3.999999999999999,0.9999999999999998,2.9999999999999996,0.9227593097843235,35.12871287128712,1632.4876624381188
H6GMg3Qn5ZM_8000,9.6535,32,1,4,1.0,0.25,0.4,0.25,0.125,0.75,0.75,0.0,0.0,0.0,0.0,4.999999999999999,0.9999999999999998,3.999999999999999,0.9263522757231456,35.2701923076923,1636.2832406850962
g4n4_16-MQA_0,6.71059375,22,1,2,1.0,0.9090909090909091,0.9523809523809523,0.9090909090909091,0.45454545454545453,0.09090909090909091,0.09090909090909091,0.0,0.5,1.0,0.6666666666666666,0.9999999999999998,0.0,0.9999999999999998,0.9166394843635534,34.827397260273976,1630.5216181506848
EHr2Bjr155s_40000,10.0,33,2,1,1.0,0.9696969696969697,0.9846153846153847,0.9696969696969697,0.48484848484848486,0.030303030303030304,0.030303030303030304,0.0,1.0,0.5,0.6666666666666666,0.5,0.5,0.0,0.931898657963702,35.21869158878504,1636.2961813668223
kE45FZIxn1o_9000,9.0535,30,2,2,0.9130434782608695,0.9545454545454546,0.9333333333333332,0.9,0.8522727272727273,0.13636363636363635,0.045454545454545456,0.09090909090909091,0.5,0.5,0.5,1.0,0.5,0.5,0.9237357883696858,34.89081632653061,1632.4190051020407
5xKYPgCaSoI_20000,10.0,33,1,1,1.0,0.9230769230769231,0.9600000000000001,0.9230769230769231,0.46153846153846156,0.07692307692307693,0.07692307692307693,0.0,1.0,1.0,1.0,0.0,0.0,0.0,0.9318924295038983,35.31495327102803,1632.5052205023364
W8R9fj3e0Jk_0,10.0,33,1,1,1.0,0.9393939393939394,0.96875,0.9393939393939394,0.4696969696969697,0.06060606060606061,0.06060606060606061,0.0,1.0,1.0,1.0,0.0,0.0,0.0,0.9318948158528393,35.028971962616815,1632.5056585864486
fWmuZL59GP0_40000,10.0,33,1,1,1.0,0.9696969696969697,0.9846153846153847,0.9696969696969697,0.48484848484848486,0.030303030303030304,0.030303030303030304,0.0,1.0,1.0,1.0,0.0,0.0,0.0,0.9318935658395151,35.21308411214953,1630.6095210280373
Xy33HXzHAJs_10000,10.0,33,1,1,1.0,0.92,0.9583333333333334,0.92,0.46,0.08,0.08,0.0,1.0,1.0,1.0,0.0,0.0,0.0,0.9318745701057453,35.12149532710279,1634.4004818925234
hEvPSejVbmY_360000,10.0,33,1,1,1.0,0.95,0.9743589743589743,0.9696969696969697,0.975,0.05,0.05,0.0,1.0,1.0,1.0,0.0,0.0,0.0,0.931887155165416,35.11308411214952,1632.5043443341121
lQiC83cGYWQ_25000,9.3535,31,1,2,1.0,0.36666666666666664,0.5365853658536585,0.36666666666666664,0.18333333333333332,0.6333333333333333,0.6333333333333333,0.0,0.0,0.0,0.0,2.999999999999999,0.9999999999999998,1.9999999999999996,0.925096044868276,34.74257425742573,1636.2685643564357
IA7HA1NMPGg_40000,10.0008125,33,1,1,1.0,0.9696969696969697,0.9846153846153847,0.9696969696969697,0.48484848484848486,0.030303030303030304,0.030303030303030304,0.0,1.0,1.0,1.0,0.0,0.0,0.0,0.9319541705134929,35.39906542056074,1630.6099591121495
AGoWSs94hQc_30000,10.0,33,1,1,1.0,0.9696969696969697,0.9846153846153847,0.9696969696969697,0.48484848484848486,0.030303030303030304,0.030303030303030304,0.0,1.0,1.0,1.0,0.0,0.0,0.0,0.931904198619442,35.21588785046728,1632.5047824182243
iFEJ1bu8g9M_30000,10.0,33,1,2,0.5,0.14285714285714285,0.22222222222222224,0.65,0.532967032967033,1.0,0.8571428571428571,0.14285714285714285,0.0,0.0,0.0,2.999999999999999,0.9999999999999998,1.9999999999999996,0.9318953383848491,35.86168224299064,1634.4009199766356
n7PpZ3QPNrA_30000,10.0,33,2,9,1.0,0.6153846153846154,0.761904761904762,0.6153846153846154,0.3076923076923077,0.38461538461538464,0.38461538461538464,0.0,0.1111111111111111,0.5,0.1818181818181818,4.5,0.5,4.0,0.9318531181550369,35.21121495327102,1630.6099591121495
mcA_nVdrI0A_70000,10.0,33,1,5,0.42857142857142855,1.0,0.6,0.625,0.7391304347826086,1.3333333333333333,0.0,1.3333333333333333,0.2,1.0,0.33333333333333337,3.999999999999999,0.0,3.999999999999999,0.9318833044602159,35.21401869158877,1632.5047824182243
yurEuCNPXn4_30000,10.0,33,1,8,1.0,0.42424242424242425,0.5957446808510638,0.42424242424242425,0.21212121212121213,0.5757575757575758,0.5757575757575758,0.0,0.0,0.0,0.0,8.999999999999998,0.9999999999999998,7.999999999999998,0.9318981876203514,35.68130841121495,1634.4004818925234
Bdw1KK2PKh8_30000,10.0,33,2,4,0.75,0.75,0.75,0.8333333333333334,0.8125,0.5,0.25,0.25,0.5,1.0,0.6666666666666666,1.0,0.0,1.0,0.9318575822736165,34.8429906542056,1634.4000438084113
ZWmXgdnE3ig_240000,10.0,33,1,1,1.0,0.9696969696969697,0.9846153846153847,0.9696969696969697,0.48484848484848486,0.030303030303030304,0.030303030303030304,0.0,1.0,1.0,1.0,0.0,0.0,0.0,0.9318977125056053,35.31588785046728,1636.3074620327102
1XhQDGJC2EU_420000,10.0,33,1,1,1.0,0.9090909090909091,0.9523809523809523,0.9090909090909091,0.45454545454545453,0.09090909090909091,0.09090909090909091,0.0,0.0,0.0,0.0,1.9999999999999996,0.9999999999999998,0.9999999999999998,0.9319052195622738,35.493457943925215,1630.6095210280373
G25ceVGnGuU_10000,10.0,33,1,1,1.0,0.9696969696969697,0.9846153846153847,0.9696969696969697,0.48484848484848486,0.030303030303030304,0.030303030303030304,0.0,1.0,1.0,1.0,0.0,0.0,0.0,0.9318745012456225,35.31028037383177,1634.4004818925234
IYM-o_oECrU_10000,10.0,33,1,1,1.0,0.9696969696969697,0.9846153846153847,0.9696969696969697,0.48484848484848486,0.030303030303030304,0.030303030303030304,0.0,1.0,1.0,1.0,0.0,0.0,0.0,0.9318636069876297,35.124299065420566,1632.5052205023364
M89o1Gxr-dY_3000,10.0,33,1,0,,0.0,,0.09090909090909091,0.5,1.0,1.0,0.0,,0.0,,0.9999999999999998,0.9999999999999998,0.0,0.9318504522363845,35.31121495327102,1632.5047824182243
BA1sXNwGq7M_30000,10.0,33,1,5,1.0,0.6060606060606061,0.7547169811320755,0.6060606060606061,0.30303030303030304,0.3939393939393939,0.3939393939393939,0.0,0.0,0.0,0.0,5.999999999999999,0.9999999999999998,4.999999999999999,0.9318975094635783,35.123364485981305,1634.4000438084113
JOqyG7wzigY_15000,9.8735,32,1,1,1.0,0.96875,0.9841269841269841,0.96875,0.484375,0.03125,0.03125,0.0,1.0,1.0,1.0,0.0,0.0,0.0,0.9474650192978749,35.08365384615384,1636.2827899639424
R4tXqNFRXdw_10000,10.0,33,1,2,1.0,0.9393939393939394,0.96875,0.9393939393939394,0.4696969696969697,0.06060606060606061,0.06060606060606061,0.0,0.5,1.0,0.6666666666666666,0.9999999999999998,0.0,0.9999999999999998,0.9318908296996534,35.77383177570093,1630.6095210280373
vi5I9NDrDGM_30000,10.0,33,1,5,1.0,0.5454545454545454,0.7058823529411764,0.5454545454545454,0.2727272727272727,0.45454545454545453,0.45454545454545453,0.0,0.0,0.0,0.0,5.999999999999999,0.9999999999999998,4.999999999999999,0.9318640384768823,35.39626168224299,1634.4000438084113
nGono3etPsU_20000,10.0,33,1,1,1.0,0.9696969696969697,0.9846153846153847,0.9696969696969697,0.48484848484848486,0.030303030303030304,0.030303030303030304,0.0,1.0,1.0,1.0,0.0,0.0,0.0,0.9318765341525752,35.119626168224286,1634.4000438084113
EBSOm3ZGnls_0,10.0,33,1,1,1.0,0.9393939393939394,0.96875,0.9393939393939394,0.4696969696969697,0.06060606060606061,0.06060606060606061,0.0,1.0,1.0,1.0,0.0,0.0,0.0,0.9319034534042673,35.21121495327102,1636.2957432827102
S6oggwc35is_0,10.0,33,1,3,1.0,0.26666666666666666,0.4210526315789474,0.3888888888888889,0.6333333333333333,0.7333333333333333,0.7333333333333333,0.0,0.0,0.0,0.0,3.999999999999999,0.9999999999999998,2.9999999999999996,0.9318665716987703,35.49813084112149,1632.5047824182243
feFJuNFY6Dw_30000,10.0,33,1,1,1.0,0.9696969696969697,0.9846153846153847,0.9696969696969697,0.48484848484848486,0.030303030303030304,0.030303030303030304,0.0,1.0,1.0,1.0,0.0,0.0,0.0,0.9318636645592696,35.12616822429906,1634.4004818925234
vVqUvv1SSu8_30000,10.0,33,1,2,1.0,0.9393939393939394,0.96875,0.9393939393939394,0.4696969696969697,0.06060606060606061,0.06060606060606061,0.0,0.0,0.0,0.0,2.999999999999999,0.9999999999999998,1.9999999999999996,0.9318645529881291,35.685046728971955,1632.5047824182243
RAxD5JMXCnE_50000,10.0,33,1,5,1.0,0.7272727272727273,0.8421052631578948,0.7272727272727273,0.36363636363636365,0.2727272727272727,0.2727272727272727,0.0,0.0,0.0,0.0,5.999999999999999,0.9999999999999998,4.999999999999999,0.9318521070511273,35.398130841121485,1634.4004818925234
EA33eNV3TsM_350000,10.0,33,1,1,1.0,0.9696969696969697,0.9846153846153847,0.9696969696969697,0.48484848484848486,0.030303030303030304,0.030303030303030304,0.0,1.0,1.0,1.0,0.0,0.0,0.0,0.931872933200821,35.30841121495325,1632.5052205023364
n5CNDVuGtK0_80000,10.0,33,1,5,0.8947368421052632,0.7083333333333334,0.7906976744186046,0.7096774193548387,0.7113095238095238,0.375,0.2916666666666667,0.08333333333333333,0.0,0.0,0.0,5.999999999999999,0.9999999999999998,4.999999999999999,0.931887659976681,35.11682242990655,1632.5056585864486
4x5QJMNn7Ok_30000,10.0,33,1,1,1.0,0.9696969696969697,0.9846153846153847,0.9696969696969697,0.48484848484848486,0.030303030303030304,0.030303030303030304,0.0,1.0,1.0,1.0,0.0,0.0,0.0,0.931877461598142,35.31401869158877,1630.6099591121495
FVnYbYOd5cc_30000,10.0,33,1,4,1.0,0.12121212121212122,0.21621621621621626,0.12121212121212122,0.06060606060606061,0.8787878787878788,0.8787878787878788,0.0,0.0,0.0,0.0,4.999999999999999,0.9999999999999998,3.999999999999999,0.9318669676719956,35.125233644859804,1632.5052205023364
TEy6U03WIQg_10000,10.0,33,2,4,1.0,0.8787878787878788,0.9354838709677419,0.8787878787878788,0.4393939393939394,0.12121212121212122,0.12121212121212122,0.0,0.0,0.0,0.0,3.0,1.0,2.0,0.9318882016888541,35.12429906542055,1632.5052205023364
Fc9uqHOuyBQ_1000,10.0,33,1,1,1.0,1.0,1.0,1.0,0.5,0.0,0.0,0.0,1.0,1.0,1.0,0.0,0.0,0.0,0.9318791058180278,35.406542056074755,1632.5056585864486
wZTfCOkUAh4_17000,9.44753125,31,1,3,1.0,0.9354838709677419,0.9666666666666666,0.9354838709677419,0.46774193548387094,0.06451612903225806,0.06451612903225806,0.0,0.0,0.0,0.0,3.999999999999999,0.9999999999999998,2.9999999999999996,0.9343687655339253,34.94158415841583,1632.4881265470297
OOfihZzHtcs_30000,10.0,33,1,1,1.0,0.9696969696969697,0.9846153846153847,0.9696969696969697,0.48484848484848486,0.030303030303030304,0.030303030303030304,0.0,1.0,1.0,1.0,0.0,0.0,0.0,0.9319079308601441,35.125233644859804,1636.2957432827102
5UBA5w2Nb20_29000,9.9335,33,1,4,0.42857142857142855,0.75,0.5454545454545454,0.7916666666666666,0.775,1.25,0.25,1.0,0.25,1.0,0.4,2.9999999999999996,0.0,2.9999999999999996,0.9256870876504576,35.40560747663551,1632.5047824182243
ZLEZm1gcO_0_30000,10.0,33,1,1,1.0,0.9696969696969697,0.9846153846153847,0.9696969696969697,0.48484848484848486,0.030303030303030304,0.030303030303030304,0.0,1.0,1.0,1.0,0.0,0.0,0.0,0.9318882082045483,35.31121495327102,1634.4009199766356
oxFvQfBMJm4_9000,9.3335,31,1,1,0.967741935483871,1.0,0.9836065573770492,0.967741935483871,0.5,0.03333333333333333,0.0,0.03333333333333333,1.0,1.0,1.0,0.0,0.0,0.0,0.9231093411355789,35.42772277227722,1630.5988551980197
7lAs7IWYbsY_11000,9.4535,31,2,3,1.0,0.6451612903225806,0.7843137254901961,0.6451612903225806,0.3225806451612903,0.3548387096774194,0.3548387096774194,0.0,0.0,0.0,0.0,2.5,1.0,1.5,0.9349805943541636,35.03564356435642,1632.4885906559407
nuq4VZHVGDY_30000,10.0,33,1,2,1.0,0.8484848484848485,0.9180327868852458,0.8484848484848485,0.42424242424242425,0.15151515151515152,0.15151515151515152,0.0,0.5,1.0,0.6666666666666666,0.9999999999999998,0.0,0.9999999999999998,0.9318907432916674,35.39999999999999,1632.5052205023364
2Iy5umNshug_60000,10.0,33,1,1,1.0,0.391304347826087,0.5625,0.5757575757575758,0.6956521739130435,0.6086956521739131,0.6086956521739131,0.0,0.0,0.0,0.0,1.9999999999999996,0.9999999999999998,0.9999999999999998,0.9318679244507225,35.21775700934579,1632.5052205023364
KvoVUZQ9520_20000,10.0,33,3,3,0.8636363636363636,0.76,0.8085106382978724,0.7272727272727273,0.6925,0.36,0.24,0.12,0.6666666666666666,0.6666666666666666,0.6666666666666666,0.6666666666666666,0.3333333333333333,0.3333333333333333,0.9319058866142441,35.492523364485976,1632.5047824182243
d5B0q1J7wP4_0,10.0,33,1,1,1.0,0.9696969696969697,0.9846153846153847,0.9696969696969697,0.48484848484848486,0.030303030303030304,0.030303030303030304,0.0,1.0,1.0,1.0,0.0,0.0,0.0,0.9318911109781302,35.395327102803726,1634.4000438084113
pTJYOdjuvDQ_30000,10.0,33,1,2,1.0,0.9090909090909091,0.9523809523809523,0.9090909090909091,0.45454545454545453,0.09090909090909091,0.09090909090909091,0.0,0.0,0.0,0.0,2.999999999999999,0.9999999999999998,1.9999999999999996,0.9318759653556579,35.30747663551401,1634.4000438084113
TZPHqJ9SAeI_30000,10.0,33,1,7,0.5,0.5454545454545454,0.5217391304347826,0.6451612903225806,0.6227272727272727,1.0,0.45454545454545453,0.5454545454545454,0.0,0.0,0.0,7.999999999999998,0.9999999999999998,6.999999999999998,0.93184409251714,35.03364485981308,1634.4000438084113
NKxlTzNnPzo_10000,10.0,33,1,2,1.0,0.8787878787878788,0.9354838709677419,0.8787878787878788,0.4393939393939394,0.12121212121212122,0.12121212121212122,0.0,0.5,1.0,0.6666666666666666,0.9999999999999998,0.0,0.9999999999999998,0.9319074972425057,34.934579439252325,1634.4009199766356
91Ai-_WcYDg_30000,10.0,33,1,2,1.0,0.5714285714285714,0.7272727272727273,0.7272727272727273,0.7857142857142857,0.42857142857142855,0.42857142857142855,0.0,0.0,0.0,0.0,2.999999999999999,0.9999999999999998,1.9999999999999996,0.9318621847681986,35.213084112149524,1630.6095210280373
DWXQ_cSUW98_30000,10.0,33,1,2,0.9642857142857143,1.0,0.9818181818181818,0.9642857142857143,0.5,0.037037037037037035,0.0,0.037037037037037035,0.5,1.0,0.6666666666666666,0.9999999999999998,0.0,0.9999999999999998,0.9318372079912324,35.12803738317756,1634.4000438084113
KlRGLudTo4E_0,9.0,30,1,1,1.0,0.9666666666666667,0.983050847457627,0.9666666666666667,0.48333333333333334,0.03333333333333333,0.03333333333333333,0.0,1.0,1.0,1.0,0.0,0.0,0.0,0.918286406176016,35.08775510204081,1634.2842394770407
xw80QEmSrhY_0,5.4535,18,1,1,1.0,0.9444444444444444,0.9714285714285714,0.9444444444444444,0.4722222222222222,0.05555555555555555,0.05555555555555555,0.0,1.0,1.0,1.0,0.0,0.0,0.0,0.8968151208461453,33.65737704918033,1633.987512807377
vMD8HeOqsqU_30000,10.0,33,3,6,1.0,0.8181818181818182,0.9,0.8181818181818182,0.4090909090909091,0.18181818181818182,0.18181818181818182,0.0,0.3333333333333333,0.6666666666666666,0.4444444444444444,1.6666666666666665,0.3333333333333333,1.3333333333333333,0.9318679953115049,35.21588785046728,1634.4000438084113
4iWXpUNpXtw_410000,10.0,33,2,1,1.0,0.9696969696969697,0.9846153846153847,0.9696969696969697,0.48484848484848486,0.030303030303030304,0.030303030303030304,0.0,1.0,0.5,0.6666666666666666,0.5,0.5,0.0,0.9318746344621432,35.215887850467276,1634.4009199766356
xCcAhEw577g_40000,10.0,33,1,1,1.0,0.9696969696969697,0.9846153846153847,0.9696969696969697,0.48484848484848486,0.030303030303030304,0.030303030303030304,0.0,1.0,1.0,1.0,0.0,0.0,0.0,0.9318589960531016,35.395327102803726,1630.6099591121495
JLiMTvMwu8Q_20000,10.0,33,1,2,1.0,0.85,0.9189189189189189,0.9090909090909091,0.925,0.15,0.15,0.0,0.0,0.0,0.0,2.999999999999999,0.9999999999999998,1.9999999999999996,0.9318879061726464,35.12429906542055,1632.5052205023364
fd6d4maifOQ_0,10.0,33,1,1,1.0,0.9696969696969697,0.9846153846153847,0.9696969696969697,0.48484848484848486,0.030303030303030304,0.030303030303030304,0.0,1.0,1.0,1.0,0.0,0.0,0.0,0.9318887559983435,35.30560747663551,1632.5043443341121
XgMG6Frhkw4_30000,10.0,33,1,3,0.32142857142857145,0.9,0.4736842105263158,0.3939393939393939,0.5369565217391304,2.0,0.1,1.9,0.0,0.0,0.0,3.999999999999999,0.9999999999999998,2.9999999999999996,0.9318953561882833,35.03457943925233,1636.2957432827102
vSsV4FF1i-M_30000,10.0,33,1,2,1.0,0.9393939393939394,0.96875,0.9393939393939394,0.4696969696969697,0.06060606060606061,0.06060606060606061,0.0,0.5,1.0,0.6666666666666666,0.9999999999999998,0.0,0.9999999999999998,0.9318710204031787,34.93551401869158,1632.5056585864486
fbFFBO5rDaY_160000,10.0,33,1,2,1.0,0.9090909090909091,0.9523809523809523,0.9090909090909091,0.45454545454545453,0.09090909090909091,0.09090909090909091,0.0,0.0,0.0,0.0,2.999999999999999,0.9999999999999998,1.9999999999999996,0.9318829022152807,35.12710280373831,1630.6099591121495
BHtukWoETTs_30000,10.0,33,1,1,1.0,0.9696969696969697,0.9846153846153847,0.9696969696969697,0.48484848484848486,0.030303030303030304,0.030303030303030304,0.0,1.0,1.0,1.0,0.0,0.0,0.0,0.9318590511929439,35.12056074766354,1632.5043443341121
S5AG_62DS1w_22000,9.8135,32,1,3,1.0,0.84375,0.9152542372881356,0.84375,0.421875,0.15625,0.15625,0.0,0.3333333333333333,1.0,0.5,1.9999999999999996,0.0,1.9999999999999996,0.9417067830075073,34.79326923076922,1636.2823392427886
AUngoGOk1_Y_7000,9.64871875,32,1,1,1.0,0.96875,0.9841269841269841,0.96875,0.484375,0.03125,0.03125,0.0,1.0,1.0,1.0,0.0,0.0,0.0,0.9258615606737343,35.27115384615384,1634.4009915865386
V1YSQl_VkAk_19000,9.7935,32,1,3,1.0,0.875,0.9333333333333333,0.875,0.4375,0.125,0.125,0.0,0.0,0.0,0.0,3.999999999999999,0.9999999999999998,2.9999999999999996,0.9397839589441087,35.07403846153845,1632.5643028846155
N_GeH99AiVY_30000,10.0,33,1,3,1.0,0.8787878787878788,0.9354838709677419,0.8787878787878788,0.4393939393939394,0.12121212121212122,0.12121212121212122,0.0,0.0,0.0,0.0,3.999999999999999,0.9999999999999998,2.9999999999999996,0.9318782390715102,34.93177570093457,1636.1582943925234
VpQgLide8VA_60000,10.0,33,1,1,1.0,0.9393939393939394,0.96875,0.9393939393939394,0.4696969696969697,0.06060606060606061,0.06060606060606061,0.0,1.0,1.0,1.0,0.0,0.0,0.0,0.9318682738871351,35.58037383177569,1634.2625949182243
M5u3gVo4hVs_250000,10.0,33,1,3,1.0,0.36363636363636365,0.5333333333333333,0.36363636363636365,0.18181818181818182,0.6363636363636364,0.6363636363636364,0.0,0.0,0.0,0.0,3.999999999999999,0.9999999999999998,2.9999999999999996,0.9318434241687361,35.39626168224299,1636.1587324766356
s0iddDFzL9s_30000,10.0,33,1,1,1.0,0.8787878787878788,0.9354838709677419,0.8787878787878788,0.4393939393939394,0.12121212121212122,0.12121212121212122,0.0,0.0,0.0,0.0,1.9999999999999996,0.9999999999999998,0.9999999999999998,0.9318820239974662,35.116822429906534,1632.3673335280373
WMzIkDBk9Bw_30000,10.0,33,1,1,1.0,0.9696969696969697,0.9846153846153847,0.9696969696969697,0.48484848484848486,0.030303030303030304,0.030303030303030304,0.0,1.0,1.0,1.0,0.0,0.0,0.0,0.9318192793406966,35.303738317757,1636.1578563084113
Y1qoE4r1Gf8_40000,10.0,33,1,5,0.7368421052631579,0.9333333333333333,0.8235294117647058,0.8064516129032258,0.8104166666666667,0.39999999999999997,0.06666666666666667,0.3333333333333333,0.2,1.0,0.33333333333333337,3.999999999999999,0.0,3.999999999999999,0.931873397003192,35.20934579439252,1636.1578563084113
ZNISbjG3FvI_460000,9.99996875,33,1,3,0.5,0.8571428571428571,0.631578947368421,0.7586206896551724,0.7922077922077921,1.0,0.14285714285714285,0.8571428571428571,0.0,0.0,0.0,3.999999999999999,0.9999999999999998,2.9999999999999996,0.9318845149167444,35.494392523364475,1636.1582943925234
RlPNRLrElQA_0,8.0,26,1,2,1.0,0.88,0.9361702127659575,0.8846153846153846,0.94,0.12,0.12,0.0,0.5,1.0,0.6666666666666666,0.9999999999999998,0.0,0.9999999999999998,0.9344854221575672,34.42325581395348,1634.1250454215117
am_R3Emf8Uk_30000,10.0,33,1,4,1.0,0.7878787878787878,0.8813559322033898,0.7878787878787878,0.3939393939393939,0.21212121212121213,0.21212121212121213,0.0,0.0,0.0,0.0,4.999999999999999,0.9999999999999998,3.999999999999999,0.9318750123767185,35.21495327102802,1636.1578563084113
ASuRqDLAzK0_22000,9.2135,30,1,1,1.0,0.9666666666666667,0.983050847457627,0.9666666666666667,0.48333333333333334,0.03333333333333333,0.03333333333333333,0.0,1.0,1.0,1.0,0.0,0.0,0.0,0.9400569321569615,34.78673469387754,1636.1245216836735
9nHvOkL0Y-I_30000,10.0,33,1,1,1.0,0.9696969696969697,0.9846153846153847,0.9696969696969697,0.48484848484848486,0.030303030303030304,0.030303030303030304,0.0,1.0,1.0,1.0,0.0,0.0,0.0,0.9318944676096997,35.12429906542055,1634.2630330023364
oGpwBgexxyU_120000,10.0,33,2,2,1.0,0.4166666666666667,0.5882352941176471,0.7666666666666667,0.7083333333333334,0.5833333333333334,0.5833333333333334,0.0,0.0,0.0,0.0,2.0,1.0,1.0,0.9318924299386189,35.12336448598129,1636.1587324766356
HWJDsydgYF4_25000,9.0535,30,1,3,1.0,0.36363636363636365,0.5333333333333333,0.48148148148148145,0.6818181818181819,0.6363636363636364,0.6363636363636364,0.0,0.0,0.0,0.0,3.999999999999999,0.9999999999999998,2.9999999999999996,0.9237302534137081,34.88775510204081,1632.3091916454082
Hx_PxvAjCvA_30000,10.0,33,1,5,1.0,0.18181818181818182,0.3076923076923077,0.18181818181818182,0.09090909090909091,0.8181818181818182,0.8181818181818182,0.0,0.0,0.0,0.0,5.999999999999999,0.9999999999999998,4.999999999999999,0.9318558346237621,35.39719626168224,1636.1578563084113
BUtJuWgAJWY_10000,10.0,33,1,1,1.0,0.9696969696969697,0.9846153846153847,0.9696969696969697,0.48484848484848486,0.030303030303030304,0.030303030303030304,0.0,1.0,1.0,1.0,0.0,0.0,0.0,0.9318866974252527,35.485981308411205,1636.1582943925234
m-1qBGoFWEA_10000,9.99978125,33,1,2,1.0,0.9393939393939394,0.96875,0.9393939393939394,0.4696969696969697,0.06060606060606061,0.06060606060606061,0.0,0.0,0.0,0.0,2.999999999999999,0.9999999999999998,1.9999999999999996,0.9318620946302417,35.39999999999999,1636.1587324766356
C8Ne4NNA_CA_10000,10.0,33,1,3,1.0,0.5757575757575758,0.7307692307692308,0.5757575757575758,0.2878787878787879,0.42424242424242425,0.42424242424242425,0.0,0.3333333333333333,1.0,0.5,1.9999999999999996,0.0,1.9999999999999996,0.9318608484450257,35.38504672897196,1632.3668954439252
DpVhbWSjLwI_30000,10.0004375,33,1,1,1.0,0.9166666666666666,0.9565217391304348,0.9696969696969697,0.9583333333333333,0.08333333333333333,0.08333333333333333,0.0,1.0,1.0,1.0,0.0,0.0,0.0,0.9319262638828665,35.4018691588785,1638.0535557827102
mU84rzsBS5A_30000,9.99996875,33,1,1,1.0,0.9696969696969697,0.9846153846153847,0.9696969696969697,0.48484848484848486,0.030303030303030304,0.030303030303030304,0.0,1.0,1.0,1.0,0.0,0.0,0.0,0.9318798162274532,35.22056074766354,1638.064398364486
uM1QkCMyv9g_30000,9.0135,30,2,5,1.0,0.9,0.9473684210526316,0.9,0.45,0.1,0.1,0.0,0.2,0.5,0.28571428571428575,2.5,0.5,2.0,0.9196584432194983,35.2969387755102,1636.043247767857
OaoEyjfCPak_0,10.0,33,2,3,1.0,0.7878787878787878,0.8813559322033898,0.7878787878787878,0.3939393939393939,0.21212121212121213,0.21212121212121213,0.0,0.3333333333333333,0.5,0.4,1.5,0.5,1.0,0.9318872910696716,35.306542056074754,1632.3668954439252
7GoQ8HaVAnA_30000,10.00090625,33,1,1,1.0,0.9696969696969697,0.9846153846153847,0.9696969696969697,0.48484848484848486,0.030303030303030304,0.030303030303030304,0.0,1.0,1.0,1.0,0.0,0.0,0.0,0.9319761120686108,35.21214953271027,1638.0535557827102
eB_FuM_Kt54_550000,10.0,33,1,1,1.0,0.9696969696969697,0.9846153846153847,0.9696969696969697,0.48484848484848486,0.030303030303030304,0.030303030303030304,0.0,1.0,1.0,1.0,0.0,0.0,0.0,0.9318944921007498,35.304672897196255,1636.1704512266356
Uxe-6s7__wA_30000,10.0,33,1,1,1.0,0.9696969696969697,0.9846153846153847,0.9696969696969697,0.48484848484848486,0.030303030303030304,0.030303030303030304,0.0,1.0,1.0,1.0,0.0,0.0,0.0,0.9318793758931592,34.93457943925233,1632.3668954439252
CGGPnnIM7Uo_10000,10.0,33,1,1,1.0,0.75,0.8571428571428571,0.9393939393939394,0.875,0.25,0.25,0.0,1.0,1.0,1.0,0.0,0.0,0.0,0.9318906435085094,35.12149532710281,1638.0544319509345
yZ9Yd57Ks3s_30000,10.0,33,2,4,0.7333333333333333,0.8461538461538461,0.7857142857142856,0.8181818181818182,0.823076923076923,0.46153846153846156,0.15384615384615385,0.3076923076923077,0.5,1.0,0.6666666666666666,1.0,0.0,1.0,0.9318946440767171,35.21869158878504,1632.3673335280373
5CzMFiYRTE8_70000,9.6935,32,1,1,1.0,1.0,1.0,1.0,0.5,0.0,0.0,0.0,1.0,1.0,1.0,0.0,0.0,0.0,0.9301902449564443,35.374038461538454,1636.1470853365386
AFWWqUOShj8_30000,10.0,33,6,3,1.0,0.9,0.9473684210526316,0.9393939393939394,0.95,0.1,0.1,0.0,0.6666666666666666,0.3333333333333333,0.4444444444444444,0.8333333333333333,0.6666666666666666,0.16666666666666666,0.9318685728735324,35.49626168224299,1636.1582943925234
oRp4TTfgMag_10000,10.0,33,1,1,0.9642857142857143,0.9642857142857143,0.9642857142857143,0.9393939393939394,0.8821428571428571,0.07142857142857142,0.03571428571428571,0.03571428571428571,1.0,1.0,1.0,0.0,0.0,0.0,0.9318777561574361,35.58878504672896,1634.2630330023364
diiFL4xtqhM_20000,10.0,33,1,2,1.0,0.9444444444444444,0.9714285714285714,0.9473684210526315,0.9722222222222221,0.05555555555555555,0.05555555555555555,0.0,0.5,1.0,0.6666666666666666,0.9999999999999998,0.0,0.9999999999999998,0.9318784025922523,35.12710280373831,1636.1582943925234
JTnBaQjwJiA_30000,10.0,33,1,1,1.0,0.9696969696969697,0.9846153846153847,0.9696969696969697,0.48484848484848486,0.030303030303030304,0.030303030303030304,0.0,1.0,1.0,1.0,0.0,0.0,0.0,0.9318934626689688,35.39813084112149,1634.2625949182243
EqdTkIAhiwk_9000,9.0135,30,1,1,1.0,0.9666666666666667,0.983050847457627,0.9666666666666667,0.48333333333333334,0.03333333333333333,0.03333333333333333,0.0,1.0,1.0,1.0,0.0,0.0,0.0,0.9196577941664132,35.0938775510204,1636.043247767857
phWVfoFL5yw_30000,10.0,33,2,3,0.9285714285714286,0.9629629629629629,0.9454545454545454,0.9090909090909091,0.8148148148148148,0.1111111111111111,0.037037037037037035,0.07407407407407407,0.6666666666666666,1.0,0.8,0.5,0.0,0.5,0.9318887361176181,35.22242990654204,1634.2621568341121
HBW2mqqOhT0_10000,10.00003125,33,1,3,0.9,0.9,0.9,0.8787878787878788,0.8730769230769231,0.2,0.1,0.1,0.3333333333333333,1.0,0.5,1.9999999999999996,0.0,1.9999999999999996,0.9318960060142715,34.93644859813083,1638.0535557827102
m1Xn9aqW1z8_580000,10.0,33,1,5,1.0,0.8181818181818182,0.9,0.8181818181818182,0.4090909090909091,0.18181818181818182,0.18181818181818182,0.0,0.0,0.0,0.0,5.999999999999999,0.9999999999999998,4.999999999999999,0.9318828950930863,35.307476635514014,1634.2625949182243
u--KhUW8l1Y_0,10.0,33,2,6,0.9333333333333333,0.6086956521739131,0.7368421052631579,0.6875,0.748792270531401,0.4347826086956522,0.391304347826087,0.043478260869565216,0.0,0.0,0.0,4.0,1.0,3.0,0.9318928467852599,35.30934579439251,1636.1578563084113
lcPncrCG4HE_30000,10.0,33,1,6,0.2222222222222222,0.15384615384615385,0.18181818181818185,0.45454545454545453,0.40192307692307694,1.3846153846153846,0.8461538461538461,0.5384615384615384,0.0,0.0,0.0,6.999999999999999,0.9999999999999998,5.999999999999999,0.9318878498061179,35.12616822429906,1636.1582943925234
7OHaAtO_x_8_30000,10.0,33,1,1,1.0,0.8181818181818182,0.9,0.8181818181818182,0.4090909090909091,0.18181818181818182,0.18181818181818182,0.0,0.0,0.0,0.0,1.9999999999999996,0.9999999999999998,0.9999999999999998,0.9318629181958245,35.40467289719625,1634.2630330023364
V7IM5ELcf-c_30000,10.0,33,1,1,1.0,0.75,0.8571428571428571,0.9696969696969697,0.875,0.25,0.25,0.0,1.0,1.0,1.0,0.0,0.0,0.0,0.931877874695945,35.21401869158877,1636.1582943925234
INumArYA05Q_90000,10.0,33,1,1,1.0,0.9696969696969697,0.9846153846153847,0.9696969696969697,0.48484848484848486,0.030303030303030304,0.030303030303030304,0.0,1.0,1.0,1.0,0.0,0.0,0.0,0.9318792627426289,35.21401869158878,1634.2625949182243
aCXtGRnsLEI_21000,9.0930625,30,1,6,1.0,0.7,0.8235294117647058,0.7,0.35,0.3,0.3,0.0,0.0,0.0,0.0,6.999999999999999,0.9999999999999998,5.999999999999999,0.9277544618335639,34.88877551020407,1636.0420519770407
FPYr6ehHm08_22000,9.69525,32,1,4,0.6363636363636364,0.6363636363636364,0.6363636363636364,0.75,0.722943722943723,0.7272727272727273,0.36363636363636365,0.36363636363636365,0.0,0.0,0.0,4.999999999999999,0.9999999999999998,3.999999999999999,0.930343866520259,35.17499999999999,1636.1466346153845
JYXGX1E4B2o_10000,10.0,33,1,1,1.0,0.9696969696969697,0.9846153846153847,0.9696969696969697,0.48484848484848486,0.030303030303030304,0.030303030303030304,0.0,1.0,1.0,1.0,0.0,0.0,0.0,0.9318837755720365,35.20841121495326,1638.0535557827102
IsgMzf4UNsc_0,10.0,33,1,1,1.0,0.9090909090909091,0.9523809523809523,0.9090909090909091,0.45454545454545453,0.09090909090909091,0.09090909090909091,0.0,0.0,0.0,0.0,1.9999999999999996,0.9999999999999998,0.9999999999999998,0.931867287239956,35.3056074766355,1634.2630330023364
rEk-QQvRr9M_30000,10.0,33,1,1,1.0,0.9696969696969697,0.9846153846153847,0.9696969696969697,0.48484848484848486,0.030303030303030304,0.030303030303030304,0.0,1.0,1.0,1.0,0.0,0.0,0.0,0.9318865792332822,35.212149532710264,1634.2625949182243
Is_9mjLACtI_100000,10.0,33,1,1,1.0,0.9696969696969697,0.9846153846153847,0.9696969696969697,0.48484848484848486,0.030303030303030304,0.030303030303030304,0.0,1.0,1.0,1.0,0.0,0.0,0.0,0.9318789269306182,35.29252336448597,1636.1591705607477
hMSiZUibHfA_30000,9.9998125,33,1,2,1.0,0.9090909090909091,0.9523809523809523,0.9090909090909091,0.45454545454545453,0.09090909090909091,0.09090909090909091,0.0,0.0,0.0,0.0,2.999999999999999,0.9999999999999998,1.9999999999999996,0.9318703765652114,35.20934579439252,1632.3668954439252
hmh0rL3iNjY_100000,10.00003125,33,1,1,1.0,0.9696969696969697,0.9846153846153847,0.9696969696969697,0.48484848484848486,0.030303030303030304,0.030303030303030304,0.0,1.0,1.0,1.0,0.0,0.0,0.0,0.9318781469695501,35.31401869158878,1638.0544319509345
RQqhMzWrdtY_0,10.000625,33,1,6,1.0,0.7878787878787878,0.8813559322033898,0.7878787878787878,0.3939393939393939,0.21212121212121213,0.21212121212121213,0.0,0.0,0.0,0.0,6.999999999999999,0.9999999999999998,5.999999999999999,0.9319308587104446,35.023364485981304,1632.3677716121495
faidugZ8Lh0_60000,10.0,33,1,1,1.0,0.9696969696969697,0.9846153846153847,0.9696969696969697,0.48484848484848486,0.030303030303030304,0.030303030303030304,0.0,1.0,1.0,1.0,0.0,0.0,0.0,0.9318511443962376,35.3056074766355,1636.1578563084113
ob21uvxITMI_0,8.9135,29,1,1,1.0,0.9629629629629629,0.9811320754716981,0.9655172413793104,0.9814814814814814,0.037037037037037035,0.037037037037037035,0.0,1.0,1.0,1.0,0.0,0.0,0.0,0.9391445298120685,35.25894736842104,1636.026603618421
KhKlmGOUOB0_0,10.0,33,1,3,1.0,0.84375,0.9152542372881356,0.8484848484848485,0.9218749999999999,0.15625,0.15625,0.0,0.3333333333333333,1.0,0.5,1.9999999999999996,0.0,1.9999999999999996,0.9318702610880472,35.39906542056074,1636.1582943925234
g7-irDAyGZA_20000,9.1875,30,1,2,1.0,0.9333333333333333,0.9655172413793104,0.9333333333333333,0.4666666666666667,0.06666666666666667,0.06666666666666667,0.0,0.0,0.0,0.0,2.999999999999999,0.9999999999999998,1.9999999999999996,0.9373814456390696,35.293877551020394,1634.1762197066328
xPdM9NZO2nI_0,2.6135,9,1,1,1.0,0.8888888888888888,0.9411764705882353,0.8888888888888888,0.4444444444444444,0.1111111111111111,0.1111111111111111,0.0,1.0,1.0,1.0,0.0,0.0,0.0,0.7940939119103896,31.415151515151518,1635.3206676136363
2lG6qE6mVcU_9000,9.9475,33,1,5,1.0,0.75,0.8571428571428571,0.75,0.375,0.25,0.25,0.0,0.0,0.0,0.0,5.999999999999999,0.9999999999999998,4.999999999999999,0.9269598636187822,35.21495327102802,1636.1582943925234
yUX1Xl8DYdU_30000,10.0,33,2,2,1.0,0.96875,0.9841269841269841,0.9696969696969697,0.9843749999999999,0.03125,0.03125,0.0,1.0,1.0,1.0,0.0,0.0,0.0,0.9318846480610028,35.3056074766355,1636.1695750584113
0ojTL4MmXjQ_1000,10.0,33,1,3,1.0,0.7575757575757576,0.8620689655172413,0.7575757575757576,0.3787878787878788,0.24242424242424243,0.24242424242424243,0.0,0.3333333333333333,1.0,0.5,1.9999999999999996,0.0,1.9999999999999996,0.9318636789698718,34.94018691588785,1634.2625949182243
Ap122kei0BI_5000,9.4660625,31,1,4,1.0,0.52,0.6842105263157895,0.6129032258064516,0.76,0.48,0.48,0.0,0.0,0.0,0.0,4.999999999999999,0.9999999999999998,3.999999999999999,0.9362307646553861,35.03564356435643,1638.0259127475247
0I6Mlp27_gM_30000,10.000625,33,1,2,1.0,0.9393939393939394,0.96875,0.9393939393939394,0.4696969696969697,0.06060606060606061,0.06060606060606061,0.0,0.0,0.0,0.0,2.999999999999999,0.9999999999999998,1.9999999999999996,0.9319140371412765,35.30280373831775,1634.2634710864486
6YORfRIpRr4_0,10.0,33,2,4,0.9375,0.75,0.8333333333333334,0.75,0.75,0.3,0.25,0.05,0.0,0.0,0.0,3.0,1.0,2.0,0.9318877619226713,35.21775700934579,1634.2630330023364
28ehZa0fzmo_28000,9.5466875,31,2,2,0.9642857142857143,0.9310344827586207,0.9473684210526316,0.9,0.46551724137931033,0.10344827586206896,0.06896551724137931,0.034482758620689655,0.5,0.5,0.5,1.0,0.5,0.5,0.944179927041327,34.93861386138612,1634.2459390470297
4Vq6WDtxTt4_30000,10.0,33,1,1,1.0,0.5757575757575758,0.7307692307692308,0.5757575757575758,0.2878787878787879,0.42424242424242425,0.42424242424242425,0.0,0.0,0.0,0.0,1.9999999999999996,0.9999999999999998,0.9999999999999998,0.9318537694180721,35.21121495327102,1636.1587324766356
QZKH9-7cpq8_470000,10.0,33,1,2,0.7272727272727273,1.0,0.8421052631578948,0.90625,0.9375,0.375,0.0,0.375,0.5,1.0,0.6666666666666666,0.9999999999999998,0.0,0.9999999999999998,0.9318758001828811,34.93457943925233,1632.3673335280373
ZvcqyRbXyls_30000,10.0,33,1,1,1.0,0.9696969696969697,0.9846153846153847,0.9696969696969697,0.48484848484848486,0.030303030303030304,0.030303030303030304,0.0,1.0,1.0,1.0,0.0,0.0,0.0,0.9318541558325143,35.21028037383177,1636.1578563084113
LNQ7fzfdLiY_150000,10.0,33,1,1,1.0,0.9696969696969697,0.9846153846153847,0.9696969696969697,0.48484848484848486,0.030303030303030304,0.030303030303030304,0.0,1.0,1.0,1.0,0.0,0.0,0.0,0.9319026009383283,35.21588785046728,1636.1587324766356
Wxiwqieqy2Y_30000,10.0,33,3,5,1.0,0.696969696969697,0.8214285714285715,0.696969696969697,0.3484848484848485,0.30303030303030304,0.30303030303030304,0.0,0.0,0.0,0.0,2.666666666666667,1.0,1.6666666666666667,0.931892830629817,35.20841121495326,1632.3673335280373
qkvIEmIRP4g_30000,10.0,33,1,1,1.0,0.9696969696969697,0.9846153846153847,0.9696969696969697,0.48484848484848486,0.030303030303030304,0.030303030303030304,0.0,1.0,1.0,1.0,0.0,0.0,0.0,0.9319032336832692,35.31214953271028,1638.0535557827102
FhaxyhtVfCA_11000,9.0620625,30,1,1,1.0,0.9666666666666667,0.983050847457627,0.9666666666666667,0.48333333333333334,0.03333333333333333,0.03333333333333333,0.0,1.0,1.0,1.0,0.0,0.0,0.0,0.9246013896426782,34.99489795918367,1634.177415497449
iE8pSulXDuc_90000,10.0,33,1,4,1.0,0.3448275862068966,0.5128205128205129,0.3448275862068966,0.1724137931034483,0.6551724137931034,0.6551724137931034,0.0,0.0,0.0,0.0,4.999999999999999,0.9999999999999998,3.999999999999999,0.9318839001020118,35.21682242990653,1634.2621568341121
FgiGqzj8Hkk_30000,10.0,33,2,2,1.0,0.9090909090909091,0.9523809523809523,0.9090909090909091,0.45454545454545453,0.09090909090909091,0.09090909090909091,0.0,0.5,0.5,0.5,1.0,0.5,0.5,0.9318944484212535,34.93551401869158,1638.0535557827102
l7Wo_s7HFIY_190000,10.0,33,1,1,1.0,0.6666666666666666,0.8,0.9393939393939394,0.8333333333333333,0.3333333333333333,0.3333333333333333,0.0,1.0,1.0,1.0,0.0,0.0,0.0,0.931879123100203,35.123364485981305,1636.1695750584113
sHfT0t3vgTg_30000,10.0,33,1,2,0.7777777777777778,1.0,0.8750000000000001,0.8709677419354839,0.8823529411764706,0.2857142857142857,0.0,0.2857142857142857,0.5,1.0,0.6666666666666666,0.9999999999999998,0.0,0.9999999999999998,0.9318763254787144,35.31214953271028,1636.1582943925234
g_DBLppDZAs_30000,10.0,33,1,4,1.0,0.6774193548387096,0.8076923076923077,0.696969696969697,0.8387096774193548,0.3225806451612903,0.3225806451612903,0.0,0.0,0.0,0.0,4.999999999999999,0.9999999999999998,3.999999999999999,0.9318687263169987,35.02803738317756,1634.2634710864486
Ia6C4k0o2hc_20000,9.99975,33,2,2,1.0,0.9393939393939394,0.96875,0.9393939393939394,0.4696969696969697,0.06060606060606061,0.06060606060606061,0.0,0.5,0.5,0.5,1.0,0.5,0.5,0.9318367190115617,35.4018691588785,1632.3673335280373
5VElNpaNPoo_0,10.0,33,1,3,0.8333333333333334,0.7692307692307693,0.8,0.8148148148148148,0.8131868131868132,0.38461538461538464,0.23076923076923078,0.15384615384615385,0.3333333333333333,1.0,0.5,1.9999999999999996,0.0,1.9999999999999996,0.9318520637142524,35.30841121495327,1636.1582943925234
IzKed528MCk_70000,10.0,33,2,2,0.9444444444444444,0.9444444444444444,0.9444444444444444,0.9393939393939394,0.9388888888888889,0.1111111111111111,0.05555555555555555,0.05555555555555555,0.5,0.5,0.5,1.0,0.5,0.5,0.9318956525837182,35.12803738317757,1634.2630330023364
N-6HKjQwPTo_30000,10.0,33,2,1,1.0,0.8333333333333334,0.9090909090909091,0.9166666666666666,0.9166666666666667,0.16666666666666666,0.16666666666666666,0.0,1.0,0.5,0.6666666666666666,0.5,0.5,0.0,0.9318759175936918,35.30841121495327,1634.2630330023364
uX7mY7Y27ao_20000,9.25715625,30,1,2,0.8571428571428571,0.8571428571428571,0.8571428571428571,0.8333333333333334,0.8285714285714285,0.2857142857142857,0.14285714285714285,0.14285714285714285,0.5,1.0,0.6666666666666666,0.9999999999999998,0.0,0.9999999999999998,0.9445187990381758,34.98673469387755,1636.1235650510205
_N0mOq6lEuo_0,10.0,33,1,2,0.3,0.8181818181818182,0.43902439024390244,0.28125,0.4090909090909091,2.090909090909091,0.18181818181818182,1.9090909090909092,0.5,1.0,0.6666666666666666,0.9999999999999998,0.0,0.9999999999999998,0.9318700037003076,35.11869158878504,1636.1578563084113
m-2-HsrBkak_30000,10.0,33,1,1,1.0,0.9696969696969697,0.9846153846153847,0.9696969696969697,0.48484848484848486,0.030303030303030304,0.030303030303030304,0.0,1.0,1.0,1.0,0.0,0.0,0.0,0.9318845785018275,35.030841121495314,1636.1587324766356
q4Z8j3IalYs_100000,10.0,33,1,7,1.0,0.5151515151515151,0.6799999999999999,0.5151515151515151,0.25757575757575757,0.48484848484848486,0.48484848484848486,0.0,0.0,0.0,0.0,7.999999999999998,0.9999999999999998,6.999999999999998,0.9318913117578386,35.40373831775701,1632.3668954439252
DK_6C29B2zs_14000,9.4135,31,1,1,1.0,0.9545454545454546,0.9767441860465117,0.9545454545454546,0.4772727272727273,0.045454545454545456,0.045454545454545456,0.0,1.0,1.0,1.0,0.0,0.0,0.0,0.9310056848403125,35.130693069306915,1638.0259127475247
cWskti2sCCM_30000,10.0,33,1,2,1.0,0.38461538461538464,0.5555555555555556,0.7575757575757576,0.6923076923076923,0.6153846153846154,0.6153846153846154,0.0,0.0,0.0,0.0,2.999999999999999,0.9999999999999998,1.9999999999999996,0.9318936880266318,35.21308411214953,1634.2625949182243
DJXQV_oKyjE_30000,10.0,33,2,2,1.0,0.9393939393939394,0.96875,0.9393939393939394,0.4696969696969697,0.06060606060606061,0.06060606060606061,0.0,0.0,0.0,0.0,2.0,1.0,1.0,0.9318695115902667,35.40280373831774,1636.1582943925234
2zwNVAyInxs_15000,9.055875,30,1,3,1.0,0.5517241379310345,0.7111111111111111,0.5517241379310345,0.27586206896551724,0.4482758620689655,0.4482758620689655,0.0,0.0,0.0,0.0,3.999999999999999,0.9999999999999998,2.9999999999999996,0.9239674863579038,35.09693877551019,1636.0531728316328
9P6-DKN1XLA_320000,10.0,33,1,4,1.0,0.23333333333333334,0.37837837837837834,0.30303030303030304,0.6166666666666667,0.7666666666666667,0.7666666666666667,0.0,0.0,0.0,0.0,4.999999999999999,0.9999999999999998,3.999999999999999,0.9318741842809354,35.29999999999998,1638.0652745327102
GbIuxmaiCOk_122000,10.0,33,2,1,1.0,0.9393939393939394,0.96875,0.9393939393939394,0.4696969696969697,0.06060606060606061,0.06060606060606061,0.0,1.0,0.5,0.6666666666666666,0.5,0.5,0.0,0.9318796651562837,35.39999999999999,1632.3673335280373
L5ohzqF0ZHQ_20000,10.0,33,2,4,0.46153846153846156,0.9230769230769231,0.6153846153846155,0.5454545454545454,0.6115384615384616,1.1538461538461537,0.07692307692307693,1.0769230769230769,0.25,0.5,0.3333333333333333,2.0,0.5,1.5,0.9318963939648873,35.122429906542045,1638.0535557827102
4A5lud7-cJo_21000,10.0,33,1,3,1.0,0.21428571428571427,0.35294117647058826,0.21428571428571427,0.10714285714285714,0.7857142857142857,0.7857142857142857,0.0,0.0,0.0,0.0,3.999999999999999,0.9999999999999998,2.9999999999999996,0.9318679449472241,35.307476635514014,1636.168698890187
8rICricPhh8_30000,10.0,33,1,4,0.9230769230769231,0.75,0.8275862068965517,0.8484848484848485,0.8455882352941176,0.3125,0.25,0.0625,0.0,0.0,0.0,4.999999999999999,0.9999999999999998,3.999999999999999,0.9318846283472612,35.40186915887849,1638.052679614486
pNrnDUg0dng_30000,10.0006875,33,1,1,1.0,0.9696969696969697,0.9846153846153847,0.9696969696969697,0.48484848484848486,0.030303030303030304,0.030303030303030304,0.0,1.0,1.0,1.0,0.0,0.0,0.0,0.9319436506781583,35.21775700934578,1638.053117698598
EaTdesZG5PY_260000,10.0,33,1,4,0.9333333333333333,0.875,0.9032258064516129,0.8571428571428571,0.8375,0.1875,0.125,0.0625,0.0,0.0,0.0,4.999999999999999,0.9999999999999998,3.999999999999999,0.9318523637264113,35.12616822429905,1636.1582943925234
ZANp2W2q0XA_30000,10.0,33,2,3,0.9166666666666666,0.36666666666666664,0.5238095238095238,0.3939393939393939,0.5166666666666666,0.6666666666666666,0.6333333333333333,0.03333333333333333,0.3333333333333333,0.5,0.4,1.5,0.5,1.0,0.9318882722949232,35.21028037383177,1634.2625949182243
qhyrLOJ7LcQ_440000,9.98965625,33,1,1,1.0,0.9696969696969697,0.9846153846153847,0.9696969696969697,0.48484848484848486,0.030303030303030304,0.030303030303030304,0.0,1.0,1.0,1.0,0.0,0.0,0.0,0.9309318886329973,34.941121495327096,1636.1582943925234
vfUgQTKgKDI_30000,10.0,33,1,5,0.5238095238095238,0.9166666666666666,0.6666666666666667,0.6666666666666666,0.7202380952380952,0.9166666666666667,0.08333333333333333,0.8333333333333334,0.2,1.0,0.33333333333333337,3.999999999999999,0.0,3.999999999999999,0.9318718740295161,35.21588785046727,1634.2621568341121
Q_yoAT1Z3Yw_22000,10.0,33,2,2,1.0,0.9393939393939394,0.96875,0.9393939393939394,0.4696969696969697,0.06060606060606061,0.06060606060606061,0.0,0.0,0.0,0.0,2.0,1.0,1.0,0.9318946181096242,35.40186915887849,1638.0539938668223
m1GaYAKcH9g_50000,10.0,33,2,3,0.9166666666666666,0.8461538461538461,0.8799999999999999,0.7857142857142857,0.4230769230769231,0.23076923076923078,0.15384615384615385,0.07692307692307693,0.6666666666666666,1.0,0.8,0.5,0.0,0.5,0.9318848418875656,35.49158878504672,1632.3668954439252
j0CcOZJLBDg_20000,10.0,33,1,1,1.0,0.9696969696969697,0.9846153846153847,0.9696969696969697,0.48484848484848486,0.030303030303030304,0.030303030303030304,0.0,1.0,1.0,1.0,0.0,0.0,0.0,0.9318890551697493,35.29439252336447,1638.053117698598
hGtkafUpJAk_190000,10.0,33,1,3,1.0,0.8787878787878788,0.9354838709677419,0.8787878787878788,0.4393939393939394,0.12121212121212122,0.12121212121212122,0.0,0.3333333333333333,1.0,0.5,1.9999999999999996,0.0,1.9999999999999996,0.9318822727936653,35.49252336448597,1636.1587324766356
84b7NrzJWiI_420000,10.0,33,1,1,1.0,1.0,1.0,1.0,0.9999999999999999,0.0,0.0,0.0,1.0,1.0,1.0,0.0,0.0,0.0,0.9318971586151307,35.02710280373831,1632.3673335280373
XYLDjkXAuec_380000,9.99965625,33,2,2,1.0,0.9393939393939394,0.96875,0.9393939393939394,0.4696969696969697,0.06060606060606061,0.06060606060606061,0.0,0.0,0.0,0.0,2.0,1.0,1.0,0.9318468203012482,35.126168224299064,1636.1587324766356
CTWtiwntfgw_30000,10.0,33,2,3,1.0,0.45454545454545453,0.625,0.45454545454545453,0.22727272727272727,0.5454545454545454,0.5454545454545454,0.0,0.0,0.0,0.0,2.5,1.0,1.5,0.9318477553393708,35.029906542056075,1634.2634710864486
wxCduHF0GKI_0,10.0,33,1,6,1.0,0.5757575757575758,0.7307692307692308,0.5757575757575758,0.2878787878787879,0.42424242424242425,0.42424242424242425,0.0,0.0,0.0,0.0,6.999999999999999,0.9999999999999998,5.999999999999999,0.9318767981453872,35.12429906542055,1632.3668954439252
xZ8hQliZqhg_320000,10.0,33,1,5,1.0,0.42424242424242425,0.5957446808510638,0.42424242424242425,0.21212121212121213,0.5757575757575758,0.5757575757575758,0.0,0.0,0.0,0.0,5.999999999999999,0.9999999999999998,4.999999999999999,0.9318917055885999,35.31588785046728,1638.0539938668223
AAyqgdDOUYA_20000,10.0,33,1,5,1.0,0.8181818181818182,0.9,0.8181818181818182,0.4090909090909091,0.18181818181818182,0.18181818181818182,0.0,0.0,0.0,0.0,5.999999999999999,0.9999999999999998,4.999999999999999,0.9318973898787556,34.943925233644855,1632.3677716121495
MEUcv-QM0cQ_30000,10.0,33,1,1,1.0,0.9696969696969697,0.9846153846153847,0.9696969696969697,0.48484848484848486,0.030303030303030304,0.030303030303030304,0.0,1.0,1.0,1.0,0.0,0.0,0.0,0.9318577379728309,35.30560747663551,1634.2634710864486
aOqleVQCmwI_30000,10.0,33,1,2,1.0,0.8484848484848485,0.9180327868852458,0.8484848484848485,0.42424242424242425,0.15151515151515152,0.15151515151515152,0.0,0.0,0.0,0.0,2.999999999999999,0.9999999999999998,1.9999999999999996,0.9318687629580341,35.124299065420566,1632.3673335280373
xqILXIFBZfQ_30000,10.0,33,2,2,1.0,0.9230769230769231,0.9600000000000001,0.9411764705882353,0.9615384615384616,0.07692307692307693,0.07692307692307693,0.0,1.0,1.0,1.0,0.0,0.0,0.0,0.9318926822181406,35.313084112149525,1636.1587324766356
cHm1cYBAXMI_30000,10.0,33,1,1,1.0,0.9166666666666666,0.9565217391304348,0.9166666666666666,0.4583333333333333,0.08333333333333333,0.08333333333333333,0.0,1.0,1.0,1.0,0.0,0.0,0.0,0.9318935734825277,35.588785046728965,1632.3673335280373
F6oEu35qy_A_25000,9.7935,32,1,2,1.0,0.9375,0.967741935483871,0.9375,0.46875,0.0625,0.0625,0.0,0.5,1.0,0.6666666666666666,0.9999999999999998,0.0,0.9999999999999998,0.9397549522794242,35.16442307692307,1636.1479867788462
B9Sd9ubebhY_30000,10.0,33,3,1,1.0,0.05,0.09523809523809523,0.42424242424242425,0.525,0.95,0.95,0.0,0.0,0.0,0.0,1.3333333333333333,1.0,0.3333333333333333,0.9318466001918249,35.03084112149533,1632.3673335280373
9-8P2AsfmzU_30000,10.0,33,1,4,0.75,0.3,0.4285714285714285,0.4666666666666667,0.55,0.7999999999999999,0.7,0.1,0.0,0.0,0.0,4.999999999999999,0.9999999999999998,3.999999999999999,0.931883005904132,35.40467289719626,1638.0535557827102
_z5KQY02rYI_2000,9.0759375,30,1,1,1.0,0.9666666666666667,0.983050847457627,0.9666666666666667,0.48333333333333334,0.03333333333333333,0.03333333333333333,0.0,1.0,1.0,1.0,0.0,0.0,0.0,0.9259882610482846,34.790816326530596,1636.0541294642858
Q6CqAFnP2Fg_10000,9.99978125,33,1,1,1.0,0.9696969696969697,0.9846153846153847,0.9696969696969697,0.48484848484848486,0.030303030303030304,0.030303030303030304,0.0,1.0,1.0,1.0,0.0,0.0,0.0,0.9318635233909462,35.210280373831765,1634.2625949182243
rpgEtXAoF0o_60000,10.0,33,1,4,0.39285714285714285,0.6875,0.5,0.3333333333333333,0.34375,1.375,0.3125,1.0625,0.0,0.0,0.0,4.999999999999999,0.9999999999999998,3.999999999999999,0.9318686085592305,35.11588785046728,1636.1582943925234
wlh0rZfrclI_30000,10.0,33,2,1,1.0,0.9696969696969697,0.9846153846153847,0.9696969696969697,0.48484848484848486,0.030303030303030304,0.030303030303030304,0.0,0.0,0.0,0.0,1.5,1.0,0.5,0.9318728826540381,35.21495327102804,1634.2621568341121
NDovY5OEt2o_30000,10.000625,33,3,4,1.0,0.7272727272727273,0.8421052631578948,0.7272727272727273,0.36363636363636365,0.2727272727272727,0.2727272727272727,0.0,0.0,0.0,0.0,2.333333333333333,1.0,1.3333333333333333,0.9319544871514842,35.11214953271026,1638.0535557827102
c7YGJfuV_2Q_140000,9.99975,33,2,3,1.0,0.8181818181818182,0.9,0.8181818181818182,0.4090909090909091,0.18181818181818182,0.18181818181818182,0.0,0.3333333333333333,0.5,0.4,1.5,0.5,1.0,0.9318599769839067,35.314953271028024,1638.064398364486
oL_LsXoZSKE_30000,10.0,33,1,1,1.0,0.9696969696969697,0.9846153846153847,0.9696969696969697,0.48484848484848486,0.030303030303030304,0.030303030303030304,0.0,1.0,1.0,1.0,0.0,0.0,0.0,0.9318920708494767,34.838317757009335,1638.0535557827102
A-IzSI1ysmc_30000,10.0,33,1,1,1.0,0.9696969696969697,0.9846153846153847,0.9696969696969697,0.48484848484848486,0.030303030303030304,0.030303030303030304,0.0,1.0,1.0,1.0,0.0,0.0,0.0,0.931907823086315,35.124299065420544,1636.1578563084113
4arad6my08E_25000,9.17978125,30,2,6,1.0,0.6,0.7499999999999999,0.6428571428571429,0.8,0.4,0.4,0.0,0.0,0.0,0.0,4.0,1.0,3.0,0.9366071059306499,35.09693877551018,1637.9102758290817
9ezA12O_aOE_170000,10.0,33,1,2,1.0,0.9090909090909091,0.9523809523809523,0.9090909090909091,0.45454545454545453,0.09090909090909091,0.09090909090909091,0.0,0.5,1.0,0.6666666666666666,0.9999999999999998,0.0,0.9999999999999998,0.9319026881320386,35.40186915887849,1632.3674795560748
2-h8MRSRvEg_30000,10.0,33,1,3,1.0,0.7575757575757576,0.8620689655172413,0.7575757575757576,0.3787878787878788,0.24242424242424243,0.24242424242424243,0.0,0.0,0.0,0.0,3.999999999999999,0.9999999999999998,2.9999999999999996,0.9318566893443779,35.58971962616822,1636.1617625584113
2pHfgh_G1yo_10000,10.0,33,1,1,1.0,0.6060606060606061,0.7547169811320755,0.6060606060606061,0.30303030303030304,0.3939393939393939,0.3939393939393939,0.0,1.0,1.0,1.0,0.0,0.0,0.0,0.9319039395599646,35.21869158878504,1638.0583382009345
PIJlDJhWEEg_70000,9.99996875,33,3,4,1.0,0.6666666666666666,0.8,0.6666666666666666,0.3333333333333333,0.3333333333333333,0.3333333333333333,0.0,0.0,0.0,0.0,2.333333333333333,1.0,1.3333333333333333,0.9318889275073708,35.31121495327102,1632.3712397780373
B22gKoTyOfM_30000,10.0,33,1,5,1.0,0.7,0.8235294117647058,0.7391304347826086,0.85,0.3,0.3,0.0,0.0,0.0,0.0,5.999999999999999,0.9999999999999998,4.999999999999999,0.9318784078036871,35.03271028037382,1636.1626387266356
KhxVbkznUNI_30000,10.0,33,1,4,1.0,0.8181818181818182,0.9,0.8181818181818182,0.4090909090909091,0.18181818181818182,0.18181818181818182,0.0,0.0,0.0,0.0,4.999999999999999,0.9999999999999998,3.999999999999999,0.9318364983996419,35.30841121495326,1632.3721159462616
oPR7tUEUptk_30000,10.0,33,1,1,1.0,0.9696969696969697,0.9846153846153847,0.9696969696969697,0.48484848484848486,0.030303030303030304,0.030303030303030304,0.0,1.0,1.0,1.0,0.0,0.0,0.0,0.9318885330744477,35.296261682242985,1632.3708016939252
fTcSVQJ2h8g_50000,10.0,33,1,1,1.0,0.75,0.8571428571428571,0.9696969696969697,0.875,0.25,0.25,0.0,1.0,1.0,1.0,0.0,0.0,0.0,0.9318821132698946,35.319626168224296,1638.0574620327102
jERLlKLpDmA_0,10.0,33,2,1,1.0,0.4,0.5714285714285715,0.6666666666666666,0.7,0.6,0.6,0.0,0.0,0.0,0.0,1.5,1.0,0.5,0.9318926336709527,35.307476635514014,1634.2669392523364
CIiA39U8UTw_30000,10.00025,33,5,3,1.0,0.36363636363636365,0.5333333333333333,0.36363636363636365,0.18181818181818182,0.6363636363636364,0.6363636363636364,0.0,0.3333333333333333,0.2,0.25,1.2000000000000002,0.8,0.4,0.9318880416053049,35.0233644859813,1634.2673773364486
Sj9_5H1nqfo_200000,10.0,33,1,1,1.0,0.9696969696969697,0.9846153846153847,0.9696969696969697,0.48484848484848486,0.030303030303030304,0.030303030303030304,0.0,1.0,1.0,1.0,0.0,0.0,0.0,0.9318906265746929,35.221495327102794,1632.3712397780373
_A30xsFBMXA_40000,10.0,33,1,3,1.0,0.42424242424242425,0.5957446808510638,0.42424242424242425,0.21212121212121213,0.5757575757575758,0.5757575757575758,0.0,0.0,0.0,0.0,3.999999999999999,0.9999999999999998,2.9999999999999996,0.9318457485223471,35.0252336448598,1636.1617625584113
fjWN2sQcR2s_30000,10.0,33,2,2,1.0,0.8518518518518519,0.92,0.8787878787878788,0.9259259259259259,0.14814814814814814,0.14814814814814814,0.0,1.0,1.0,1.0,0.0,0.0,0.0,0.9318916432315771,35.21588785046729,1638.0574620327102
EGR7EIz9JQ4_30000,10.00096875,33,3,2,0.7931034482758621,0.9583333333333334,0.8679245283018867,0.7878787878787878,0.6458333333333334,0.2916666666666667,0.041666666666666664,0.25,0.5,0.3333333333333333,0.4,1.0,0.6666666666666666,0.3333333333333333,0.9319906296942844,35.20560747663551,1634.2665011682243
sKpc0yiNeiU_30000,10.0,33,2,2,1.0,0.967741935483871,0.9836065573770492,0.9696969696969697,0.9838709677419355,0.03225806451612903,0.03225806451612903,0.0,1.0,1.0,1.0,0.0,0.0,0.0,0.9318900983966282,34.932710280373826,1636.1617625584113
gwAP-vfQyRU_6000,9.5335,31,1,2,1.0,0.8709677419354839,0.9310344827586207,0.8709677419354839,0.43548387096774194,0.12903225806451613,0.12903225806451613,0.0,0.0,0.0,0.0,2.999999999999999,0.9999999999999998,1.9999999999999996,0.9428791635840149,34.93960396039603,1636.1395807549504
ZtxAGRDyw-I_60000,10.0,33,1,2,1.0,0.9393939393939394,0.96875,0.9393939393939394,0.4696969696969697,0.06060606060606061,0.06060606060606061,0.0,0.0,0.0,0.0,2.999999999999999,0.9999999999999998,1.9999999999999996,0.9318527197522777,35.489719626168224,1636.1622006425234
0_gci63CtFY_30000,10.0,33,1,4,1.0,0.3939393939393939,0.5652173913043478,0.3939393939393939,0.19696969696969696,0.6060606060606061,0.6060606060606061,0.0,0.0,0.0,0.0,4.999999999999999,0.9999999999999998,3.999999999999999,0.931883306805639,35.22056074766354,1636.1734813084113
_uswoJHYy14_60000,9.9999375,33,1,5,1.0,0.6363636363636364,0.7777777777777778,0.6363636363636364,0.3181818181818182,0.36363636363636365,0.36363636363636365,0.0,0.0,0.0,0.0,5.999999999999999,0.9999999999999998,4.999999999999999,0.9318909670896076,35.40280373831774,1636.1831191588785
geFD3u6Cwis_230000,10.0,33,1,1,0.0,0.0,0.0,0.32142857142857145,0.45,1.0555555555555556,1.0,0.05555555555555555,0.0,0.0,0.0,1.9999999999999996,0.9999999999999998,0.9999999999999998,0.931891867895841,35.307476635514014,1634.5130330023364
g0RkIkC2meo_30000,10.0,33,1,4,1.0,0.6086956521739131,0.7567567567567568,0.7272727272727273,0.8043478260869565,0.391304347826087,0.391304347826087,0.0,0.0,0.0,0.0,4.999999999999999,0.9999999999999998,3.999999999999999,0.9318916775390593,35.03084112149532,1634.5217946845794
rx3fg5zGSxg_350000,10.0,33,1,1,1.0,0.9375,0.967741935483871,0.9696969696969697,0.96875,0.0625,0.0625,0.0,1.0,1.0,1.0,0.0,0.0,0.0,0.931892419869278,35.030841121495314,1636.6548262266356
Uf4bBFR5j08_150000,10.0,33,1,1,1.0,0.5,0.6666666666666666,0.5,0.25,0.5,0.5,0.0,1.0,1.0,1.0,0.0,0.0,0.0,0.9318878852405503,35.22429906542057,1632.8634272780373
9WtK0gh4ugE_30000,10.0,33,1,1,1.0,0.9696969696969697,0.9846153846153847,0.9696969696969697,0.48484848484848486,0.030303030303030304,0.030303030303030304,0.0,1.0,1.0,1.0,0.0,0.0,0.0,0.9318766393159872,35.02429906542056,1636.6539500584113
E-nunSOWtMs_70000,10.0,33,1,2,0.6470588235294118,1.0,0.7857142857142858,0.8125,0.8571428571428572,0.5454545454545454,0.0,0.5454545454545454,0.5,1.0,0.6666666666666666,0.9999999999999998,0.0,0.9999999999999998,0.9318869562982246,35.20841121495326,1638.5615143107477
z-PhNB64zoU_50000,9.99903125,33,1,3,1.0,0.8095238095238095,0.8947368421052632,0.8787878787878788,0.9047619047619048,0.19047619047619047,0.19047619047619047,0.0,0.0,0.0,0.0,3.999999999999999,0.9999999999999998,2.9999999999999996,0.9317952574296211,35.315887850467284,1634.7630330023364
InrS4Fdndr4_0,10.0,33,1,3,1.0,0.9090909090909091,0.9523809523809523,0.9090909090909091,0.45454545454545453,0.09090909090909091,0.09090909090909091,0.0,0.3333333333333333,1.0,0.5,1.9999999999999996,0.0,1.9999999999999996,0.9318898996191682,35.031775700934574,1634.7630330023364
1F9zCsJyw6k_230000,10.00021875,33,1,2,1.0,0.6666666666666666,0.8,0.6666666666666666,0.3333333333333333,0.3333333333333333,0.3333333333333333,0.0,0.0,0.0,0.0,2.999999999999999,0.9999999999999998,1.9999999999999996,0.9319036921017636,34.937383177570084,1634.7621568341121
MVM5RlkTh6E_30000,10.0,33,3,2,1.0,0.8181818181818182,0.9,0.8181818181818182,0.4090909090909091,0.18181818181818182,0.18181818181818182,0.0,0.0,0.0,0.0,1.6666666666666665,1.0,0.6666666666666666,0.9318866066759366,35.213084112149524,1638.5637777453271
zMveZHACzmo_90000,9.9984375,33,1,2,0.8333333333333334,0.8333333333333334,0.8333333333333334,0.8787878787878788,0.8690476190476191,0.3333333333333333,0.16666666666666666,0.16666666666666666,0.5,1.0,0.6666666666666666,0.9999999999999998,0.0,0.9999999999999998,0.9317263572595813,34.93364485981307,1633.1173335280373
5xklhqtPZho_20000,9.99934375,33,1,5,0.6666666666666666,1.0,0.8,0.7083333333333334,0.65,0.5,0.0,0.5,0.2,1.0,0.33333333333333337,3.999999999999999,0.0,3.999999999999999,0.9318154038088445,34.941121495327096,1636.9078563084113
laVgKAcv8XA_30000,10.0005,33,1,1,1.0,0.07142857142857142,0.13333333333333333,0.07142857142857142,0.03571428571428571,0.9285714285714286,0.9285714285714286,0.0,0.0,0.0,0.0,1.9999999999999996,0.9999999999999998,0.9999999999999998,0.931917748738353,35.219626168224295,1636.9078563084113
F6IUxAJutsk_30000,10.0,33,1,3,1.0,0.9696969696969697,0.9846153846153847,0.9696969696969697,0.48484848484848486,0.030303030303030304,0.030303030303030304,0.0,0.0,0.0,0.0,3.999999999999999,0.9999999999999998,2.9999999999999996,0.9318851793517078,35.123364485981305,1638.803117698598
02Ak1eIyj3M_30000,10.0,33,1,1,1.0,0.9696969696969697,0.9846153846153847,0.9696969696969697,0.48484848484848486,0.030303030303030304,0.030303030303030304,0.0,1.0,1.0,1.0,0.0,0.0,0.0,0.931882692926939,35.02710280373831,1636.9087324766356
AkAdDFHQars_30000,10.0,33,1,1,1.0,0.9696969696969697,0.9846153846153847,0.9696969696969697,0.48484848484848486,0.030303030303030304,0.030303030303030304,0.0,1.0,1.0,1.0,0.0,0.0,0.0,0.9318938801231224,35.685046728971955,1633.1173335280373
JWd6vF4yfG8_30000,10.0,33,2,2,1.0,0.8235294117647058,0.9032258064516129,0.9090909090909091,0.9117647058823529,0.17647058823529413,0.17647058823529413,0.0,0.5,0.5,0.5,1.0,0.5,0.5,0.9318708766891701,35.03644859813084,1636.9074182242991
