segment_id,audio_duration,num_inferences,num_gt_events,num_detected,seg_precision,seg_recall,seg_f1,seg_accuracy,seg_balanced_accuracy,seg_error_rate,seg_deletion_rate,seg_insertion_rate,evt_precision,evt_recall,evt_f1,evt_error_rate,evt_deletion_rate,evt_insertion_rate,throughput,cpu_mean,ram_mean_mb
uZuEn8mguGE_10000,10.0,33,1,5,1.0,0.696969696969697,0.8214285714285715,0.696969696969697,0.3484848484848485,0.30303030303030304,0.30303030303030304,0.0,0.0,0.0,0.0,5.999999999999999,0.9999999999999998,4.999999999999999,0.9318454424289739,56.08504672897196,1356.3887631425234
dIUthrXjhGM_30000,10.0,33,1,4,1.0,0.3333333333333333,0.5,0.3333333333333333,0.16666666666666666,0.6666666666666666,0.6666666666666666,0.0,0.0,0.0,0.0,4.999999999999999,0.9999999999999998,3.999999999999999,0.9318712020726703,57.01214953271031,1358.4428300233644
XHD0sLHWEUU_30000,10.0,33,1,2,1.0,0.8181818181818182,0.9,0.9393939393939394,0.9090909090909092,0.18181818181818182,0.18181818181818182,0.0,0.5,1.0,0.6666666666666666,0.9999999999999998,0.0,0.9999999999999998,0.9318837683588425,56.82803738317757,1370.7576299649534
zculW9jrR2g_0,10.0,33,1,4,1.0,0.8787878787878788,0.9354838709677419,0.8787878787878788,0.4393939393939394,0.12121212121212122,0.12121212121212122,0.0,0.0,0.0,0.0,4.999999999999999,0.9999999999999998,3.999999999999999,0.9318195279366082,58.03925233644859,1371.1582943925234
z_sdhRMMvJA_20000,10.0,33,1,1,1.0,0.9696969696969697,0.9846153846153847,0.9696969696969697,0.48484848484848486,0.030303030303030304,0.030303030303030304,0.0,1.0,1.0,1.0,0.0,0.0,0.0,0.9318819671160621,56.64485981308411,1373.2591632593458
m8t6gPBCxr8_20000,10.0,33,1,4,1.0,0.6363636363636364,0.7777777777777778,0.6363636363636364,0.3181818181818182,0.36363636363636365,0.36363636363636365,0.0,0.0,0.0,0.0,4.999999999999999,0.9999999999999998,3.999999999999999,0.9318888963361711,57.29252336448598,1381.4359667056074
Y0RTSvdcDuE_10000,10.0,33,1,4,1.0,0.8787878787878788,0.9354838709677419,0.8787878787878788,0.4393939393939394,0.12121212121212122,0.12121212121212122,0.0,0.0,0.0,0.0,4.999999999999999,0.9999999999999998,3.999999999999999,0.9318776690593765,57.84859813084111,1389.6130987149534
mbjOa_msQDw_50000,10.0,33,1,3,1.0,0.8787878787878788,0.9354838709677419,0.8787878787878788,0.4393939393939394,0.12121212121212122,0.12121212121212122,0.0,0.0,0.0,0.0,3.999999999999999,0.9999999999999998,2.9999999999999996,0.9319008849002792,56.73551401869158,1390.0251898364486
mgF-ieQ7rV4_30000,10.0,33,1,4,1.0,0.7272727272727273,0.8421052631578948,0.7272727272727273,0.36363636363636365,0.2727272727272727,0.2727272727272727,0.0,0.25,1.0,0.4,2.9999999999999996,0.0,2.9999999999999996,0.9318911110640631,57.03177570093457,1392.122152453271
8uBHEGhU5nU_10000,10.0,33,1,3,1.0,0.9090909090909091,0.9523809523809523,0.9090909090909091,0.45454545454545453,0.09090909090909091,0.09090909090909091,0.0,0.3333333333333333,1.0,0.5,1.9999999999999996,0.0,1.9999999999999996,0.9318935416164236,57.30186915887849,1400.3126460280373
GjKctchIsAg_10000,9.2719375,30,1,3,1.0,0.8333333333333334,0.9090909090909091,0.8333333333333334,0.4166666666666667,0.16666666666666666,0.16666666666666666,0.0,0.3333333333333333,1.0,0.5,1.9999999999999996,0.0,1.9999999999999996,0.9459778252673178,56.85714285714285,1408.4286112882653
0bnVue36sUs_10000,10.0,33,1,4,1.0,0.7272727272727273,0.8421052631578948,0.7272727272727273,0.36363636363636365,0.2727272727272727,0.2727272727272727,0.0,0.0,0.0,0.0,4.999999999999999,0.9999999999999998,3.999999999999999,0.9318791439409201,56.375700934579434,1410.7775992990655
zJhW4B55Fn4_40000,10.0,33,1,2,1.0,0.9090909090909091,0.9523809523809523,0.9090909090909091,0.45454545454545453,0.09090909090909091,0.09090909090909091,0.0,0.5,1.0,0.6666666666666666,0.9999999999999998,0.0,0.9999999999999998,0.9318612806292519,56.3467289719626,1409.1187938084113
aPWCPjc7bBg_0,6.9135,23,1,2,1.0,0.9090909090909091,0.9523809523809523,0.9090909090909091,0.45454545454545453,0.09090909090909091,0.09090909090909091,0.0,0.5,1.0,0.6666666666666666,0.9999999999999998,0.0,0.9999999999999998,0.9059787821268521,55.400000000000006,1409.0004565746754
V6JZ36ojQkc_30000,10.0,33,1,1,1.0,0.9393939393939394,0.96875,0.9393939393939394,0.4696969696969697,0.06060606060606061,0.06060606060606061,0.0,1.0,1.0,1.0,0.0,0.0,0.0,0.9318737127491641,57.57663551401868,1409.2299211448599
Gs5B-PtJl6Q_9000,9.2535,30,1,1,1.0,0.9666666666666667,0.983050847457627,0.9666666666666667,0.48333333333333334,0.03333333333333333,0.03333333333333333,0.0,1.0,1.0,1.0,0.0,0.0,0.0,0.9441289601013849,56.74795918367346,1413.2419882015306
jqqEENGIjLM_0,10.0,33,1,2,1.0,0.6666666666666666,0.8,0.9090909090909091,0.8333333333333333,0.3333333333333333,0.3333333333333333,0.0,0.5,1.0,0.6666666666666666,0.9999999999999998,0.0,0.9999999999999998,0.9318676097600341,57.196261682242984,1419.5606746495328
EU2yVBa1-N8_25000,9.5535,31,1,1,1.0,1.0,1.0,1.0,0.5,0.0,0.0,0.0,1.0,1.0,1.0,0.0,0.0,0.0,0.944869374818232,57.93267326732674,1427.7117110148515
iXGkMnh5hSc_10000,10.0,33,2,8,1.0,0.5757575757575758,0.7307692307692308,0.5757575757575758,0.2878787878787879,0.42424242424242425,0.42424242424242425,0.0,0.0,0.0,0.0,5.0,1.0,4.0,0.9318919226048534,57.46915887850468,1435.9221670560748
cxRhySahrxo_40000,10.0,33,1,5,1.0,0.8484848484848485,0.9180327868852458,0.8484848484848485,0.42424242424242425,0.15151515151515152,0.15151515151515152,0.0,0.0,0.0,0.0,5.999999999999999,0.9999999999999998,4.999999999999999,0.9318766115200895,57.29158878504673,1432.5276358060748
SG9ohajJmGA_30000,10.0,33,1,7,1.0,0.42424242424242425,0.5957446808510638,0.42424242424242425,0.21212121212121213,0.5757575757575758,0.5757575757575758,0.0,0.0,0.0,0.0,7.999999999999998,0.9999999999999998,6.999999999999998,0.9318988610112844,57.555140186915885,1442.8548846378505
zzY0QX0ZJ4Y_19000,9.2335,30,1,1,1.0,1.0,1.0,1.0,0.5,0.0,0.0,0.0,1.0,1.0,1.0,0.0,0.0,0.0,0.9420979207483666,57.445918367346934,1446.6700414540817
YRxhBnOHh5g_150000,10.0,33,1,5,1.0,0.8181818181818182,0.9,0.8181818181818182,0.4090909090909091,0.18181818181818182,0.18181818181818182,0.0,0.0,0.0,0.0,5.999999999999999,0.9999999999999998,4.999999999999999,0.931909544973364,57.85233644859812,1449.0004380841121
3jH_pyOhBPk_30000,10.0,33,1,2,1.0,0.9393939393939394,0.96875,0.9393939393939394,0.4696969696969697,0.06060606060606061,0.06060606060606061,0.0,0.5,1.0,0.6666666666666666,0.9999999999999998,0.0,0.9999999999999998,0.9318975419416021,57.08504672897196,1452.8010367990655
4VJRyGdM3yI_30000,10.0,33,1,1,1.0,0.9696969696969697,0.9846153846153847,0.9696969696969697,0.48484848484848486,0.030303030303030304,0.030303030303030304,0.0,1.0,1.0,1.0,0.0,0.0,0.0,0.9318912360307183,56.63551401869159,1453.2404716705607
mfYq1ISxiaU_10000,10.0,33,1,5,1.0,0.696969696969697,0.8214285714285715,0.696969696969697,0.3484848484848485,0.30303030303030304,0.30303030303030304,0.0,0.0,0.0,0.0,5.999999999999999,0.9999999999999998,4.999999999999999,0.9318937921576599,56.90093457943926,1457.4278621495328
0dyfl-736FE_30000,10.0,33,1,6,1.0,0.8181818181818182,0.9,0.8181818181818182,0.4090909090909091,0.18181818181818182,0.18181818181818182,0.0,0.0,0.0,0.0,6.999999999999999,0.9999999999999998,5.999999999999999,0.9318754153123919,56.56448598130841,1455.5325642523364
9D5zrR8ygd4_160000,10.0,33,1,3,1.0,0.7878787878787878,0.8813559322033898,0.7878787878787878,0.3939393939393939,0.21212121212121213,0.21212121212121213,0.0,0.3333333333333333,1.0,0.5,1.9999999999999996,0.0,1.9999999999999996,0.93190708316809,57.006542056074764,1459.5501606308412
kGKQO0LY_7Y_10000,10.0,33,1,8,1.0,0.7272727272727273,0.8421052631578948,0.7272727272727273,0.36363636363636365,0.2727272727272727,0.2727272727272727,0.0,0.0,0.0,0.0,8.999999999999998,0.9999999999999998,7.999999999999998,0.9318330518005737,57.08691588785046,1467.6988171728972
XQl9q88l95M_30000,10.0009375,33,1,6,1.0,0.7878787878787878,0.8813559322033898,0.7878787878787878,0.3939393939393939,0.21212121212121213,0.21212121212121213,0.0,0.0,0.0,0.0,6.999999999999999,0.9999999999999998,5.999999999999999,0.9319601413529673,56.92429906542054,1472.747590537383
8Kvrkek8h_s_15000,9.05696875,30,1,2,1.0,0.9333333333333333,0.9655172413793104,0.9333333333333333,0.4666666666666667,0.06666666666666667,0.06666666666666667,0.0,0.5,1.0,0.6666666666666666,0.9999999999999998,0.0,0.9999999999999998,0.9240668366329284,56.74795918367347,1478.8858418367347
K5_U6mi3TUo_30000,10.0,33,1,3,1.0,0.6363636363636364,0.7777777777777778,0.6363636363636364,0.3181818181818182,0.36363636363636365,0.36363636363636365,0.0,0.0,0.0,0.0,3.999999999999999,0.9999999999999998,2.9999999999999996,0.9318882734170988,56.55514018691588,1486.5242041471963
Z3zGDe25gP4_30000,10.0,33,1,4,1.0,0.15151515151515152,0.2631578947368421,0.15151515151515152,0.07575757575757576,0.8484848484848485,0.8484848484848485,0.0,0.0,0.0,0.0,4.999999999999999,0.9999999999999998,3.999999999999999,0.931892745783422,56.83084112149533,1486.6027307242991
ZftXfAXmTRw_530000,10.0,33,1,4,0.8,0.8,0.8000000000000002,0.7894736842105263,0.788888888888889,0.4,0.2,0.2,0.25,1.0,0.4,2.9999999999999996,0.0,2.9999999999999996,0.9318511153887948,57.463551401869154,1486.5918881425234
TxPRX0NbL9E_30000,10.0,33,1,6,1.0,0.42424242424242425,0.5957446808510638,0.42424242424242425,0.21212121212121213,0.5757575757575758,0.5757575757575758,0.0,0.0,0.0,0.0,6.999999999999999,0.9999999999999998,5.999999999999999,0.9318781811543474,56.264485981308404,1484.6970648364486
xwVb3n09WaM_1000,9.6935,32,1,2,1.0,0.96875,0.9841269841269841,0.96875,0.484375,0.03125,0.03125,0.0,0.5,1.0,0.6666666666666666,0.9999999999999998,0.0,0.9999999999999998,0.9302111138082159,57.31538461538462,1488.68798828125
FvYr3ekJe_c_30000,10.0,33,2,2,1.0,0.4090909090909091,0.5806451612903226,0.5517241379310345,0.7045454545454546,0.5909090909090909,0.5909090909090909,0.0,0.0,0.0,0.0,2.0,1.0,1.0,0.9318798858973378,58.12429906542054,1489.0860835280373
o-orwtbwGSU_30000,10.0,33,1,3,1.0,0.9090909090909091,0.9523809523809523,0.9090909090909091,0.45454545454545453,0.09090909090909091,0.09090909090909091,0.0,0.0,0.0,0.0,3.999999999999999,0.9999999999999998,2.9999999999999996,0.9318660567505983,56.9252336448598,1494.7730359228972
Y_7tlXONBAw_11000,9.1085,30,1,5,1.0,0.5517241379310345,0.7111111111111111,0.5517241379310345,0.27586206896551724,0.4482758620689655,0.4482758620689655,0.0,0.0,0.0,0.0,5.999999999999999,0.9999999999999998,4.999999999999999,0.9293499637946425,57.55204081632653,1493.0736607142858
VpVQSzhSd14_30000,10.0,33,1,5,1.0,0.7878787878787878,0.8813559322033898,0.7878787878787878,0.3939393939393939,0.21212121212121213,0.21212121212121213,0.0,0.0,0.0,0.0,5.999999999999999,0.9999999999999998,4.999999999999999,0.9318869626369823,57.09719626168223,1501.2709915303737
-z47zN0YyE4_420000,10.000375,33,2,3,1.0,0.9393939393939394,0.96875,0.9393939393939394,0.4696969696969697,0.06060606060606061,0.06060606060606061,0.0,0.3333333333333333,0.5,0.4,1.5,0.5,1.0,0.9319326451220574,57.5607476635514,1510.1097400700935
zN0wZWtIXzA_2000,9.8935,32,1,6,1.0,0.5454545454545454,0.7058823529411764,0.5454545454545454,0.2727272727272727,0.45454545454545453,0.45454545454545453,0.0,0.0,0.0,0.0,6.999999999999999,0.9999999999999998,5.999999999999999,0.949395792107426,57.40673076923076,1515.6260892427886
GwCo3-WX3sw_30000,10.0,33,1,4,1.0,0.8787878787878788,0.9354838709677419,0.8787878787878788,0.4393939393939394,0.12121212121212122,0.12121212121212122,0.0,0.0,0.0,0.0,4.999999999999999,0.9999999999999998,3.999999999999999,0.9318762991689217,57.38504672897195,1513.7555125584113
rHaXF6gyVsw_80000,10.0,33,1,3,1.0,0.8484848484848485,0.9180327868852458,0.8484848484848485,0.42424242424242425,0.15151515151515152,0.15151515151515152,0.0,0.0,0.0,0.0,3.999999999999999,0.9999999999999998,2.9999999999999996,0.9318774747960362,57.289719626168214,1511.8489705023364
wD20jAGWBgM_10000,10.0,33,1,2,0.9523809523809523,0.8695652173913043,0.909090909090909,0.8709677419354839,0.8722826086956521,0.17391304347826086,0.13043478260869565,0.043478260869565216,0.5,1.0,0.6666666666666666,0.9999999999999998,0.0,0.9999999999999998,0.931879754777038,57.19345794392523,1511.8485324182243
5SHCBLMK348_160000,10.0,33,1,5,1.0,0.18181818181818182,0.3076923076923077,0.18181818181818182,0.09090909090909091,0.8181818181818182,0.8181818181818182,0.0,0.0,0.0,0.0,5.999999999999999,0.9999999999999998,4.999999999999999,0.9318982894978759,57.47757009345794,1513.745254088785
IRROtxNE3qU_30000,10.0,33,1,7,1.0,0.5757575757575758,0.7307692307692308,0.5757575757575758,0.2878787878787879,0.42424242424242425,0.42424242424242425,0.0,0.0,0.0,0.0,7.999999999999998,0.9999999999999998,6.999999999999998,0.9318861213218208,57.00934579439252,1511.8758761682243
o51WS1A5VjA_20000,10.0,33,1,1,1.0,0.8571428571428571,0.923076923076923,0.9393939393939394,0.9285714285714286,0.14285714285714285,0.14285714285714285,0.0,1.0,1.0,1.0,0.0,0.0,0.0,0.9318934994989809,57.47009345794391,1513.7715756425234
YhEQ1nsnAmc_20000,10.0,33,1,6,1.0,0.6666666666666666,0.8,0.6666666666666666,0.3333333333333333,0.3333333333333333,0.3333333333333333,0.0,0.0,0.0,0.0,6.999999999999999,0.9999999999999998,5.999999999999999,0.9318749709534448,57.10186915887852,1511.9503504672898
Z0OHOLrhk9k_9000,9.854625,32,1,4,1.0,0.53125,0.6938775510204082,0.53125,0.265625,0.46875,0.46875,0.0,0.0,0.0,0.0,4.999999999999999,0.9999999999999998,3.999999999999999,0.9456622633781007,56.24999999999999,1517.6573392427886
A4lHC6dO0DQ_30000,10.0,33,1,4,1.0,0.8484848484848485,0.9180327868852458,0.8484848484848485,0.42424242424242425,0.15151515151515152,0.15151515151515152,0.0,0.0,0.0,0.0,4.999999999999999,0.9999999999999998,3.999999999999999,0.931893389635761,57.28504672897195,1517.681585864486
7cC2m-yiXg8_10000,10.0,33,1,5,1.0,0.8484848484848485,0.9180327868852458,0.8484848484848485,0.42424242424242425,0.15151515151515152,0.15151515151515152,0.0,0.0,0.0,0.0,5.999999999999999,0.9999999999999998,4.999999999999999,0.9319025451816771,57.003738317757005,1519.7715026285048
px8-_GM41p4_30000,10.0,33,1,3,1.0,0.9090909090909091,0.9523809523809523,0.9090909090909091,0.45454545454545453,0.09090909090909091,0.09090909090909091,0.0,0.0,0.0,0.0,3.999999999999999,0.9999999999999998,2.9999999999999996,0.9318853965418402,55.79439252336447,1526.0597254672898
kyR89Lp7vSc_220000,10.0,33,1,4,1.0,0.3181818181818182,0.4827586206896552,0.3181818181818182,0.1590909090909091,0.6818181818181818,0.6818181818181818,0.0,0.0,0.0,0.0,4.999999999999999,0.9999999999999998,3.999999999999999,0.9318831936490993,57.48785046728972,1530.2414938668223
wtiScoqyBrY_5000,9.7335,32,1,4,0.7,0.5384615384615384,0.608695652173913,0.6785714285714286,0.6692307692307693,0.6923076923076923,0.46153846153846156,0.23076923076923078,0.0,0.0,0.0,4.999999999999999,0.9999999999999998,3.999999999999999,0.9340158956326623,56.26538461538462,1524.5498798076924
Q8FKVbSktX0_10000,10.0,33,1,3,1.0,0.7878787878787878,0.8813559322033898,0.7878787878787878,0.3939393939393939,0.21212121212121213,0.21212121212121213,0.0,0.3333333333333333,1.0,0.5,1.9999999999999996,0.0,1.9999999999999996,0.9318818051509398,57.471028037383185,1530.4427205023364
BzZk0Aqb4bI_110000,10.0,33,1,4,0.9565217391304348,0.7857142857142857,0.8627450980392156,0.7878787878787878,0.7928571428571429,0.25,0.21428571428571427,0.03571428571428571,0.0,0.0,0.0,4.999999999999999,0.9999999999999998,3.999999999999999,0.9318411726697765,56.91775700934579,1536.5270882009345
ixuTttC4pic_580000,10.0,33,1,6,1.0,0.6666666666666666,0.8,0.6666666666666666,0.3333333333333333,0.3333333333333333,0.3333333333333333,0.0,0.0,0.0,0.0,6.999999999999999,0.9999999999999998,5.999999999999999,0.9318486972287727,56.837383177570096,1530.8399897780373
mQtPEujxwnI_30000,10.0,33,2,5,1.0,0.7586206896551724,0.8627450980392156,0.7878787878787878,0.8793103448275862,0.2413793103448276,0.2413793103448276,0.0,0.2,0.5,0.28571428571428575,2.5,0.5,2.0,0.9318576912539629,57.01214953271028,1534.6313887266356
U9v3jE534-A_18000,9.1735,30,1,3,1.0,0.16666666666666666,0.2857142857142857,0.16666666666666666,0.08333333333333333,0.8333333333333334,0.8333333333333334,0.0,0.0,0.0,0.0,3.999999999999999,0.9999999999999998,2.9999999999999996,0.9359694351180706,56.8438775510204,1530.8227838010205
WtvSnE0-N4M_120000,10.0,33,1,1,1.0,0.9615384615384616,0.9803921568627451,0.967741935483871,0.9807692307692308,0.038461538461538464,0.038461538461538464,0.0,1.0,1.0,1.0,0.0,0.0,0.0,0.9319059122382226,56.448598130841106,1538.6303665303737
4IF4RDCVKNU_30000,9.99953125,33,1,1,1.0,0.9696969696969697,0.9846153846153847,0.9696969696969697,0.48484848484848486,0.030303030303030304,0.030303030303030304,0.0,1.0,1.0,1.0,0.0,0.0,0.0,0.9318327900070956,56.24859813084111,1540.9165449766356
E__SrkG0dvQ_190000,10.0,33,1,4,1.0,0.5151515151515151,0.6799999999999999,0.5151515151515151,0.25757575757575757,0.48484848484848486,0.48484848484848486,0.0,0.0,0.0,0.0,4.999999999999999,0.9999999999999998,3.999999999999999,0.9318466974434086,57.48037383177571,1537.1251460280373
YhjEQrboW_M_30000,10.0,33,1,9,0.5714285714285714,0.42105263157894735,0.48484848484848486,0.48484848484848486,0.49624060150375937,0.8947368421052632,0.5789473684210527,0.3157894736842105,0.0,0.0,0.0,9.999999999999998,0.9999999999999998,8.999999999999998,0.9318997617554483,57.01775700934579,1540.9156688084113
I3B8hD2M33s_30000,10.0,33,1,4,1.0,0.8787878787878788,0.9354838709677419,0.8787878787878788,0.4393939393939394,0.12121212121212122,0.12121212121212122,0.0,0.0,0.0,0.0,4.999999999999999,0.9999999999999998,3.999999999999999,0.9318471995977176,58.03271028037381,1542.8113682827102
3M3FsgEyWW8_290000,10.0,33,1,1,1.0,0.9696969696969697,0.9846153846153847,0.9696969696969697,0.48484848484848486,0.030303030303030304,0.030303030303030304,0.0,1.0,1.0,1.0,0.0,0.0,0.0,0.9318887018962849,56.64392523364486,1539.0212835864486
fyTnrZ5upts_21000,9.046625,30,1,3,1.0,0.8,0.888888888888889,0.8,0.4,0.2,0.2,0.0,0.0,0.0,0.0,3.999999999999999,0.9999999999999998,2.9999999999999996,0.9230189174379028,56.34795918367347,1537.118463010204
dIE1qM2d6qk_30000,10.0,33,1,5,1.0,0.36363636363636365,0.5333333333333333,0.36363636363636365,0.18181818181818182,0.6363636363636364,0.6363636363636364,0.0,0.0,0.0,0.0,5.999999999999999,0.9999999999999998,4.999999999999999,0.931885340696261,58.03831775700934,1539.2673773364486
woadpeAGHUQ_70000,10.0,33,1,6,1.0,0.8181818181818182,0.9,0.8181818181818182,0.4090909090909091,0.18181818181818182,0.18181818181818182,0.0,0.0,0.0,0.0,6.999999999999999,0.9999999999999998,5.999999999999999,0.9319014548599349,58.13271028037385,1539.2665011682243
pi0449TpB0A_4000,9.6935,32,1,2,1.0,0.9375,0.967741935483871,0.9375,0.46875,0.0625,0.0625,0.0,0.0,0.0,0.0,2.999999999999999,0.9999999999999998,1.9999999999999996,0.9301843279519357,56.64038461538461,1541.1512920673076
cyXrYUgJpv0_0,10.0,33,1,2,0.0,0.0,0.0,0.7878787878787878,0.43333333333333335,2.333333333333333,1.0,1.3333333333333333,0.0,0.0,0.0,2.999999999999999,0.9999999999999998,1.9999999999999996,0.9318777017938087,57.84392523364486,1543.076555198598
QzzJgxnXZ3Y_30000,10.0,33,1,5,1.0,0.7575757575757576,0.8620689655172413,0.7575757575757576,0.3787878787878788,0.24242424242424243,0.24242424242424243,0.0,0.0,0.0,0.0,5.999999999999999,0.9999999999999998,4.999999999999999,0.9318538978471348,57.55887850467288,1539.2743136682243
hF0tlT7Xux8_30000,10.0,33,1,5,1.0,0.7878787878787878,0.8813559322033898,0.7878787878787878,0.3939393939393939,0.21212121212121213,0.21212121212121213,0.0,0.0,0.0,0.0,5.999999999999999,0.9999999999999998,4.999999999999999,0.9318467959939921,58.030841121495314,1541.1695750584113
Rtel5iGCPO8_40000,9.4353125,31,1,4,1.0,0.7741935483870968,0.8727272727272727,0.7741935483870968,0.3870967741935484,0.22580645161290322,0.22580645161290322,0.0,0.0,0.0,0.0,4.999999999999999,0.9999999999999998,3.999999999999999,0.9331662228299114,57.53564356435643,1541.1478573638615
ATu7vfGWBYQ_10000,10.0,33,1,4,1.0,0.8,0.888888888888889,0.8,0.4,0.2,0.2,0.0,0.25,1.0,0.4,2.9999999999999996,0.0,2.9999999999999996,0.931885437091558,56.455140186915884,1541.1700131425234
EiwCTtgQVjA_30000,10.0,33,2,2,1.0,0.9090909090909091,0.9523809523809523,0.9090909090909091,0.45454545454545453,0.09090909090909091,0.09090909090909091,0.0,1.0,1.0,1.0,0.0,0.0,0.0,0.9318867223506095,56.36355140186917,1539.2747517523364
Q09u-9bbqkE_30000,10.0,33,1,4,1.0,0.5757575757575758,0.7307692307692308,0.5757575757575758,0.2878787878787879,0.42424242424242425,0.42424242424242425,0.0,0.0,0.0,0.0,4.999999999999999,0.9999999999999998,3.999999999999999,0.9318962210659887,56.548598130841114,1539.2747517523364
J0pf4bXYCFU_280000,10.0,33,1,4,1.0,0.36363636363636365,0.5333333333333333,0.36363636363636365,0.18181818181818182,0.6363636363636364,0.6363636363636364,0.0,0.0,0.0,0.0,4.999999999999999,0.9999999999999998,3.999999999999999,0.9318908921374454,57.37850467289718,1539.3404643691588
KlHk6IQ5Zmk_10000,10.0,33,1,1,1.0,0.9696969696969697,0.9846153846153847,0.9696969696969697,0.48484848484848486,0.030303030303030304,0.030303030303030304,0.0,1.0,1.0,1.0,0.0,0.0,0.0,0.9318672788947829,56.632710280373814,1545.0427132009345
iSjobBW0j48_0,9.99759375,33,1,4,1.0,0.8181818181818182,0.9,0.8181818181818182,0.4090909090909091,0.18181818181818182,0.18181818181818182,0.0,0.0,0.0,0.0,4.999999999999999,0.9999999999999998,3.999999999999999,0.931637064182367,57.19065420560746,1551.107805198598
ZCOmTeVggnw_4000,9.7735,32,1,7,1.0,0.5806451612903226,0.7346938775510204,0.59375,0.7903225806451613,0.41935483870967744,0.41935483870967744,0.0,0.0,0.0,0.0,7.999999999999998,0.9999999999999998,6.999999999999998,0.9378594489170768,57.035576923076924,1549.2022235576924
dUI9QJtS-eM_220000,10.0,33,1,4,1.0,0.45454545454545453,0.625,0.45454545454545453,0.22727272727272727,0.5454545454545454,0.5454545454545454,0.0,0.0,0.0,0.0,4.999999999999999,0.9999999999999998,3.999999999999999,0.9319004827261014,56.26448598130841,1547.3172824182243
OprAaq4nAjc_30000,10.0,33,2,7,1.0,0.6363636363636364,0.7777777777777778,0.6363636363636364,0.3181818181818182,0.36363636363636365,0.36363636363636365,0.0,0.0,0.0,0.0,4.5,1.0,3.5,0.9318721105778855,57.66448598130841,1549.2134199766356
tUBHjYFE2oI_15000,9.5535,31,1,6,0.4666666666666667,0.7777777777777778,0.5833333333333334,0.6551724137931034,0.6888888888888889,1.1111111111111112,0.2222222222222222,0.8888888888888888,0.16666666666666666,1.0,0.2857142857142857,4.999999999999999,0.0,4.999999999999999,0.9448703030636507,56.25940594059406,1545.4113551980197
gKHqdDbSPcE_30000,10.0,33,1,2,1.0,0.8181818181818182,0.9,0.8181818181818182,0.4090909090909091,0.18181818181818182,0.18181818181818182,0.0,0.0,0.0,0.0,2.999999999999999,0.9999999999999998,1.9999999999999996,0.9318569950963791,56.53644859813084,1549.2125438084113
I1X_Nmn83L8_90000,9.98990625,33,1,1,1.0,0.7878787878787878,0.8813559322033898,0.7878787878787878,0.3939393939393939,0.21212121212121213,0.21212121212121213,0.0,0.0,0.0,0.0,1.9999999999999996,0.9999999999999998,0.9999999999999998,0.9309481775509761,56.44859813084112,1553.2237879672898
NDiE7G4SUR8_30000,10.0,33,1,3,1.0,0.6060606060606061,0.7547169811320755,0.6060606060606061,0.30303030303030304,0.3939393939393939,0.3939393939393939,0.0,0.0,0.0,0.0,3.999999999999999,0.9999999999999998,2.9999999999999996,0.9318402951472406,56.82710280373832,1553.6020005841121
diERPKinMM4_80000,10.0,33,1,4,0.875,0.8076923076923077,0.8400000000000001,0.7241379310344828,0.40384615384615385,0.3076923076923077,0.19230769230769232,0.11538461538461539,0.0,0.0,0.0,4.999999999999999,0.9999999999999998,3.999999999999999,0.9318815816389611,56.71401869158879,1557.3943122079438
7i_LUTlen0c_120000,10.0,33,1,2,1.0,0.9166666666666666,0.9565217391304348,0.9166666666666666,0.4583333333333333,0.08333333333333333,0.08333333333333333,0.0,0.0,0.0,0.0,2.999999999999999,0.9999999999999998,1.9999999999999996,0.9318499697807356,56.52242990654205,1551.7067391939252
ERUMjVtHJBQ_30000,10.0,33,1,4,1.0,0.6470588235294118,0.7857142857142858,0.8181818181818182,0.8235294117647058,0.35294117647058826,0.35294117647058826,0.0,0.0,0.0,0.0,4.999999999999999,0.9999999999999998,3.999999999999999,0.9318374006658995,57.47476635514018,1557.4586740654206
B46p5zFBqRk_30000,10.0,33,1,3,1.0,0.41379310344827586,0.5853658536585366,0.48484848484848486,0.7068965517241379,0.5862068965517241,0.5862068965517241,0.0,0.0,0.0,0.0,3.999999999999999,0.9999999999999998,2.9999999999999996,0.9318676250350985,56.547663551401854,1557.2565347546729
XU5qdrF-Ixg_22000,9.1735,30,1,3,1.0,0.6666666666666666,0.8,0.7333333333333333,0.8333333333333333,0.3333333333333333,0.3333333333333333,0.0,0.3333333333333333,1.0,0.5,1.9999999999999996,0.0,1.9999999999999996,0.9359856527485483,55.84591836734693,1555.3510841836735
OVQMFBeCHq0_13000,9.8135,32,1,7,1.0,0.46875,0.6382978723404256,0.46875,0.234375,0.53125,0.53125,0.0,0.0,0.0,0.0,7.999999999999998,0.9999999999999998,6.999999999999998,0.9417116831596856,56.44134615384615,1553.464092548077
BKtFLppISCk_30000,10.0,33,1,3,1.0,0.9090909090909091,0.9523809523809523,0.9090909090909091,0.45454545454545453,0.09090909090909091,0.09090909090909091,0.0,0.0,0.0,0.0,3.999999999999999,0.9999999999999998,2.9999999999999996,0.9318785323271731,56.828037383177566,1557.3294757593458
fyFch0nwInY_40000,10.0,33,1,1,1.0,0.5833333333333334,0.7368421052631579,0.8484848484848485,0.7916666666666667,0.4166666666666667,0.4166666666666667,0.0,0.0,0.0,0.0,1.9999999999999996,0.9999999999999998,0.9999999999999998,0.9318692569829924,57.570093457943926,1557.1263142523364
cpc4_mlOHTI_30000,10.0,33,1,3,1.0,0.9090909090909091,0.9523809523809523,0.9090909090909091,0.45454545454545453,0.09090909090909091,0.09090909090909091,0.0,0.3333333333333333,1.0,0.5,1.9999999999999996,0.0,1.9999999999999996,0.9319024055423835,57.19439252336448,1557.1258761682243
Q4x8OJCgkj0_0,10.0,33,1,1,1.0,0.48484848484848486,0.653061224489796,0.48484848484848486,0.24242424242424243,0.5151515151515151,0.5151515151515151,0.0,0.0,0.0,0.0,1.9999999999999996,0.9999999999999998,0.9999999999999998,0.9318980567577587,57.66728971962616,1559.0209915303737
zOdj9zMaBXs_160000,10.0,33,1,4,1.0,0.7878787878787878,0.8813559322033898,0.7878787878787878,0.3939393939393939,0.21212121212121213,0.21212121212121213,0.0,0.0,0.0,0.0,4.999999999999999,0.9999999999999998,3.999999999999999,0.9318979506341272,57.382242990654206,1560.9255257009345
cHalNt0uIz8_130000,10.0,33,1,6,1.0,0.42424242424242425,0.5957446808510638,0.42424242424242425,0.21212121212121213,0.5757575757575758,0.5757575757575758,0.0,0.0,0.0,0.0,6.999999999999999,0.9999999999999998,5.999999999999999,0.9318951079108098,57.65887850467289,1559.2311623831777
jKLuJiov_pQ_30000,10.0,33,1,5,1.0,0.21212121212121213,0.35,0.21212121212121213,0.10606060606060606,0.7878787878787878,0.7878787878787878,0.0,0.0,0.0,0.0,5.999999999999999,0.9999999999999998,4.999999999999999,0.9318875082557335,58.026168224299056,1567.2098057827102
0Dw2vN-ildM_11000,9.17815625,30,1,5,1.0,0.7333333333333333,0.846153846153846,0.7333333333333333,0.36666666666666664,0.26666666666666666,0.26666666666666666,0.0,0.0,0.0,0.0,5.999999999999999,0.9999999999999998,4.999999999999999,0.9364229687472506,56.14489795918367,1565.292012117347
tLRo55a4k3E_50000,10.0,33,1,2,1.0,0.34615384615384615,0.5142857142857142,0.48484848484848486,0.6730769230769231,0.6538461538461539,0.6538461538461539,0.0,0.0,0.0,0.0,2.999999999999999,0.9999999999999998,1.9999999999999996,0.9318553875843919,56.5411214953271,1561.5235835280373
-4RWqM0UCCY_0,10.0,33,1,5,1.0,0.7878787878787878,0.8813559322033898,0.7878787878787878,0.3939393939393939,0.21212121212121213,0.21212121212121213,0.0,0.0,0.0,0.0,5.999999999999999,0.9999999999999998,4.999999999999999,0.9318853720462134,57.664485981308395,1565.3154205607477
ra39sEws8WU_30000,10.0,33,1,4,1.0,0.375,0.5454545454545454,0.3939393939393939,0.6874999999999999,0.625,0.625,0.0,0.0,0.0,0.0,4.999999999999999,0.9999999999999998,3.999999999999999,0.9318675827481413,57.102803738317746,1561.5235835280373
nT1D2vwXmpc_50000,9.999375,33,1,6,1.0,0.6666666666666666,0.8,0.6666666666666666,0.3333333333333333,0.3333333333333333,0.3333333333333333,0.0,0.0,0.0,0.0,6.999999999999999,0.9999999999999998,5.999999999999999,0.9318151679460395,57.09532710280373,1565.3890186915887
Wy4RlsQEbgo_490000,10.0,33,1,5,1.0,0.8484848484848485,0.9180327868852458,0.8484848484848485,0.42424242424242425,0.15151515151515152,0.15151515151515152,0.0,0.0,0.0,0.0,5.999999999999999,0.9999999999999998,4.999999999999999,0.9318836995832918,57.64859813084111,1567.3180125584113
J1xow2p1ncE_15000,9.055875,30,1,1,1.0,0.9666666666666667,0.983050847457627,0.9666666666666667,0.48333333333333334,0.03333333333333333,0.03333333333333333,0.0,1.0,1.0,1.0,0.0,0.0,0.0,0.9239732936463905,56.94795918367348,1567.2837213010205
RB7fq8RFyJc_240000,10.0,33,1,3,0.95,0.8636363636363636,0.9047619047619048,0.8787878787878788,0.8863636363636364,0.18181818181818182,0.13636363636363635,0.045454545454545456,0.0,0.0,0.0,3.999999999999999,0.9999999999999998,2.9999999999999996,0.9318710638277459,56.92616822429907,1567.3184506425234
vMAkr0INeqI_290000,10.0,33,1,4,1.0,0.6060606060606061,0.7547169811320755,0.6060606060606061,0.30303030303030304,0.3939393939393939,0.3939393939393939,0.0,0.0,0.0,0.0,4.999999999999999,0.9999999999999998,3.999999999999999,0.9318876046615885,56.442990654205595,1565.4236273364486
Rdw_5r3oGMA_30000,10.0,33,1,3,1.0,0.5,0.6666666666666666,0.6785714285714286,0.75,0.5,0.5,0.0,0.0,0.0,0.0,3.999999999999999,0.9999999999999998,2.9999999999999996,0.9318822334523152,56.255140186915895,1563.5279278621495
YzE7GTQrnws_30000,10.0,33,1,5,1.0,0.8181818181818182,0.9,0.8181818181818182,0.4090909090909091,0.18181818181818182,0.18181818181818182,0.0,0.0,0.0,0.0,5.999999999999999,0.9999999999999998,4.999999999999999,0.9318527642113036,56.997196261682234,1565.4231892523364
iEX8L_oEbsU_30000,10.0,33,1,3,1.0,0.8787878787878788,0.9354838709677419,0.8787878787878788,0.4393939393939394,0.12121212121212122,0.12121212121212122,0.0,0.0,0.0,0.0,3.999999999999999,0.9999999999999998,2.9999999999999996,0.9318645788676185,57.55794392523364,1565.4231892523364
mHiFmxbGTwc_8000,9.0335,30,1,1,1.0,0.9523809523809523,0.975609756097561,0.9523809523809523,0.47619047619047616,0.047619047619047616,0.047619047619047616,0.0,1.0,1.0,1.0,0.0,0.0,0.0,0.9216981383862767,55.847959183673474,1567.2837213010205
1ugqYLL3Km0_30000,10.0,33,1,5,1.0,0.2727272727272727,0.42857142857142855,0.2727272727272727,0.13636363636363635,0.7272727272727273,0.7272727272727273,0.0,0.0,0.0,0.0,5.999999999999999,0.9999999999999998,4.999999999999999,0.9318939507300519,56.64112149532709,1567.3927789135514
s-GlbUfWs70_80000,10.0,33,1,5,1.0,0.8787878787878788,0.9354838709677419,0.8787878787878788,0.4393939393939394,0.12121212121212122,0.12121212121212122,0.0,0.0,0.0,0.0,5.999999999999999,0.9999999999999998,4.999999999999999,0.9318963390784273,56.90654205607475,1567.3997517523364
m5l8FhW_RtA_40000,10.0,33,1,2,1.0,0.2727272727272727,0.42857142857142855,0.2727272727272727,0.13636363636363635,0.7272727272727273,0.7272727272727273,0.0,0.0,0.0,0.0,2.999999999999999,0.9999999999999998,1.9999999999999996,0.931874445669248,57.18878504672896,1571.4071626752336
279LS-xMjH8_30000,10.0,33,1,5,1.0,0.8484848484848485,0.9180327868852458,0.8484848484848485,0.42424242424242425,0.15151515151515152,0.15151515151515152,0.0,0.0,0.0,0.0,5.999999999999999,0.9999999999999998,4.999999999999999,0.93185408705628,56.74205607476637,1575.6668005257009
iQ5lVnRRooE_30000,10.0,33,1,2,1.0,0.9696969696969697,0.9846153846153847,0.9696969696969697,0.48484848484848486,0.030303030303030304,0.030303030303030304,0.0,0.5,1.0,0.6666666666666666,0.9999999999999998,0.0,0.9999999999999998,0.9318670410548852,56.45981308411214,1575.7000949182243
Tz8EkxZxSUk_14000,9.103875,30,1,8,1.0,0.5666666666666667,0.7234042553191489,0.5666666666666667,0.2833333333333333,0.43333333333333335,0.43333333333333335,0.0,0.0,0.0,0.0,8.999999999999998,0.9999999999999998,7.999999999999998,0.9288834531313206,57.066326530612244,1577.5623405612246
g37NNpBfbZs_30000,10.0,33,1,2,1.0,0.9090909090909091,0.9523809523809523,0.9090909090909091,0.45454545454545453,0.09090909090909091,0.09090909090909091,0.0,0.5,1.0,0.6666666666666666,0.9999999999999998,0.0,0.9999999999999998,0.9318724472493327,56.81401869158877,1575.7288259345794
lrl0D5Af8kA_50000,10.0,33,1,2,0.9333333333333333,0.9333333333333333,0.9333333333333333,0.8787878787878788,0.6333333333333333,0.13333333333333333,0.06666666666666667,0.06666666666666667,0.0,0.0,0.0,2.999999999999999,0.9999999999999998,1.9999999999999996,0.9318509731568223,57.19345794392522,1577.8488244742991
hyalCK4558U_30000,10.0,33,1,2,1.0,0.9393939393939394,0.96875,0.9393939393939394,0.4696969696969697,0.06060606060606061,0.06060606060606061,0.0,0.0,0.0,0.0,2.999999999999999,0.9999999999999998,1.9999999999999996,0.9318595696058378,56.82336448598128,1579.744523948598
odqMC9aklCw_0,10.0,33,1,2,1.0,0.9090909090909091,0.9523809523809523,0.9090909090909091,0.45454545454545453,0.09090909090909091,0.09090909090909091,0.0,0.0,0.0,0.0,2.999999999999999,0.9999999999999998,1.9999999999999996,0.9318656279485235,57.37757009345793,1579.7541617990655
DmqwJ49Z2vI_50000,10.0,33,2,5,0.9166666666666666,0.4782608695652174,0.6285714285714286,0.6060606060606061,0.6891304347826087,0.5652173913043478,0.5217391304347826,0.043478260869565216,0.0,0.0,0.0,3.5,1.0,2.5,0.9318533964639946,58.03271028037381,1580.7938449182243
oMGSkrwchIw_310000,10.0,33,1,5,1.0,0.5454545454545454,0.7058823529411764,0.5454545454545454,0.2727272727272727,0.45454545454545453,0.45454545454545453,0.0,0.0,0.0,0.0,5.999999999999999,0.9999999999999998,4.999999999999999,0.9318805533477508,57.478504672897195,1582.7278767523364
L-BvWIVUhlA_30000,10.0,33,1,3,1.0,0.8484848484848485,0.9180327868852458,0.8484848484848485,0.42424242424242425,0.15151515151515152,0.15151515151515152,0.0,0.0,0.0,0.0,3.999999999999999,0.9999999999999998,2.9999999999999996,0.9318724079037575,57.19719626168222,1584.6227000584113
JZTKhswn684_2000,9.5135,31,1,4,1.0,0.6774193548387096,0.8076923076923077,0.6774193548387096,0.3387096774193548,0.3225806451612903,0.3225806451612903,0.0,0.0,0.0,0.0,4.999999999999999,0.9999999999999998,3.999999999999999,0.9409171439259642,57.225742574257424,1586.5020111386139
NnWalieOmrI_27000,9.525,31,1,1,1.0,0.6666666666666666,0.8,0.875,0.8333333333333333,0.3333333333333333,0.3333333333333333,0.0,1.0,1.0,1.0,0.0,0.0,0.0,0.9420545908255328,56.65346534653466,1584.6413211633662
KvJuBGIBNnM_30000,10.0,33,1,1,1.0,0.9696969696969697,0.9846153846153847,0.9696969696969697,0.48484848484848486,0.030303030303030304,0.030303030303030304,0.0,1.0,1.0,1.0,0.0,0.0,0.0,0.9318951548811206,57.389719626168215,1585.3693779205607
wXQK5OoNge4_120000,10.0004375,33,1,4,1.0,0.8787878787878788,0.9354838709677419,0.8787878787878788,0.4393939393939394,0.12121212121212122,0.12121212121212122,0.0,0.0,0.0,0.0,4.999999999999999,0.9999999999999998,3.999999999999999,0.9319142048512591,56.63551401869158,1585.3731381425234
gzjnHLNl4qI_30000,10.0,33,1,4,1.0,0.7575757575757576,0.8620689655172413,0.7575757575757576,0.3787878787878788,0.24242424242424243,0.24242424242424243,0.0,0.0,0.0,0.0,4.999999999999999,0.9999999999999998,3.999999999999999,0.9318927697537276,57.38785046728972,1585.3731381425234
sS4NEhWjRss_30000,10.0,33,1,3,1.0,0.9393939393939394,0.96875,0.9393939393939394,0.4696969696969697,0.06060606060606061,0.06060606060606061,0.0,0.0,0.0,0.0,3.999999999999999,0.9999999999999998,2.9999999999999996,0.9318720651566265,57.66355140186915,1583.4870765186915
QT2XUbNi35Y_26000,9.0335,30,1,1,1.0,0.9666666666666667,0.983050847457627,0.9666666666666667,0.48333333333333334,0.03333333333333333,0.03333333333333333,0.0,1.0,1.0,1.0,0.0,0.0,0.0,0.921695919938464,56.65510204081633,1583.6977838010205
VvgTK8dqNqI_30000,10.0,33,1,2,1.0,0.06060606060606061,0.1142857142857143,0.06060606060606061,0.030303030303030304,0.9393939393939394,0.9393939393939394,0.0,0.0,0.0,0.0,2.999999999999999,0.9999999999999998,1.9999999999999996,0.9318684524267399,56.54579439252337,1585.6187938084113
Y_L1TNXdQaI_30000,9.0935,30,1,3,1.0,0.5333333333333333,0.6956521739130436,0.5333333333333333,0.26666666666666666,0.4666666666666667,0.4666666666666667,0.0,0.0,0.0,0.0,3.999999999999999,0.9999999999999998,2.9999999999999996,0.9278083472758945,56.92755102040815,1585.546237244898
RyegNv9xxHM_30000,10.0,33,1,1,1.0,0.9696969696969697,0.9846153846153847,0.9696969696969697,0.48484848484848486,0.030303030303030304,0.030303030303030304,0.0,1.0,1.0,1.0,0.0,0.0,0.0,0.9318894012352551,58.50934579439252,1585.6196699766356
P3-jB8vi-no_110000,10.0,33,1,2,1.0,0.9393939393939394,0.96875,0.9393939393939394,0.4696969696969697,0.06060606060606061,0.06060606060606061,0.0,0.5,1.0,0.6666666666666666,0.9999999999999998,0.0,0.9999999999999998,0.9318537419773516,56.072897196261664,1583.7244085864486
gR8sdfr89oU_12000,9.4335,31,1,4,1.0,0.7096774193548387,0.8301886792452831,0.7096774193548387,0.3548387096774194,0.2903225806451613,0.2903225806451613,0.0,0.0,0.0,0.0,4.999999999999999,0.9999999999999998,3.999999999999999,0.9330088736458418,57.04455445544552,1581.8176051980197
7KLcXpyuexo_400000,10.0,33,1,3,0.8,0.5714285714285714,0.6666666666666666,0.6363636363636364,0.6607142857142857,0.5714285714285714,0.42857142857142855,0.14285714285714285,0.0,0.0,0.0,3.999999999999999,0.9999999999999998,2.9999999999999996,0.9318816040417128,57.299065420560744,1585.6941442757009
RcLlkeN5TRc_270000,10.0,33,1,2,1.0,0.9393939393939394,0.96875,0.9393939393939394,0.4696969696969697,0.06060606060606061,0.06060606060606061,0.0,0.5,1.0,0.6666666666666666,0.9999999999999998,0.0,0.9999999999999998,0.9318720349398153,57.66168224299066,1585.7274386682243
Jrm2HZB12_4_20000,10.0,33,2,6,1.0,0.4666666666666667,0.6363636363636364,0.5151515151515151,0.7333333333333334,0.5333333333333333,0.5333333333333333,0.0,0.0,0.0,0.0,4.0,1.0,3.0,0.9318996303565868,56.817757009345776,1587.6323379088785
aNF8yF_d3TI_80000,10.0,33,1,2,1.0,0.7272727272727273,0.8421052631578948,0.7272727272727273,0.36363636363636365,0.2727272727272727,0.2727272727272727,0.0,0.0,0.0,0.0,2.999999999999999,0.9999999999999998,1.9999999999999996,0.9318149712639089,57.37757009345793,1589.850832359813
v1rtq84_yoI_10000,10.0,33,1,4,1.0,0.6071428571428571,0.7555555555555554,0.6666666666666666,0.8035714285714286,0.39285714285714285,0.39285714285714285,0.0,0.0,0.0,0.0,4.999999999999999,0.9999999999999998,3.999999999999999,0.9318827459061376,56.820560747663556,1591.7840245327102
hZFC7k-u6DE_160000,10.0,33,1,6,0.7777777777777778,0.84,0.8076923076923077,0.696969696969697,0.5449999999999999,0.4,0.16,0.24,0.0,0.0,0.0,6.999999999999999,0.9999999999999998,5.999999999999999,0.9318805774185244,57.27850467289718,1586.0856454439252
4-4kICnzOHw_270000,10.0,33,1,3,1.0,0.9090909090909091,0.9523809523809523,0.9090909090909091,0.45454545454545453,0.09090909090909091,0.09090909090909091,0.0,0.3333333333333333,1.0,0.5,1.9999999999999996,0.0,1.9999999999999996,0.9318635359556592,57.37383177570093,1591.7723057827102
H1EG4tQ1jzw_70000,9.99953125,33,1,3,1.0,0.5151515151515151,0.6799999999999999,0.5151515151515151,0.25757575757575757,0.48484848484848486,0.48484848484848486,0.0,0.0,0.0,0.0,3.999999999999999,0.9999999999999998,2.9999999999999996,0.9318152663634901,56.54112149532711,1587.9817830023364
ubkb8oSa-rg_4000,9.1889375,30,1,1,1.0,0.9666666666666667,0.983050847457627,0.9666666666666667,0.48333333333333334,0.03333333333333333,0.03333333333333333,0.0,1.0,1.0,1.0,0.0,0.0,0.0,0.9375429041785516,55.94183673469387,1587.9663185586735
rl0G7h7j7HY_100000,10.0,33,1,7,1.0,0.6923076923076923,0.8181818181818181,0.7575757575757576,0.8461538461538461,0.3076923076923077,0.3076923076923077,0.0,0.0,0.0,0.0,7.999999999999998,0.9999999999999998,6.999999999999998,0.9318799116058173,57.6663551401869,1588.2313449182243
uo0jkUWM4ko_0,5.99075,20,1,3,1.0,0.3333333333333333,0.5,0.3684210526315789,0.6666666666666665,0.6666666666666666,0.6666666666666666,0.0,0.0,0.0,0.0,3.999999999999999,0.9999999999999998,2.9999999999999996,0.8939870552262505,56.232835820895524,1589.905083955224
xG_HDJCFNtg_0,10.0,33,1,1,1.0,0.9696969696969697,0.9846153846153847,0.9696969696969697,0.48484848484848486,0.030303030303030304,0.030303030303030304,0.0,1.0,1.0,1.0,0.0,0.0,0.0,0.9318650786149948,56.45794392523365,1586.3360835280373
jE3uB-qxFEs_30000,10.0,33,1,5,1.0,0.7575757575757576,0.8620689655172413,0.7575757575757576,0.3787878787878788,0.24242424242424243,0.24242424242424243,0.0,0.2,1.0,0.33333333333333337,3.999999999999999,0.0,3.999999999999999,0.9318696738897769,57.54859813084113,1590.1426693925234
YzgIuEHEtaA_10000,10.0,33,1,2,1.0,0.6956521739130435,0.8205128205128205,0.6956521739130435,0.34782608695652173,0.30434782608695654,0.30434782608695654,0.0,0.5,1.0,0.6666666666666666,0.9999999999999998,0.0,0.9999999999999998,0.93186701004988,56.4467289719626,1588.2469699182243
LMpxEF4Ag7M_180000,10.0,33,2,4,1.0,0.8181818181818182,0.9,0.8181818181818182,0.4090909090909091,0.18181818181818182,0.18181818181818182,0.0,0.5,1.0,0.6666666666666666,1.0,0.0,1.0,0.9318579844966934,56.62710280373831,1590.1422313084113
WaztvQMKAj4_340000,10.0,33,1,1,1.0,0.9696969696969697,0.9846153846153847,0.9696969696969697,0.48484848484848486,0.030303030303030304,0.030303030303030304,0.0,1.0,1.0,1.0,0.0,0.0,0.0,0.9318844119460361,57.37850467289721,1592.037054614486
rNlE-CF9GBc_1000,9.51865625,31,1,2,1.0,0.967741935483871,0.9836065573770492,0.967741935483871,0.4838709677419355,0.03225806451612903,0.03225806451612903,0.0,0.5,1.0,0.6666666666666666,0.9999999999999998,0.0,0.9999999999999998,0.9414442146865902,57.04257425742573,1592.0102877475247
lQc432kUOpM_30000,10.0,33,1,1,1.0,0.9696969696969697,0.9846153846153847,0.9696969696969697,0.48484848484848486,0.030303030303030304,0.030303030303030304,0.0,1.0,1.0,1.0,0.0,0.0,0.0,0.9319002578908695,56.91775700934579,1590.1539500584113
a_Kvr6DtIlo_30000,10.0,33,1,9,1.0,0.6363636363636364,0.7777777777777778,0.6363636363636364,0.3181818181818182,0.36363636363636365,0.36363636363636365,0.0,0.0,0.0,0.0,9.999999999999998,0.9999999999999998,8.999999999999998,0.9318763336319703,57.303738317757,1588.2474080023364
Ss8YAWuuzlM_30000,10.0,33,1,3,1.0,0.8787878787878788,0.9354838709677419,0.8787878787878788,0.4393939393939394,0.12121212121212122,0.12121212121212122,0.0,0.0,0.0,0.0,3.999999999999999,0.9999999999999998,2.9999999999999996,0.9318697105359415,57.5626168224299,1590.1426693925234
7SDvdOch9Vo_23000,9.7735,32,1,3,1.0,0.46875,0.6382978723404256,0.46875,0.234375,0.53125,0.53125,0.0,0.0,0.0,0.0,3.999999999999999,0.9999999999999998,2.9999999999999996,0.9378513150272894,57.411538461538456,1588.3064903846155
iaDcUfld-gw_30000,10.0,33,1,4,1.0,0.8695652173913043,0.9302325581395349,0.9090909090909091,0.9347826086956521,0.13043478260869565,0.13043478260869565,0.0,0.0,0.0,0.0,4.999999999999999,0.9999999999999998,3.999999999999999,0.9318795289105294,57.94205607476634,1591.9000438084113
2MHhtDe72Sc_50000,10.0,33,1,5,1.0,0.8787878787878788,0.9354838709677419,0.8787878787878788,0.4393939393939394,0.12121212121212122,0.12121212121212122,0.0,0.0,0.0,0.0,5.999999999999999,0.9999999999999998,4.999999999999999,0.9318830640038669,56.547663551401854,1591.9000438084113
xbuXpLnXM-I_70000,10.0,33,1,3,0.7,0.875,0.7777777777777777,0.8709677419354839,0.8722826086956521,0.5,0.125,0.375,0.3333333333333333,1.0,0.5,1.9999999999999996,0.0,1.9999999999999996,0.9318860291825413,56.71588785046728,1591.8996057242991
7dUjeTRWask_50000,10.0,33,1,3,1.0,0.7272727272727273,0.8421052631578948,0.7272727272727273,0.36363636363636365,0.2727272727272727,0.2727272727272727,0.0,0.0,0.0,0.0,3.999999999999999,0.9999999999999998,2.9999999999999996,0.9318742849299759,56.828037383177566,1593.794867114486
Ai6ynjVDKrY_90000,10.0,33,1,2,1.0,0.9393939393939394,0.96875,0.9393939393939394,0.4696969696969697,0.06060606060606061,0.06060606060606061,0.0,0.0,0.0,0.0,2.999999999999999,0.9999999999999998,1.9999999999999996,0.9318689484378406,57.27663551401868,1593.7962178738317
rYutp4g6og8_25000,9.66740625,32,1,5,1.0,0.53125,0.6938775510204082,0.53125,0.265625,0.46875,0.46875,0.0,0.0,0.0,0.0,5.999999999999999,0.9999999999999998,4.999999999999999,0.9276540283626804,56.74038461538463,1588.1045673076924
3Rr1TKVvm9M_30000,10.0,33,1,1,1.0,0.7419354838709677,0.8518518518518519,0.7575757575757576,0.8709677419354839,0.25806451612903225,0.25806451612903225,0.0,0.0,0.0,0.0,1.9999999999999996,0.9999999999999998,0.9999999999999998,0.9318785947734265,56.08785046728973,1590.0053665303737
FWta-G1SMV0_0,6.6935,22,1,3,1.0,0.8636363636363636,0.9268292682926829,0.8636363636363636,0.4318181818181818,0.13636363636363635,0.13636363636363635,0.0,0.0,0.0,0.0,3.999999999999999,0.9999999999999998,2.9999999999999996,0.9143033282932608,55.71232876712329,1589.8781035958905
K87dMG68I44_16000,9.82059375,32,1,1,1.0,0.96875,0.9841269841269841,0.96875,0.484375,0.03125,0.03125,0.0,1.0,1.0,1.0,0.0,0.0,0.0,0.9423760582799636,57.224999999999994,1591.8932166466345
guoHyedWEps_6000,9.58059375,31,1,8,1.0,0.4838709677419355,0.6521739130434783,0.4838709677419355,0.24193548387096775,0.5161290322580645,0.5161290322580645,0.0,0.0,0.0,0.0,8.999999999999998,0.9999999999999998,7.999999999999998,0.9475455621792748,56.850495049504936,1591.8817682549504
U45V5-lD6iA_40000,10.0,33,1,3,1.0,0.9090909090909091,0.9523809523809523,0.9090909090909091,0.45454545454545453,0.09090909090909091,0.09090909090909091,0.0,0.0,0.0,0.0,3.999999999999999,0.9999999999999998,2.9999999999999996,0.9318669959879432,58.414953271028025,1591.9035119742991
yOI134PGxxM_0,10.0,33,1,3,0.7333333333333333,0.7857142857142857,0.7586206896551724,0.7878787878787878,0.7875939849624061,0.5,0.21428571428571427,0.2857142857142857,0.3333333333333333,1.0,0.5,1.9999999999999996,0.0,1.9999999999999996,0.9319096351154833,56.91869158878505,1593.8000876168223
ieBjCwhuCcQ_10000,10.0,33,1,5,0.6,0.25,0.35294117647058826,0.6451612903225806,0.5723684210526316,0.9166666666666666,0.75,0.16666666666666666,0.0,0.0,0.0,5.999999999999999,0.9999999999999998,4.999999999999999,0.9318785858265368,56.92336448598131,1590.0086886682243
xHwZhZlehTM_26000,10.0,33,1,2,1.0,0.375,0.5454545454545454,0.375,0.1875,0.625,0.625,0.0,0.0,0.0,0.0,2.999999999999999,0.9999999999999998,1.9999999999999996,0.9318677786551643,56.65046728971961,1591.9039500584113
amvNcLYdEE0_0,8.6535,28,1,2,0.5,0.05263157894736842,0.09523809523809525,0.32142857142857145,0.4707602339181286,1.0,0.9473684210526315,0.05263157894736842,0.0,0.0,0.0,2.999999999999999,0.9999999999999998,1.9999999999999996,0.9424999638340469,55.693478260869576,1591.7562415081522
i_xUwOCMsmQ_80000,10.0,33,1,3,0.9,0.6923076923076923,0.7826086956521738,0.8484848484848485,0.8211538461538461,0.38461538461538464,0.3076923076923077,0.07692307692307693,0.0,0.0,0.0,3.999999999999999,0.9999999999999998,2.9999999999999996,0.9319059249971345,57.19439252336448,1591.9043881425234
KzQjRxNiDkM_30000,10.0,33,1,4,1.0,0.8484848484848485,0.9180327868852458,0.8484848484848485,0.42424242424242425,0.15151515151515152,0.15151515151515152,0.0,0.0,0.0,0.0,4.999999999999999,0.9999999999999998,3.999999999999999,0.9319010070084355,56.45607476635514,1590.0086886682243
3ErKc4vYXAU_80000,10.0,33,1,5,1.0,0.84375,0.9152542372881356,0.8484848484848485,0.9218749999999999,0.15625,0.15625,0.0,0.0,0.0,0.0,5.999999999999999,0.9999999999999998,4.999999999999999,0.9318275248436035,56.17009345794392,1591.9138799649534
WeqaF8CrqRU_30000,10.0,33,2,5,0.6923076923076923,0.75,0.7199999999999999,0.7741935483870968,0.7697368421052632,0.5833333333333333,0.25,0.3333333333333333,0.4,1.0,0.5714285714285715,1.5,0.0,1.5,0.9318629095929465,58.39719626168224,1590.2634710864486
eLGW0qm43M4_30000,10.00096875,33,1,4,1.0,0.8484848484848485,0.9180327868852458,0.8484848484848485,0.42424242424242425,0.15151515151515152,0.15151515151515152,0.0,0.0,0.0,0.0,4.999999999999999,0.9999999999999998,3.999999999999999,0.9319629696407458,57.556074766355124,1590.2630330023364
yK_15YXkolg_30000,10.0,33,1,6,1.0,0.5454545454545454,0.7058823529411764,0.5454545454545454,0.2727272727272727,0.45454545454545453,0.45454545454545453,0.0,0.0,0.0,0.0,6.999999999999999,0.9999999999999998,5.999999999999999,0.9319014771726524,57.27757009345793,1592.1691369742991
O5PYSnI7vT8_30000,10.0,33,1,4,1.0,0.9090909090909091,0.9523809523809523,0.9090909090909091,0.45454545454545453,0.09090909090909091,0.09090909090909091,0.0,0.0,0.0,0.0,4.999999999999999,0.9999999999999998,3.999999999999999,0.931886246196151,57.29345794392523,1592.1578563084113
WB8oUR5Te4Q_30000,10.0,33,1,1,1.0,0.9,0.9473684210526316,0.9696969696969697,0.95,0.1,0.1,0.0,1.0,1.0,1.0,0.0,0.0,0.0,0.9318843209292607,56.354205607476615,1592.1582943925234
zg9b_zLHgGo_10000,10.0,33,1,4,1.0,0.7272727272727273,0.8421052631578948,0.7272727272727273,0.36363636363636365,0.2727272727272727,0.2727272727272727,0.0,0.0,0.0,0.0,4.999999999999999,0.9999999999999998,3.999999999999999,0.9318798472588,56.9289719626168,1592.1582943925234
v8VCeePQOQQ_120000,10.0,33,1,2,1.0,0.9393939393939394,0.96875,0.9393939393939394,0.4696969696969697,0.06060606060606061,0.06060606060606061,0.0,0.0,0.0,0.0,2.999999999999999,0.9999999999999998,1.9999999999999996,0.9318800563740018,56.91588785046729,1592.1691369742991
jpDW0fGDjGo_210000,10.0,33,1,4,0.22727272727272727,0.4166666666666667,0.29411764705882354,0.25,0.2833333333333333,2.0,0.5833333333333334,1.4166666666666667,0.0,0.0,0.0,4.999999999999999,0.9999999999999998,3.999999999999999,0.9318846108020319,56.442056074766334,1592.1683703271028
RpURuKbzOMg_40000,10.0,33,1,3,1.0,0.8787878787878788,0.9354838709677419,0.8787878787878788,0.4393939393939394,0.12121212121212122,0.12121212121212122,0.0,0.0,0.0,0.0,3.999999999999999,0.9999999999999998,2.9999999999999996,0.9318805405895336,57.104672897196245,1588.6138653621495
K-qyYG8Fy5c_50000,10.0,33,1,2,1.0,0.2857142857142857,0.4444444444444445,0.8484848484848485,0.6428571428571428,0.7142857142857143,0.7142857142857143,0.0,0.0,0.0,0.0,2.999999999999999,0.9999999999999998,1.9999999999999996,0.931891328686625,56.1682242990654,1590.5086886682243
rf6M6o2B5ww_30000,10.0,33,1,3,1.0,0.8235294117647058,0.9032258064516129,0.9090909090909091,0.9117647058823529,0.17647058823529413,0.17647058823529413,0.0,0.0,0.0,0.0,3.999999999999999,0.9999999999999998,2.9999999999999996,0.9318368063016281,57.481308411214926,1592.4043881425234
38dy2dT_VTE_380000,10.0,33,1,4,1.0,0.7272727272727273,0.8421052631578948,0.7272727272727273,0.36363636363636365,0.2727272727272727,0.2727272727272727,0.0,0.0,0.0,0.0,4.999999999999999,0.9999999999999998,3.999999999999999,0.9318401297192295,57.28878504672898,1590.5091267523364
Q3xwHR3-38k_30000,10.0,33,1,2,1.0,0.9090909090909091,0.9523809523809523,0.9090909090909091,0.45454545454545453,0.09090909090909091,0.09090909090909091,0.0,0.5,1.0,0.6666666666666666,0.9999999999999998,0.0,0.9999999999999998,0.9318832083282094,57.66355140186916,1592.4043881425234
eePh_tVrz2Y_30000,10.0,33,3,2,1.0,0.8709677419354839,0.9310344827586207,0.8787878787878788,0.935483870967742,0.12903225806451613,0.12903225806451613,0.0,1.0,0.6666666666666666,0.8,0.3333333333333333,0.3333333333333333,0.0,0.9318806342845946,57.09345794392521,1590.5086886682243
ox1eTBgc3OA_20000,9.860875,32,1,4,0.4444444444444444,0.8888888888888888,0.5925925925925926,0.6451612903225806,0.7171717171717171,1.2222222222222223,0.1111111111111111,1.1111111111111112,0.25,1.0,0.4,2.9999999999999996,0.0,2.9999999999999996,0.9462357751466934,56.541346153846156,1592.4029447115386
hhn_-K9WyeU_190000,10.0,33,1,3,1.0,0.8787878787878788,0.9354838709677419,0.8787878787878788,0.4393939393939394,0.12121212121212122,0.12121212121212122,0.0,0.0,0.0,0.0,3.999999999999999,0.9999999999999998,2.9999999999999996,0.9318542861722756,57.57476635514018,1590.7508761682243
SKgzL4rRhq4_250000,10.0,33,1,3,0.9444444444444444,0.9444444444444444,0.9444444444444444,0.9393939393939394,0.9388888888888889,0.1111111111111111,0.05555555555555555,0.05555555555555555,0.3333333333333333,1.0,0.5,1.9999999999999996,0.0,1.9999999999999996,0.9318117871223474,57.38037383177571,1592.6465756425234
jUOrItSbcRk_30000,10.0,33,1,4,1.0,0.8787878787878788,0.9354838709677419,0.8787878787878788,0.4393939393939394,0.12121212121212122,0.12121212121212122,0.0,0.0,0.0,0.0,4.999999999999999,0.9999999999999998,3.999999999999999,0.9318833644706994,57.199999999999996,1590.7514602803737
6_j3cDYbmTE_130000,10.0,33,1,7,0.38461538461538464,0.8333333333333334,0.5263157894736842,0.7272727272727273,0.7685185185185186,1.5,0.16666666666666666,1.3333333333333333,0.14285714285714285,1.0,0.25,5.999999999999999,0.0,5.999999999999999,0.9318141225279943,57.65794392523364,1590.7552205023364
yp3Q_tGcTzs_30000,10.0,33,2,3,1.0,0.8787878787878788,0.9354838709677419,0.8787878787878788,0.4393939393939394,0.12121212121212122,0.12121212121212122,0.0,0.0,0.0,0.0,2.5,1.0,1.5,0.9318455499356559,58.22242990654206,1590.7556585864486
zaJtdGUsqlU_160000,10.0,33,2,2,0.4838709677419355,0.8823529411764706,0.625,0.45454545454545453,0.4411764705882353,1.0588235294117647,0.11764705882352941,0.9411764705882353,0.5,0.5,0.5,1.0,0.5,0.5,0.9318950495467172,56.917757009345785,1588.8595210280373
9X4HqX_nIpA_4000,9.51403125,31,1,5,1.0,0.7741935483870968,0.8727272727272727,0.7741935483870968,0.3870967741935484,0.22580645161290322,0.22580645161290322,0.0,0.0,0.0,0.0,5.999999999999999,0.9999999999999998,4.999999999999999,0.9409548153334416,56.94158415841584,1592.6278620049504
46Ypz4kXjNo_10000,10.00009375,33,2,5,1.0,0.9090909090909091,0.9523809523809523,0.9090909090909091,0.45454545454545453,0.09090909090909091,0.09090909090909091,0.0,0.0,0.0,0.0,3.5,1.0,2.5,0.9318604601246683,56.08504672897197,1592.6501898364486
kBWOt5A8BnM_0,10.0,33,1,7,1.0,0.7575757575757576,0.8620689655172413,0.7575757575757576,0.3787878787878788,0.24242424242424243,0.24242424242424243,0.0,0.0,0.0,0.0,7.999999999999998,0.9999999999999998,6.999999999999998,0.9318693504230523,56.92429906542055,1594.63671875
eKuXLSyKLxY_0,9.8220625,32,1,3,0.9655172413793104,0.9032258064516129,0.9333333333333333,0.875,0.45161290322580644,0.12903225806451613,0.0967741935483871,0.03225806451612903,0.0,0.0,0.0,3.999999999999999,0.9999999999999998,2.9999999999999996,0.942546371547628,57.02692307692307,1590.8623798076924
dhkeAizvUbQ_10000,10.0,33,1,3,1.0,0.6842105263157895,0.8125000000000001,0.6842105263157895,0.34210526315789475,0.3157894736842105,0.3157894736842105,0.0,0.0,0.0,0.0,3.999999999999999,0.9999999999999998,2.9999999999999996,0.9318545283525144,57.4663551401869,1592.7634710864486
LwdF3e2oFow_6000,9.0535,30,1,4,1.0,0.7333333333333333,0.846153846153846,0.7333333333333333,0.36666666666666664,0.26666666666666666,0.26666666666666666,0.0,0.0,0.0,0.0,4.999999999999999,0.9999999999999998,3.999999999999999,0.9237460830709161,56.849999999999994,1590.8501275510205
LEuA8jM3LGg_20000,10.0,33,1,2,1.0,0.92,0.9583333333333334,0.9393939393939394,0.96,0.08,0.08,0.0,0.0,0.0,0.0,2.999999999999999,0.9999999999999998,1.9999999999999996,0.9318864346500996,57.47663551401868,1594.6574182242991
aaHQvF9vZjo_30000,10.0,33,1,9,1.0,0.45454545454545453,0.625,0.45454545454545453,0.22727272727272727,0.5454545454545454,0.5454545454545454,0.0,0.0,0.0,0.0,9.999999999999998,0.9999999999999998,8.999999999999998,0.9319009713910258,56.631775700934575,1596.62890625
bpO0Bu33GU0_11000,9.6535,32,1,2,1.0,0.9375,0.967741935483871,0.9375,0.46875,0.0625,0.0625,0.0,0.5,1.0,0.6666666666666666,0.9999999999999998,0.0,0.9999999999999998,0.926342669955884,57.801923076923075,1594.7580003004807
R_l8SGVw_sI_40000,10.0,33,1,1,1.0,0.9696969696969697,0.9846153846153847,0.9696969696969697,0.48484848484848486,0.030303030303030304,0.030303030303030304,0.0,1.0,1.0,1.0,0.0,0.0,0.0,0.9318736695922484,57.38691588785046,1598.5574620327102
YWX5sZw0Zf4_30000,10.0,33,1,7,1.0,0.7272727272727273,0.8421052631578948,0.7272727272727273,0.36363636363636365,0.2727272727272727,0.2727272727272727,0.0,0.0,0.0,0.0,7.999999999999998,0.9999999999999998,6.999999999999998,0.9318809443134763,56.811214953271026,1594.7660630841121
Tuknjurgd4w_7000,9.99703125,33,1,5,1.0,0.6774193548387096,0.8076923076923077,0.6774193548387096,0.3387096774193548,0.3225806451612903,0.3225806451612903,0.0,0.0,0.0,0.0,5.999999999999999,0.9999999999999998,4.999999999999999,0.9316037783929811,56.63457943925233,1598.5574620327102
j1N909f8Obg_50000,10.0,33,1,5,0.8095238095238095,0.68,0.7391304347826089,0.6363636363636364,0.5900000000000001,0.48,0.32,0.16,0.0,0.0,0.0,5.999999999999999,0.9999999999999998,4.999999999999999,0.9318767226025956,56.45140186915887,1594.7673773364486
heZ2mlaDgMk_30000,10.0,33,1,1,1.0,0.8571428571428571,0.923076923076923,0.9696969696969697,0.9285714285714286,0.14285714285714285,0.14285714285714285,0.0,1.0,1.0,1.0,0.0,0.0,0.0,0.9318741043864784,57.183177570093456,1594.7660995911215
U9Lcvj0xWQI_120000,10.0,33,1,2,1.0,0.8181818181818182,0.9,0.8181818181818182,0.4090909090909091,0.18181818181818182,0.18181818181818182,0.0,0.0,0.0,0.0,2.999999999999999,0.9999999999999998,1.9999999999999996,0.9318822248591903,56.164485981308395,1598.557023948598
q91mUNgSbSY_10000,10.0,33,1,1,1.0,0.8,0.888888888888889,0.9090909090909091,0.9,0.2,0.2,0.0,1.0,1.0,1.0,0.0,0.0,0.0,0.9318859483357471,57.46542056074766,1598.5579001168223
ESXgEitdYaQ_30000,10.0,33,1,2,0.9642857142857143,0.9642857142857143,0.9642857142857143,0.9393939393939394,0.8821428571428571,0.07142857142857142,0.03571428571428571,0.03571428571428571,0.5,1.0,0.6666666666666666,0.9999999999999998,0.0,0.9999999999999998,0.9318868558183111,57.566355140186886,1594.77734375
c5fK1rA3bHE_0,10.0,33,1,2,1.0,0.8787878787878788,0.9354838709677419,0.8787878787878788,0.4393939393939394,0.12121212121212122,0.12121212121212122,0.0,0.5,1.0,0.6666666666666666,0.9999999999999998,0.0,0.9999999999999998,0.9318866831858027,56.92710280373832,1598.5579001168223
lS-ze9KlSRE_0,10.0,33,1,4,0.9583333333333334,0.8214285714285714,0.8846153846153847,0.8181818181818182,0.8107142857142857,0.2142857142857143,0.17857142857142858,0.03571428571428571,0.0,0.0,0.0,4.999999999999999,0.9999999999999998,3.999999999999999,0.9318717541934848,56.83177570093457,1592.8712397780373
gJLb-UAj2rU_30000,10.0,33,1,3,1.0,0.15151515151515152,0.2631578947368421,0.15151515151515152,0.07575757575757576,0.8484848484848485,0.8484848484848485,0.0,0.0,0.0,0.0,3.999999999999999,0.9999999999999998,2.9999999999999996,0.9318745305173655,56.82149532710278,1596.6617625584113
OHziR4QA3ds_80000,10.000375,33,1,3,1.0,0.8787878787878788,0.9354838709677419,0.8787878787878788,0.4393939393939394,0.12121212121212122,0.12121212121212122,0.0,0.0,0.0,0.0,3.999999999999999,0.9999999999999998,2.9999999999999996,0.9318885320930599,56.8271028037383,1598.5579001168223
1KD0P2R1EN4_10000,10.0,33,1,4,1.0,0.5882352941176471,0.7407407407407407,0.72,0.7941176470588236,0.4117647058823529,0.4117647058823529,0.0,0.0,0.0,0.0,4.999999999999999,0.9999999999999998,3.999999999999999,0.9318846322546258,57.9467289719626,1596.6739193925234
vIfN-aynATQ_30000,10.0,33,1,1,1.0,0.9696969696969697,0.9846153846153847,0.9696969696969697,0.48484848484848486,0.030303030303030304,0.030303030303030304,0.0,1.0,1.0,1.0,0.0,0.0,0.0,0.9318915509193397,57.10467289719625,1594.7665011682243
IrhFAaqxmKM_70000,10.0,33,2,5,0.9565217391304348,0.8148148148148148,0.8800000000000001,0.8181818181818182,0.8240740740740741,0.2222222222222222,0.18518518518518517,0.037037037037037035,0.2,0.5,0.28571428571428575,2.5,0.5,2.0,0.931856375434616,56.814953271028024,1598.5579001168223
ItQcPHtzowY_9000,9.1135,30,1,2,0.6071428571428571,0.8947368421052632,0.7234042553191489,0.5666666666666667,0.4473684210526316,0.6842105263157895,0.10526315789473684,0.5789473684210527,0.0,0.0,0.0,2.999999999999999,0.9999999999999998,1.9999999999999996,0.929843509244709,56.66020408163265,1592.854512117347
bMP3qOSuk-A_120000,10.0,33,1,6,0.9047619047619048,0.6785714285714286,0.7755102040816326,0.6666666666666666,0.6392857142857142,0.3928571428571429,0.32142857142857145,0.07142857142857142,0.0,0.0,0.0,6.999999999999999,0.9999999999999998,5.999999999999999,0.9318820638644956,56.454205607476624,1594.7666471962616
S44aezVNS7c_10000,10.0,33,1,1,1.0,0.9393939393939394,0.96875,0.9393939393939394,0.4696969696969697,0.06060606060606061,0.06060606060606061,0.0,1.0,1.0,1.0,0.0,0.0,0.0,0.931888422615927,56.638317757009354,1596.6656688084113
MxJPva0NHE8_290000,10.0,33,1,1,1.0,0.9696969696969697,0.9846153846153847,0.9696969696969697,0.48484848484848486,0.030303030303030304,0.030303030303030304,0.0,1.0,1.0,1.0,0.0,0.0,0.0,0.9318281884789092,56.72710280373829,1596.6652307242991
eXG-uqLMwnc_30000,10.0,33,1,7,1.0,0.7241379310344828,0.8400000000000001,0.7575757575757576,0.8620689655172413,0.27586206896551724,0.27586206896551724,0.0,0.0,0.0,0.0,7.999999999999998,0.9999999999999998,6.999999999999998,0.9318796952118377,57.10841121495327,1598.5618063668223
HmVzX2pSsk8_0,8.0,26,1,2,1.0,0.9230769230769231,0.9600000000000001,0.9230769230769231,0.46153846153846156,0.07692307692307693,0.07692307692307693,0.0,0.5,1.0,0.6666666666666666,0.9999999999999998,0.0,0.9999999999999998,0.9344258955055502,56.547674418604664,1594.6425327034883
av-K9Q-SyaQ_80000,10.0,33,1,8,1.0,0.5757575757575758,0.7307692307692308,0.5757575757575758,0.2878787878787879,0.42424242424242425,0.42424242424242425,0.0,0.0,0.0,0.0,8.999999999999998,0.9999999999999998,7.999999999999998,0.9318619190499525,56.25794392523367,1598.5622444509345
SfiPAQ0WP9M_30000,10.0,33,1,5,0.9166666666666666,0.5,0.6470588235294118,0.6363636363636364,0.7045454545454546,0.5454545454545454,0.5,0.045454545454545456,0.0,0.0,0.0,5.999999999999999,0.9999999999999998,4.999999999999999,0.9318645325878139,56.91588785046729,1592.8751460280373
xvl47oDG3pQ_20000,10.0,33,1,5,1.0,0.7272727272727273,0.8421052631578948,0.7272727272727273,0.36363636363636365,0.2727272727272727,0.2727272727272727,0.0,0.0,0.0,0.0,5.999999999999999,0.9999999999999998,4.999999999999999,0.9318911025617621,57.009345794392516,1596.6661068925234
Pzj4fZghAAo_30000,10.00065625,33,1,5,0.4444444444444444,0.5714285714285714,0.5,0.7419354838709677,0.6815476190476191,1.1428571428571428,0.42857142857142855,0.7142857142857143,0.2,1.0,0.33333333333333337,3.999999999999999,0.0,3.999999999999999,0.9319388439437479,57.94579439252337,1594.7708455023364
do8I53nZc0g_40000,9.99496875,33,1,4,1.0,0.38461538461538464,0.5555555555555556,0.38461538461538464,0.19230769230769232,0.6153846153846154,0.6153846153846154,0.0,0.0,0.0,0.0,4.999999999999999,0.9999999999999998,3.999999999999999,0.9314112104651736,56.256074766355134,1594.7704074182243
FN1rC23Rrlg_170000,10.0,33,2,2,1.0,0.3333333333333333,0.5,0.6363636363636364,0.6666666666666666,0.6666666666666666,0.6666666666666666,0.0,0.0,0.0,0.0,2.0,1.0,1.0,0.9318645014919931,57.56728971962616,1596.6656688084113
QEsYJtOdKao_21000,9.02340625,30,4,3,0.9629629629629629,0.896551724137931,0.9285714285714286,0.8666666666666667,0.4482758620689655,0.13793103448275862,0.10344827586206896,0.034482758620689655,0.6666666666666666,0.5,0.5714285714285715,0.75,0.5,0.25,0.920660695106856,56.13265306122448,1596.630899234694
ZPClDr_mYZ4_0,5.0,17,1,3,1.0,0.8235294117647058,0.9032258064516129,0.8235294117647058,0.4117647058823529,0.17647058823529413,0.17647058823529413,0.0,0.0,0.0,0.0,3.999999999999999,0.9999999999999998,2.9999999999999996,0.8663324277311453,53.62068965517243,1597.9979121767242
3MOHUwXgdqM_17000,9.16890625,30,1,5,0.8947368421052632,0.68,0.7727272727272727,0.6428571428571429,0.5066666666666667,0.4,0.32,0.08,0.0,0.0,0.0,5.999999999999999,0.9999999999999998,4.999999999999999,0.9355073424505788,55.934693877551005,1592.858418367347
Qy5kSaGHHNE_30000,10.0,33,1,1,1.0,0.9696969696969697,0.9846153846153847,0.9696969696969697,0.48484848484848486,0.030303030303030304,0.030303030303030304,0.0,1.0,1.0,1.0,0.0,0.0,0.0,0.9318476782293681,56.44953271028036,1594.7704074182243
K-H_VCvHxRg_20000,9.999375,33,3,3,0.9166666666666666,0.7333333333333333,0.8148148148148148,0.7368421052631579,0.7416666666666667,0.3333333333333333,0.26666666666666666,0.06666666666666667,0.6666666666666666,0.6666666666666666,0.6666666666666666,0.6666666666666666,0.3333333333333333,0.3333333333333333,0.93183833634912,56.08037383177569,1596.6661068925234
U-1XQmg6Dp0_0,9.3735,31,1,5,1.0,0.6451612903225806,0.7843137254901961,0.6451612903225806,0.3225806451612903,0.3548387096774194,0.3548387096774194,0.0,0.0,0.0,0.0,5.999999999999999,0.9999999999999998,4.999999999999999,0.9270150101906665,55.46435643564355,1594.7542543316831
d6cVyECo5iw_30000,10.0,33,2,2,1.0,0.3157894736842105,0.4799999999999999,0.38095238095238093,0.6578947368421053,0.6842105263157895,0.6842105263157895,0.0,0.5,0.5,0.5,1.0,0.5,0.5,0.9318908508896804,55.05981308411214,1594.8361200350466
c046a1OVHk4_30000,10.0,33,1,5,1.0,0.6060606060606061,0.7547169811320755,0.6060606060606061,0.30303030303030304,0.3939393939393939,0.3939393939393939,0.0,0.0,0.0,0.0,5.999999999999999,0.9999999999999998,4.999999999999999,0.9318927305884124,57.75046728971963,1600.318742698598
ezDnLd529Qo_40000,10.0,33,1,3,1.0,0.9090909090909091,0.9523809523809523,0.9090909090909091,0.45454545454545453,0.09090909090909091,0.09090909090909091,0.0,0.0,0.0,0.0,3.999999999999999,0.9999999999999998,2.9999999999999996,0.9318659028783701,56.638317757009325,1598.4234813084113
JIkMRXshKZw_30000,9.4335,31,1,4,1.0,0.34615384615384615,0.5142857142857142,0.34615384615384615,0.17307692307692307,0.6538461538461539,0.6538461538461539,0.0,0.0,0.0,0.0,4.999999999999999,0.9999999999999998,3.999999999999999,0.9329850409467775,57.229702970297026,1600.3015934405942
wjiClkxPJUM_30000,10.000625,33,1,1,1.0,1.0,1.0,1.0,1.0,0.0,0.0,0.0,1.0,1.0,1.0,0.0,0.0,0.0,0.9319499235543195,57.384112149532704,1598.688230140187
CAxPhRt9WI8_90000,10.0,33,1,7,1.0,0.5757575757575758,0.7307692307692308,0.5757575757575758,0.2878787878787879,0.42424242424242425,0.42424242424242425,0.0,0.0,0.0,0.0,7.999999999999998,0.9999999999999998,6.999999999999998,0.931882242399275,57.83925233644859,1600.5827248831777
FnCF6TfjeBo_2000,9.1935,30,1,1,1.0,0.9666666666666667,0.983050847457627,0.9666666666666667,0.48333333333333334,0.03333333333333333,0.03333333333333333,0.0,1.0,1.0,1.0,0.0,0.0,0.0,0.9380171114925584,56.753061224489805,1595.115274234694
Ohha7wTZB7w_30000,10.0,33,1,1,1.0,0.9696969696969697,0.9846153846153847,0.9696969696969697,0.48484848484848486,0.030303030303030304,0.030303030303030304,0.0,1.0,1.0,1.0,0.0,0.0,0.0,0.9318334511367147,56.71682242990652,1600.8191807827102
OnwoohZQFGw_290000,10.0,33,1,1,1.0,0.9696969696969697,0.9846153846153847,0.9696969696969697,0.48484848484848486,0.030303030303030304,0.030303030303030304,0.0,1.0,1.0,1.0,0.0,0.0,0.0,0.9318749324062992,56.910280373831775,1598.9243574766356
eyUcCcM4Jzc_320000,10.0,33,1,1,1.0,0.9696969696969697,0.9846153846153847,0.9696969696969697,0.48484848484848486,0.030303030303030304,0.030303030303030304,0.0,1.0,1.0,1.0,0.0,0.0,0.0,0.9318898094758119,56.16728971962618,1595.1333966121495
DMl8KuG-1gQ_10000,10.0,33,1,5,1.0,0.3939393939393939,0.5652173913043478,0.3939393939393939,0.19696969696969696,0.6060606060606061,0.6060606060606061,0.0,0.0,0.0,0.0,5.999999999999999,0.9999999999999998,4.999999999999999,0.9318697469192675,57.20654205607476,1597.0290960864486
3doKyrCe1lA_30000,9.2535,30,1,6,1.0,0.4,0.5714285714285715,0.4,0.2,0.6,0.6,0.0,0.0,0.0,0.0,6.999999999999999,0.9999999999999998,5.999999999999999,0.94411478994435,56.857142857142854,1597.001992984694
C0pWE_xCKWY_150000,10.0,33,2,3,1.0,0.9,0.9473684210526316,0.9393939393939394,0.95,0.1,0.1,0.0,0.3333333333333333,0.5,0.4,1.5,0.5,1.0,0.9318728368030562,58.31308411214953,1600.818742698598
CeXGmIjebkU_100000,10.0,33,1,2,0.8333333333333334,0.8333333333333334,0.8333333333333334,0.9393939393939394,0.8981481481481481,0.3333333333333333,0.16666666666666666,0.16666666666666666,0.5,1.0,0.6666666666666666,0.9999999999999998,0.0,0.9999999999999998,0.9318914118090483,57.65794392523364,1600.8308995327102
HIQOGzgIKd4_30000,10.0,33,1,6,1.0,0.5454545454545454,0.7058823529411764,0.5454545454545454,0.2727272727272727,0.45454545454545453,0.45454545454545453,0.0,0.0,0.0,0.0,6.999999999999999,0.9999999999999998,5.999999999999999,0.9318645029679324,56.71588785046728,1595.138215537383
87zYT_iOQCI_0,10.0,33,1,7,1.0,0.42857142857142855,0.6,0.42857142857142855,0.21428571428571427,0.5714285714285714,0.5714285714285714,0.0,0.0,0.0,0.0,7.999999999999998,0.9999999999999998,6.999999999999998,0.9318580386912213,57.0878504672897,1597.1571261682243
WPYalPSO3a0_210000,10.0,33,1,2,0.9666666666666667,0.9354838709677419,0.9508196721311476,0.9090909090909091,0.717741935483871,0.0967741935483871,0.06451612903225806,0.03225806451612903,0.5,1.0,0.6666666666666666,0.9999999999999998,0.0,0.9999999999999998,0.9318806252567895,56.73457943925234,1600.9762704439252
5soJllqhNyo_370000,10.0,33,1,2,1.0,0.9047619047619048,0.9500000000000001,0.9047619047619048,0.4523809523809524,0.09523809523809523,0.09523809523809523,0.0,0.0,0.0,0.0,2.999999999999999,0.9999999999999998,1.9999999999999996,0.9318804378565807,57.18504672897195,1599.8180125584113
7hdXzJpOXiY_18000,9.8735,32,1,1,1.0,0.8484848484848485,0.9180327868852458,0.8484848484848485,0.42424242424242425,0.15151515151515152,0.15151515151515152,0.0,1.0,1.0,1.0,0.0,0.0,0.0,0.9474741648399844,56.64134615384614,1599.8076923076924
lWC8g1IEYzY_30000,10.0,33,1,5,1.0,0.3333333333333333,0.5,0.3333333333333333,0.16666666666666666,0.6666666666666666,0.6666666666666666,0.0,0.0,0.0,0.0,5.999999999999999,0.9999999999999998,4.999999999999999,0.9318802902272844,58.0233644859813,1599.8184506425234
2on0IRTBCKk_0,10.0,33,1,5,0.65,0.7647058823529411,0.7027027027027027,0.6666666666666666,0.6636029411764706,0.6470588235294117,0.23529411764705882,0.4117647058823529,0.0,0.0,0.0,5.999999999999999,0.9999999999999998,4.999999999999999,0.9318730381005769,57.37476635514017,1599.8184506425234
ACZ-j0TGoSg_30000,10.0,33,1,1,1.0,0.06666666666666667,0.125,0.15151515151515152,0.5333333333333333,0.9333333333333333,0.9333333333333333,0.0,0.0,0.0,0.0,1.9999999999999996,0.9999999999999998,0.9999999999999998,0.9318863399024688,57.28691588785048,1596.0166471962616
fEhEH5etOaM_30000,10.0,33,1,1,1.0,0.9696969696969697,0.9846153846153847,0.9696969696969697,0.48484848484848486,0.030303030303030304,0.030303030303030304,0.0,1.0,1.0,1.0,0.0,0.0,0.0,0.9318568092624613,57.01028037383177,1597.9110324182243
kMsUtm29Ikc_410000,10.0,33,2,2,0.8846153846153846,0.9583333333333334,0.9199999999999999,0.875,0.7916666666666667,0.16666666666666666,0.041666666666666664,0.125,1.0,1.0,1.0,0.0,0.0,0.0,0.93188776999525,56.077570093457936,1599.8067318925234
Eb5WOo2TGgU_40000,10.00003125,33,1,4,0.3333333333333333,1.0,0.5,0.5862068965517241,0.7391304347826086,2.0,0.0,2.0,0.0,0.0,0.0,4.999999999999999,0.9999999999999998,3.999999999999999,0.9318761196170257,57.85700934579439,1597.9105943341121
VBNnGF_8OHs_0,10.0,33,1,6,1.0,0.8484848484848485,0.9180327868852458,0.8484848484848485,0.42424242424242425,0.15151515151515152,0.15151515151515152,0.0,0.0,0.0,0.0,6.999999999999999,0.9999999999999998,5.999999999999999,0.9318930702369288,56.442990654205595,1601.7024313668223
zjJdLCtKccA_17000,9.84228125,32,1,1,1.0,0.71875,0.8363636363636363,0.71875,0.359375,0.28125,0.28125,0.0,1.0,1.0,1.0,0.0,0.0,0.0,0.9444674332000853,56.74519230769229,1597.9029447115386
62sTpdi5fOY_70000,10.0,33,1,7,1.0,0.7272727272727273,0.8421052631578948,0.7272727272727273,0.36363636363636365,0.2727272727272727,0.2727272727272727,0.0,0.0,0.0,0.0,7.999999999999998,0.9999999999999998,6.999999999999998,0.9318419967998831,57.01869158878505,1599.8062938084113
qGPl-IZ4fXQ_520000,10.0,33,2,4,1.0,0.8484848484848485,0.9180327868852458,0.8484848484848485,0.42424242424242425,0.15151515151515152,0.15151515151515152,0.0,0.0,0.0,0.0,3.0,1.0,2.0,0.9318854320569631,57.66728971962616,1601.7226197429907
xVzetIIzS9c_30000,10.000625,33,1,1,1.0,0.75,0.8571428571428571,0.75,0.375,0.25,0.25,0.0,1.0,1.0,1.0,0.0,0.0,0.0,0.931934884472149,57.4803738317757,1598.1610324182243
7C5s5qeny5I_80000,10.0,33,1,7,1.0,0.6060606060606061,0.7547169811320755,0.6060606060606061,0.30303030303030304,0.3939393939393939,0.3939393939393939,0.0,0.0,0.0,0.0,7.999999999999998,0.9999999999999998,6.999999999999998,0.9318939825153055,57.28785046728972,1600.0562938084113
ADUylbV3gBQ_140000,10.0,33,1,4,1.0,0.8076923076923077,0.8936170212765957,0.8076923076923077,0.40384615384615385,0.19230769230769232,0.19230769230769232,0.0,0.0,0.0,0.0,4.999999999999999,0.9999999999999998,3.999999999999999,0.9318630759793054,57.848598130841104,1601.9637120327102
DOL73bzUD3Q_0,10.0,33,1,1,1.0,0.9696969696969697,0.9846153846153847,0.9696969696969697,0.48484848484848486,0.030303030303030304,0.030303030303030304,0.0,1.0,1.0,1.0,0.0,0.0,0.0,0.9318565654231605,57.10186915887851,1596.2662091121495
vmSii3ZY-E4_30000,10.0,33,1,2,1.0,0.9259259259259259,0.9615384615384615,0.9393939393939394,0.962962962962963,0.07407407407407407,0.07407407407407407,0.0,0.5,1.0,0.6666666666666666,0.9999999999999998,0.0,0.9999999999999998,0.9318782617369475,56.82149532710281,1598.1614705023364
89Ln2tDYVyU_20000,9.999375,33,1,1,1.0,0.9393939393939394,0.96875,0.9393939393939394,0.4696969696969697,0.06060606060606061,0.06060606060606061,0.0,1.0,1.0,1.0,0.0,0.0,0.0,0.9318113742844188,57.012149532710275,1598.1614705023364
CL9m1ci5q6o_30000,10.0,33,1,4,1.0,0.7575757575757576,0.8620689655172413,0.7575757575757576,0.3787878787878788,0.24242424242424243,0.24242424242424243,0.0,0.25,1.0,0.4,2.9999999999999996,0.0,2.9999999999999996,0.9318799065712822,57.67850467289719,1598.1619085864486
kCHJ6QU-8bU_10000,10.0,33,1,4,0.96,0.8888888888888888,0.923076923076923,0.8787878787878788,0.8611111111111112,0.14814814814814814,0.1111111111111111,0.037037037037037035,0.0,0.0,0.0,4.999999999999999,0.9999999999999998,3.999999999999999,0.9318890510045501,57.29532710280372,1598.1614705023364
So-jXslhIF0_6000,9.7199375,32,1,3,1.0,0.90625,0.9508196721311475,0.90625,0.453125,0.09375,0.09375,0.0,0.0,0.0,0.0,3.999999999999999,0.9999999999999998,2.9999999999999996,0.9327255495637087,56.840384615384615,1598.1529447115386
Zmk57MkEwCc_50000,10.0,33,1,5,1.0,0.8181818181818182,0.9,0.8181818181818182,0.4090909090909091,0.18181818181818182,0.18181818181818182,0.0,0.0,0.0,0.0,5.999999999999999,0.9999999999999998,4.999999999999999,0.9318238244865901,56.98411214953271,1600.0562938084113
OeQVOdhGCps_12000,9.5834375,31,3,4,1.0,0.72,0.8372093023255813,0.7666666666666667,0.86,0.28,0.28,0.0,0.75,1.0,0.8571428571428571,0.3333333333333333,0.0,0.3333333333333333,0.9478059391211495,56.367326732673256,1601.9355662128712
WJMkhI7UpdA_30000,10.0,33,1,5,1.0,0.8571428571428571,0.923076923076923,0.9090909090909091,0.9285714285714286,0.14285714285714285,0.14285714285714285,0.0,0.0,0.0,0.0,5.999999999999999,0.9999999999999998,4.999999999999999,0.9318883488050628,57.00934579439252,1600.0558557242991
0Fv4lkRB-BM_140000,9.99978125,33,1,3,1.0,0.9090909090909091,0.9523809523809523,0.9090909090909091,0.45454545454545453,0.09090909090909091,0.09090909090909091,0.0,0.0,0.0,0.0,3.999999999999999,0.9999999999999998,2.9999999999999996,0.9318600475837463,57.01308411214952,1601.9524313668223
Vx2pCmrJpzM_10000,10.0,33,3,3,1.0,0.92,0.9583333333333334,0.9310344827586207,0.96,0.08,0.08,0.0,1.0,1.0,1.0,0.0,0.0,0.0,0.9318533858597238,57.6588785046729,1596.2853387850466
XAK4xGx708E_21000,9.06984375,30,1,7,0.8888888888888888,0.7619047619047619,0.8205128205128205,0.7666666666666667,0.7698412698412698,0.3333333333333333,0.23809523809523808,0.09523809523809523,0.0,0.0,0.0,7.999999999999998,0.9999999999999998,6.999999999999998,0.9254043750175552,57.15714285714285,1598.6174266581634
k8VY5k0nugI_0,10.0,33,1,4,1.0,0.8787878787878788,0.9354838709677419,0.8787878787878788,0.4393939393939394,0.12121212121212122,0.12121212121212122,0.0,0.0,0.0,0.0,4.999999999999999,0.9999999999999998,3.999999999999999,0.9318816105421505,57.29532710280373,1600.5567318925234
lsPU2eEzxTY_5000,9.6518125,32,1,7,0.9473684210526315,0.6,0.7346938775510204,0.5806451612903226,0.3,0.43333333333333335,0.4,0.03333333333333333,0.0,0.0,0.0,7.999999999999998,0.9999999999999998,6.999999999999998,0.9261829091410054,55.88365384615386,1600.5459735576924
O3tywrO0QxI_30000,10.0,33,1,8,1.0,0.6363636363636364,0.7777777777777778,0.6363636363636364,0.3181818181818182,0.36363636363636365,0.36363636363636365,0.0,0.0,0.0,0.0,8.999999999999998,0.9999999999999998,7.999999999999998,0.9318725940067399,57.19532710280374,1600.5675744742991
cFtMPWwiKHs_40000,10.0,33,1,5,1.0,0.23333333333333334,0.37837837837837834,0.30303030303030304,0.6166666666666667,0.7666666666666667,0.7666666666666667,0.0,0.0,0.0,0.0,5.999999999999999,0.9999999999999998,4.999999999999999,0.9319013451768188,56.82429906542054,1602.462835864486
ACMyJ5jShug_310000,9.99996875,33,2,0,,0.0,,0.2222222222222222,0.5,1.0,1.0,0.0,,0.0,,1.0,1.0,0.0,0.9318556915868988,57.28785046728972,1600.5571699766356
L0s_M4x_Wu8_0,10.0,33,1,1,1.0,0.9629629629629629,0.9811320754716981,0.9696969696969697,0.9814814814814814,0.037037037037037035,0.037037037037037035,0.0,1.0,1.0,1.0,0.0,0.0,0.0,0.9318717425475349,57.38224299065419,1598.6619085864486
6yNd_D32_3g_30000,10.0,33,1,2,1.0,0.9393939393939394,0.96875,0.9393939393939394,0.4696969696969697,0.06060606060606061,0.06060606060606061,0.0,0.0,0.0,0.0,2.999999999999999,0.9999999999999998,1.9999999999999996,0.9318639428694724,57.28317757009344,1598.6610324182243
Hwz-o50e6pM_30000,10.0,33,2,4,1.0,0.7741935483870968,0.8727272727272727,0.7878787878787878,0.8870967741935484,0.22580645161290322,0.22580645161290322,0.0,0.25,0.5,0.3333333333333333,2.0,0.5,1.5,0.9318912832736023,57.9411214953271,1600.5571699766356
nm0EKgnBPHM_30000,10.0,33,2,5,1.0,0.8,0.888888888888889,0.8181818181818182,0.9,0.2,0.2,0.0,0.2,0.5,0.28571428571428575,2.5,0.5,2.0,0.9318989885782684,56.91588785046729,1598.6610324182243
n4L64u2xhwg_30000,10.0,33,1,7,1.0,0.4642857142857143,0.6341463414634146,0.5454545454545454,0.7321428571428572,0.5357142857142857,0.5357142857142857,0.0,0.0,0.0,0.0,7.999999999999998,0.9999999999999998,6.999999999999998,0.9318883430728677,58.215887850467276,1600.5567318925234
3pTG9trs1cY_20000,9.55903125,31,1,4,1.0,0.5806451612903226,0.7346938775510204,0.5806451612903226,0.2903225806451613,0.41935483870967744,0.41935483870967744,0.0,0.0,0.0,0.0,4.999999999999999,0.9999999999999998,3.999999999999999,0.9453880736541375,56.15148514851484,1598.6443765470297
lVM9xQw5Tt4_0,10.0,33,1,5,1.0,0.625,0.7692307692307693,0.7272727272727273,0.8125,0.375,0.375,0.0,0.0,0.0,0.0,5.999999999999999,0.9999999999999998,4.999999999999999,0.9318692694881687,56.82803738317757,1600.5562938084113
GT_4vyc3NdQ_30000,10.0,33,1,4,1.0,0.21875,0.358974358974359,0.24242424242424243,0.6093749999999999,0.78125,0.78125,0.0,0.0,0.0,0.0,4.999999999999999,0.9999999999999998,3.999999999999999,0.9318878069966767,57.671028037383174,1600.5562938084113
PTfkYnRM1No_6000,9.6038125,31,1,5,1.0,0.8064516129032258,0.8928571428571428,0.8064516129032258,0.4032258064516129,0.1935483870967742,0.1935483870967742,0.0,0.2,1.0,0.33333333333333337,3.999999999999999,0.0,3.999999999999999,0.9498413626756084,55.94950495049504,1600.5341120049504
veODLfV2UMI_30000,10.0,33,1,4,1.0,0.7878787878787878,0.8813559322033898,0.7878787878787878,0.3939393939393939,0.21212121212121213,0.21212121212121213,0.0,0.0,0.0,0.0,4.999999999999999,0.9999999999999998,3.999999999999999,0.9318438942748513,57.19626168224299,1602.462835864486
A1Q4fCL-TME_260000,10.0,33,1,2,0.7692307692307693,0.9090909090909091,0.8333333333333333,0.8620689655172413,0.8712121212121212,0.36363636363636365,0.09090909090909091,0.2727272727272727,0.5,1.0,0.6666666666666666,0.9999999999999998,0.0,0.9999999999999998,0.931874482315788,57.11121495327102,1600.6224445093458
zHOqFSyDRmU_30000,10.0,33,1,7,1.0,0.45454545454545453,0.625,0.45454545454545453,0.22727272727272727,0.5454545454545454,0.5454545454545454,0.0,0.0,0.0,0.0,7.999999999999998,0.9999999999999998,6.999999999999998,0.9318757257623967,57.2822429906542,1600.4188449182243
YCxmUexUDmI_10000,10.0,33,1,6,1.0,0.6363636363636364,0.7777777777777778,0.6363636363636364,0.3181818181818182,0.36363636363636365,0.36363636363636365,0.0,0.0,0.0,0.0,6.999999999999999,0.9999999999999998,5.999999999999999,0.9319039375632338,56.73738317757008,1602.3149824766356
JW644W5bw0M_20000,10.0,33,1,3,1.0,0.8787878787878788,0.9354838709677419,0.8787878787878788,0.4393939393939394,0.12121212121212122,0.12121212121212122,0.0,0.0,0.0,0.0,3.999999999999999,0.9999999999999998,2.9999999999999996,0.9318666165887598,57.3766355140187,1598.5231454439252
BRfwKlArxJs_13000,9.7935,32,1,4,1.0,0.90625,0.9508196721311475,0.90625,0.453125,0.09375,0.09375,0.0,0.0,0.0,0.0,4.999999999999999,0.9999999999999998,3.999999999999999,0.9397804135479774,57.69423076923076,1604.1964017427886
xt23ngscI0U_30000,10.0,33,1,2,1.0,0.6923076923076923,0.8181818181818181,0.7777777777777778,0.8461538461538461,0.3076923076923077,0.3076923076923077,0.0,0.0,0.0,0.0,2.999999999999999,0.9999999999999998,1.9999999999999996,0.9318516657571863,57.670093457943906,1604.2685455607477
8ui_tm_RKeY_60000,10.0,33,1,1,1.0,0.9523809523809523,0.975609756097561,0.9696969696969697,0.9761904761904762,0.047619047619047616,0.047619047619047616,0.0,1.0,1.0,1.0,0.0,0.0,0.0,0.9319078336008338,57.29065420560748,1599.7818341121495
JDFj_s8YLc0_0,10.0,33,1,3,1.0,0.5,0.6666666666666666,0.5,0.25,0.5,0.5,0.0,0.0,0.0,0.0,3.999999999999999,0.9999999999999998,2.9999999999999996,0.9318953170227509,56.643925233644865,1601.6770955023364
5qPs8YZ5nTw_3000,9.4135,31,1,5,1.0,0.36666666666666664,0.5365853658536585,0.36666666666666664,0.18333333333333332,0.6333333333333333,0.6333333333333333,0.0,0.0,0.0,0.0,5.999999999999999,0.9999999999999998,4.999999999999999,0.9310194765106964,56.839603960396026,1601.6609297648515
fWQ5vdVFjnY_30000,10.0,33,1,6,1.0,0.3333333333333333,0.5,0.3333333333333333,0.16666666666666666,0.6666666666666666,0.6666666666666666,0.0,0.0,0.0,0.0,6.999999999999999,0.9999999999999998,5.999999999999999,0.9318448847896347,57.100934579439254,1599.828855140187
M5D3u9XfYq8_360000,9.01153125,30,1,3,1.0,0.7931034482758621,0.8846153846153846,0.7931034482758621,0.39655172413793105,0.20689655172413793,0.20689655172413793,0.0,0.0,0.0,0.0,3.999999999999999,0.9999999999999998,2.9999999999999996,0.9194485008651925,56.758163265306116,1604.795918367347
yxm_iI4-on4_10000,10.0,33,1,5,1.0,0.6206896551724138,0.7659574468085107,0.6451612903225806,0.8103448275862069,0.3793103448275862,0.3793103448275862,0.0,0.0,0.0,0.0,5.999999999999999,0.9999999999999998,4.999999999999999,0.9318641803640769,57.38130841121495,1602.9349080023364
SmRXdw1WS0Y_30000,10.0,33,1,4,1.0,0.6666666666666666,0.8,0.6666666666666666,0.3333333333333333,0.3333333333333333,0.3333333333333333,0.0,0.0,0.0,0.0,4.999999999999999,0.9999999999999998,3.999999999999999,0.9318821509583219,56.64485981308413,1604.8306074766356
j3_k93jEWtU_130000,10.0,33,1,4,1.0,0.8181818181818182,0.9,0.8181818181818182,0.4090909090909091,0.18181818181818182,0.18181818181818182,0.0,0.0,0.0,0.0,4.999999999999999,0.9999999999999998,3.999999999999999,0.9318995875410082,56.62149532710281,1601.0392085280373
tpKXZ2fxAxw_30000,10.0,33,1,4,1.0,0.32142857142857145,0.4864864864864865,0.42424242424242425,0.6607142857142857,0.6785714285714286,0.6785714285714286,0.0,0.0,0.0,0.0,4.999999999999999,0.9999999999999998,3.999999999999999,0.9318964423304895,57.19906542056074,1604.8292932242991
ZR3EiEsWQ9w_3000,9.63165625,32,1,2,1.0,0.8181818181818182,0.9,0.8181818181818182,0.4090909090909091,0.18181818181818182,0.18181818181818182,0.0,0.0,0.0,0.0,2.999999999999999,0.9999999999999998,1.9999999999999996,0.9242388134095644,56.817307692307686,1606.7124774639424
UwN-dmZrwvE_20000,10.0,33,1,6,1.0,0.5757575757575758,0.7307692307692308,0.5757575757575758,0.2878787878787879,0.42424242424242425,0.42424242424242425,0.0,0.0,0.0,0.0,6.999999999999999,0.9999999999999998,5.999999999999999,0.9318891276866826,57.752336448598115,1601.0396466121495
t0P9DEweEv4_0,10.0,33,1,2,0.3333333333333333,0.07692307692307693,0.125,0.5,0.4717948717948718,1.076923076923077,0.9230769230769231,0.15384615384615385,0.0,0.0,0.0,2.999999999999999,0.9999999999999998,1.9999999999999996,0.931891476147553,57.28411214953272,1602.9349080023364
jyDKlyLf95o_29000,9.6935,32,1,1,1.0,1.0,1.0,1.0,0.5,0.0,0.0,0.0,1.0,1.0,1.0,0.0,0.0,0.0,0.9301662532216974,56.447115384615394,1604.8194486177886
6XwkRqJoffU_30000,10.0,33,1,2,1.0,0.9393939393939394,0.96875,0.9393939393939394,0.4696969696969697,0.06060606060606061,0.06060606060606061,0.0,0.5,1.0,0.6666666666666666,0.9999999999999998,0.0,0.9999999999999998,0.9318553093510299,56.727102803738326,1604.8414500584113
mzU7GEhDxz4_30000,10.0,33,1,1,1.0,0.09090909090909091,0.16666666666666669,0.09090909090909091,0.045454545454545456,0.9090909090909091,0.9090909090909091,0.0,0.0,0.0,0.0,1.9999999999999996,0.9999999999999998,0.9999999999999998,0.9318924902889553,58.20186915887851,1604.840573890187
VNsXETkkYpQ_390000,10.0,33,1,5,1.0,0.8484848484848485,0.9180327868852458,0.8484848484848485,0.42424242424242425,0.15151515151515152,0.15151515151515152,0.0,0.0,0.0,0.0,5.999999999999999,0.9999999999999998,4.999999999999999,0.9318757987119606,57.568224299065406,1606.7254307827102
6F3YIb0Uw4I_30000,10.0,33,1,3,0.9,0.9,0.9,0.8181818181818182,0.45,0.2,0.1,0.1,0.3333333333333333,1.0,0.5,1.9999999999999996,0.0,1.9999999999999996,0.9318971392547056,56.79532710280373,1602.94308557243
iH86UuVUa1E_30000,10.0,33,1,5,1.0,0.8181818181818182,0.9,0.8181818181818182,0.4090909090909091,0.18181818181818182,0.18181818181818182,0.0,0.0,0.0,0.0,5.999999999999999,0.9999999999999998,4.999999999999999,0.9318996944434779,57.02056074766354,1606.967180198598
TXI7PqTjSu8_6000,10.0,33,1,5,1.0,0.896551724137931,0.9454545454545454,0.896551724137931,0.4482758620689655,0.10344827586206896,0.10344827586206896,0.0,0.0,0.0,0.0,5.999999999999999,0.9999999999999998,4.999999999999999,0.9318918160478991,56.8214953271028,1606.9793370327102
EVQ5A56WWug_30000,10.0,33,2,3,1.0,0.84375,0.9152542372881356,0.8484848484848485,0.9218749999999999,0.15625,0.15625,0.0,0.3333333333333333,0.5,0.4,1.5,0.5,1.0,0.9319028658911952,57.848598130841104,1601.2818341121495
urjDya5x4wM_20000,10.0,33,1,5,1.0,0.5454545454545454,0.7058823529411764,0.5454545454545454,0.2727272727272727,0.45454545454545453,0.45454545454545453,0.0,0.0,0.0,0.0,5.999999999999999,0.9999999999999998,4.999999999999999,0.9318598882942893,57.75794392523364,1603.1766574182243
czD5byFDL7Q_70000,10.0,33,1,6,1.0,0.36363636363636365,0.5333333333333333,0.36363636363636365,0.18181818181818182,0.6363636363636364,0.6363636363636364,0.0,0.0,0.0,0.0,6.999999999999999,0.9999999999999998,5.999999999999999,0.9318734117729778,57.57102803738317,1605.0714807242991
6DEYZnl3YoQ_30000,10.0,33,1,2,1.0,0.9393939393939394,0.96875,0.9393939393939394,0.4696969696969697,0.06060606060606061,0.06060606060606061,0.0,0.5,1.0,0.6666666666666666,0.9999999999999998,0.0,0.9999999999999998,0.9318933171181644,57.47570093457942,1606.9684944509345
FFNmmMIIT-U_30000,10.0,33,1,5,1.0,0.48484848484848486,0.653061224489796,0.48484848484848486,0.24242424242424243,0.5151515151515151,0.5151515151515151,0.0,0.0,0.0,0.0,5.999999999999999,0.9999999999999998,4.999999999999999,0.9318811517712068,57.47289719626167,1601.2813960280373
Oe6erT9TAGA_70000,10.0,33,1,4,1.0,0.8181818181818182,0.9,0.8181818181818182,0.4090909090909091,0.18181818181818182,0.18181818181818182,0.0,0.0,0.0,0.0,4.999999999999999,0.9999999999999998,3.999999999999999,0.9318627039730917,56.9252336448598,1605.0719188084113
S2b5ccSkXAM_30000,10.0,33,1,5,1.0,0.24242424242424243,0.3902439024390244,0.24242424242424243,0.12121212121212122,0.7575757575757576,0.7575757575757576,0.0,0.0,0.0,0.0,5.999999999999999,0.9999999999999998,4.999999999999999,0.9318738669777997,56.73925233644859,1606.966742114486
GUjzk8_XW6I_0,7.29109375,24,1,1,1.0,0.8333333333333334,0.9090909090909091,0.8333333333333334,0.4166666666666667,0.16666666666666666,0.16666666666666666,0.0,1.0,1.0,1.0,0.0,0.0,0.0,0.9181154528597604,56.19,1606.685791015625
O1emL70eTwI_290000,10.0,33,1,5,0.6666666666666666,0.9090909090909091,0.7692307692307692,0.8181818181818182,0.8409090909090908,0.5454545454545454,0.09090909090909091,0.45454545454545453,0.2,1.0,0.33333333333333337,3.999999999999999,0.0,3.999999999999999,0.9318829735130526,57.271028037383175,1605.1673116238317
F6ZQToJR2qQ_0,10.0,33,1,8,1.0,0.7142857142857143,0.8333333333333333,0.7575757575757576,0.8571428571428572,0.2857142857142857,0.2857142857142857,0.0,0.0,0.0,0.0,8.999999999999998,0.9999999999999998,7.999999999999998,0.9318897847272101,56.89906542056074,1607.323269567757
9xD4uYUSaKI_180000,10.0,33,1,5,1.0,0.7878787878787878,0.8813559322033898,0.7878787878787878,0.3939393939393939,0.21212121212121213,0.21212121212121213,0.0,0.0,0.0,0.0,5.999999999999999,0.9999999999999998,4.999999999999999,0.9318436496740465,56.179439252336444,1603.5322721962616
DUskyetTMZE_30000,10.0,33,1,2,0.875,0.7777777777777778,0.823529411764706,0.875,0.8555555555555556,0.3333333333333333,0.2222222222222222,0.1111111111111111,0.5,1.0,0.6666666666666666,0.9999999999999998,0.0,0.9999999999999998,0.9318481654540071,57.535514018691565,1603.5309579439252
TipoeFCyJ2k_30000,10.0,33,1,4,1.0,0.5757575757575758,0.7307692307692308,0.5757575757575758,0.2878787878787879,0.42424242424242425,0.42424242424242425,0.0,0.0,0.0,0.0,4.999999999999999,0.9999999999999998,3.999999999999999,0.931880305260136,57.47943925233644,1609.2176182827102
iJ-Md22K2YQ_10000,10.0,33,1,1,1.0,0.9696969696969697,0.9846153846153847,0.9696969696969697,0.48484848484848486,0.030303030303030304,0.030303030303030304,0.0,1.0,1.0,1.0,0.0,0.0,0.0,0.9318631803461119,56.16635514018691,1607.3331994742991
DJFfwgyN6hY_30000,10.00003125,33,1,3,1.0,0.631578947368421,0.7741935483870968,0.631578947368421,0.3157894736842105,0.3684210526315789,0.3684210526315789,0.0,0.0,0.0,0.0,3.999999999999999,0.9999999999999998,2.9999999999999996,0.9318691253129703,57.669158878504675,1609.2184944509345
8bzIPte1Ze0_330000,10.0,33,1,2,1.0,0.9393939393939394,0.96875,0.9393939393939394,0.4696969696969697,0.06060606060606061,0.06060606060606061,0.0,0.0,0.0,0.0,2.999999999999999,0.9999999999999998,1.9999999999999996,0.9318836008429298,57.84579439252336,1603.5318341121495
PffCd1vCPzg_30000,10.0,33,2,6,1.0,0.6666666666666666,0.8,0.6666666666666666,0.3333333333333333,0.3333333333333333,0.3333333333333333,0.0,0.0,0.0,0.0,4.0,1.0,3.0,0.931887563151263,57.09532710280374,1605.4270955023364
YNIr0HEI718_160000,10.0,33,1,1,1.0,1.0,1.0,1.0,1.0,0.0,0.0,0.0,1.0,1.0,1.0,0.0,0.0,0.0,0.9318974520545694,56.81869158878504,1607.3214807242991
57gQncjfCAE_0,10.0,33,1,1,1.0,0.9696969696969697,0.9846153846153847,0.9696969696969697,0.48484848484848486,0.030303030303030304,0.030303030303030304,0.0,1.0,1.0,1.0,0.0,0.0,0.0,0.9318663137873897,57.93644859813082,1609.2180563668223
R5m2gagMn1Y_150000,10.0,33,1,4,0.8888888888888888,0.5333333333333333,0.6666666666666667,0.5,0.26666666666666666,0.5333333333333333,0.4666666666666667,0.06666666666666667,0.0,0.0,0.0,4.999999999999999,0.9999999999999998,3.999999999999999,0.9318662560435658,57.089719626168225,1603.5313960280373
ysNK5RVF3Zw_0,10.0,33,1,2,1.0,0.7878787878787878,0.8813559322033898,0.7878787878787878,0.3939393939393939,0.21212121212121213,0.21212121212121213,0.0,0.5,1.0,0.6666666666666666,0.9999999999999998,0.0,0.9999999999999998,0.9318885680742152,56.6411214953271,1607.3223568925234
txoAD-FtErg_40000,9.760375,32,1,3,0.8333333333333334,0.625,0.7142857142857143,0.8709677419354839,0.7907608695652174,0.5,0.375,0.125,0.3333333333333333,1.0,0.5,1.9999999999999996,0.0,1.9999999999999996,0.936561884927783,57.39230769230768,1607.3120868389424
tigofrSp_5s_30000,10.0,33,1,1,1.0,0.6666666666666666,0.8,0.8888888888888888,0.8333333333333333,0.3333333333333333,0.3333333333333333,0.0,1.0,1.0,1.0,0.0,0.0,0.0,0.9318876366991511,56.83084112149533,1603.5313960280373
cl5VPnikbx4_70000,10.0,33,1,1,1.0,0.9696969696969697,0.9846153846153847,0.9696969696969697,0.48484848484848486,0.030303030303030304,0.030303030303030304,0.0,1.0,1.0,1.0,0.0,0.0,0.0,0.9318786694521609,57.85514018691587,1607.3227949766356
FXS2oZG9szE_30000,9.5935,31,1,2,1.0,0.3225806451612903,0.4878048780487805,0.3225806451612903,0.16129032258064516,0.6774193548387096,0.6774193548387096,0.0,0.0,0.0,0.0,2.999999999999999,0.9999999999999998,1.9999999999999996,0.9488196221147516,56.433663366336624,1605.4212561881188
6R-UTccZwf8_2000,9.1135,30,1,5,1.0,0.4666666666666667,0.6363636363636364,0.4666666666666667,0.23333333333333334,0.5333333333333333,0.5333333333333333,0.0,0.0,0.0,0.0,5.999999999999999,0.9999999999999998,4.999999999999999,0.9298825208806446,57.38163265306122,1609.175821109694
IC_mi_DoSKU_0,10.0,33,1,3,1.0,0.7272727272727273,0.8421052631578948,0.7272727272727273,0.36363636363636365,0.2727272727272727,0.2727272727272727,0.0,0.0,0.0,0.0,3.999999999999999,0.9999999999999998,2.9999999999999996,0.9319060671650019,57.75700934579437,1603.5313960280373
jvRhGrWnQLA_440000,10.0,33,1,5,1.0,0.6875,0.8148148148148148,0.8484848484848485,0.84375,0.3125,0.3125,0.0,0.0,0.0,0.0,5.999999999999999,0.9999999999999998,4.999999999999999,0.931882757188418,57.00654205607477,1607.3219188084113
BF2caFanSts_300000,10.0,33,1,4,1.0,0.6363636363636364,0.7777777777777778,0.6363636363636364,0.3181818181818182,0.36363636363636365,0.36363636363636365,0.0,0.0,0.0,0.0,4.999999999999999,0.9999999999999998,3.999999999999999,0.9318702971277,57.5551401869159,1607.3225029205607
ldPcujHM1RQ_30000,10.00096875,33,6,8,0.75,0.46153846153846156,0.5714285714285714,0.45454545454545453,0.44505494505494503,0.6923076923076923,0.5384615384615384,0.15384615384615385,0.5,0.6666666666666666,0.5714285714285715,1.0,0.3333333333333333,0.6666666666666666,0.9319832532265955,57.76168224299065,1607.336667640187
Vh87eXUhJ8I_9000,9.25090625,30,1,3,1.0,0.9333333333333333,0.9655172413793104,0.9333333333333333,0.4666666666666667,0.06666666666666667,0.06666666666666667,0.0,0.0,0.0,0.0,3.999999999999999,0.9999999999999998,2.9999999999999996,0.9438742691793515,56.0438775510204,1609.1782924107142
j1Zez4y_xdk_30000,10.0,33,1,2,1.0,0.12121212121212122,0.21621621621621626,0.12121212121212122,0.06060606060606061,0.8787878787878788,0.8787878787878788,0.0,0.0,0.0,0.0,2.999999999999999,0.9999999999999998,1.9999999999999996,0.9318592947707098,57.55887850467288,1609.2424430490655
BjZFCJUc8FE_11000,9.1735,30,1,3,1.0,0.75,0.8571428571428571,0.8076923076923077,0.875,0.25,0.25,0.0,0.0,0.0,0.0,3.999999999999999,0.9999999999999998,2.9999999999999996,0.9359471747130063,56.65102040816327,1609.4308035714287
O0L15OssAiI_320000,10.0,33,1,4,1.0,0.8484848484848485,0.9180327868852458,0.8484848484848485,0.42424242424242425,0.15151515151515152,0.15151515151515152,0.0,0.0,0.0,0.0,4.999999999999999,0.9999999999999998,3.999999999999999,0.9318614311942756,56.62429906542057,1603.8057096962616
yqVb2fK60Yw_30000,10.00021875,33,1,1,1.0,0.9696969696969697,0.9846153846153847,0.9696969696969697,0.48484848484848486,0.030303030303030304,0.030303030303030304,0.0,1.0,1.0,1.0,0.0,0.0,0.0,0.9318751842939298,56.927102803738315,1605.7009710864486
Ng2uyB2Dr1w_30000,10.0,33,1,4,1.0,0.8181818181818182,0.9,0.8181818181818182,0.4090909090909091,0.18181818181818182,0.18181818181818182,0.0,0.0,0.0,0.0,4.999999999999999,0.9999999999999998,3.999999999999999,0.9318982885273248,57.106542056074765,1605.7005330023364
r5Ia3ZHBZ0w_90000,10.0,33,1,4,1.0,0.9090909090909091,0.9523809523809523,0.9090909090909091,0.45454545454545453,0.09090909090909091,0.09090909090909091,0.0,0.0,0.0,0.0,4.999999999999999,0.9999999999999998,3.999999999999999,0.9318651801213494,55.994392523364475,1605.7005330023364
Nh4mZmFLLto_20000,10.0,33,1,4,1.0,0.8787878787878788,0.9354838709677419,0.8787878787878788,0.4393939393939394,0.12121212121212122,0.12121212121212122,0.0,0.0,0.0,0.0,4.999999999999999,0.9999999999999998,3.999999999999999,0.931884287668664,57.10747663551402,1605.7000949182243
12aXUfObwlY_0,10.000625,33,1,1,1.0,0.9696969696969697,0.9846153846153847,0.9696969696969697,0.48484848484848486,0.030303030303030304,0.030303030303030304,0.0,1.0,1.0,1.0,0.0,0.0,0.0,0.9319405218607417,55.984112149532685,1607.5953563084113
0qTClRxN6mY_240000,10.00003125,33,1,8,1.0,0.696969696969697,0.8214285714285715,0.696969696969697,0.3484848484848485,0.30303030303030304,0.30303030303030304,0.0,0.0,0.0,0.0,8.999999999999998,0.9999999999999998,7.999999999999998,0.9318748622829807,55.984112149532706,1607.5962324766356
K39t7Rejk3I_30000,10.0,33,1,4,1.0,0.8484848484848485,0.9180327868852458,0.8484848484848485,0.42424242424242425,0.15151515151515152,0.15151515151515152,0.0,0.0,0.0,0.0,4.999999999999999,0.9999999999999998,3.999999999999999,0.9318439638330074,57.106542056074765,1605.7000949182243
zWD8zHSlXvI_30000,10.0,33,2,3,0.6,0.375,0.4615384615384615,0.6666666666666666,0.6105769230769231,0.875,0.625,0.25,0.3333333333333333,0.5,0.4,1.5,0.5,1.0,0.9318578984486143,57.2803738317757,1607.5953563084113
C5AyQAxboFg_30000,10.0,33,1,3,1.0,0.8787878787878788,0.9354838709677419,0.8787878787878788,0.4393939393939394,0.12121212121212122,0.12121212121212122,0.0,0.0,0.0,0.0,3.999999999999999,0.9999999999999998,2.9999999999999996,0.9318865421561306,57.56168224299064,1607.5966705607477
IRwYtMQAMJ4_0,10.0,33,1,5,1.0,0.696969696969697,0.8214285714285715,0.696969696969697,0.3484848484848485,0.30303030303030304,0.30303030303030304,0.0,0.0,0.0,0.0,5.999999999999999,0.9999999999999998,4.999999999999999,0.9318624415501258,57.94392523364486,1603.8800379672898
V1-V5jATr5w_0,10.0,33,1,4,1.0,0.8484848484848485,0.9180327868852458,0.8484848484848485,0.42424242424242425,0.15151515151515152,0.15151515151515152,0.0,0.0,0.0,0.0,4.999999999999999,0.9999999999999998,3.999999999999999,0.9318941517738393,56.53551401869159,1609.5966705607477
wN9xLo2keiE_120000,10.0,33,1,1,0.95,0.95,0.9500000000000001,0.9090909090909091,0.725,0.1,0.05,0.05,1.0,1.0,1.0,0.0,0.0,0.0,0.9318092464758139,57.66074766355139,1605.8048335280373
GcOAQUWJOOQ_0,8.26628125,27,1,3,1.0,0.9259259259259259,0.9615384615384615,0.9259259259259259,0.46296296296296297,0.07407407407407407,0.07407407407407407,0.0,0.0,0.0,0.0,3.999999999999999,0.9999999999999998,2.9999999999999996,0.9318131511553295,55.87415730337079,1609.4313992275281
tHIbyB2nXpI_60000,10.0,33,1,4,1.0,0.8571428571428571,0.923076923076923,0.8571428571428571,0.42857142857142855,0.14285714285714285,0.14285714285714285,0.0,0.0,0.0,0.0,4.999999999999999,0.9999999999999998,3.999999999999999,0.9318644740556952,56.44205607476635,1605.8048335280373
Nv74BP4VCGA_10000,10.0,33,1,3,0.9473684210526315,0.8571428571428571,0.9,0.8787878787878788,0.8869047619047619,0.19047619047619047,0.14285714285714285,0.047619047619047616,0.0,0.0,0.0,3.999999999999999,0.9999999999999998,2.9999999999999996,0.9319011513383357,57.84392523364484,1609.5957943925234
CECOdA4UVmI_0,10.0,33,1,2,1.0,0.8787878787878788,0.9354838709677419,0.8787878787878788,0.4393939393939394,0.12121212121212122,0.12121212121212122,0.0,0.0,0.0,0.0,2.999999999999999,0.9999999999999998,1.9999999999999996,0.9319076916952903,57.38504672897198,1607.7009710864486
rMAl4tPQtdg_130000,10.0,33,1,3,1.0,0.6666666666666666,0.8,0.6666666666666666,0.3333333333333333,0.3333333333333333,0.3333333333333333,0.0,0.0,0.0,0.0,3.999999999999999,0.9999999999999998,2.9999999999999996,0.9318709411208778,58.49345794392523,1605.8052716121495
oQvwY6Mf0iI_40000,10.0,33,1,2,1.0,0.9393939393939394,0.96875,0.9393939393939394,0.4696969696969697,0.06060606060606061,0.06060606060606061,0.0,0.0,0.0,0.0,2.999999999999999,0.9999999999999998,1.9999999999999996,0.9318369360350758,57.002803738317766,1607.7000949182243
2CftbNXCF4A_12000,9.455125,31,2,2,0.92,0.9583333333333334,0.9387755102040817,0.9032258064516129,0.8363095238095238,0.125,0.041666666666666664,0.08333333333333333,0.0,0.0,0.0,2.0,1.0,1.0,0.9350727349475053,56.65049504950495,1609.5731745049504
E8R5NUS56hM_19000,9.7135,32,1,3,1.0,0.1875,0.3157894736842105,0.1875,0.09375,0.8125,0.8125,0.0,0.0,0.0,0.0,3.999999999999999,0.9999999999999998,2.9999999999999996,0.932077626264369,57.603846153846156,1609.5850360576924
NUJuiMKbyhc_250000,10.00021875,33,1,2,1.0,0.9090909090909091,0.9523809523809523,0.9090909090909091,0.45454545454545453,0.09090909090909091,0.09090909090909091,0.0,0.0,0.0,0.0,2.999999999999999,0.9999999999999998,1.9999999999999996,0.931883566258384,57.10186915887849,1609.5949182242991
Ls4G-LtTDUY_20000,10.0,33,1,8,1.0,0.6363636363636364,0.7777777777777778,0.6363636363636364,0.3181818181818182,0.36363636363636365,0.36363636363636365,0.0,0.0,0.0,0.0,8.999999999999998,0.9999999999999998,7.999999999999998,0.9318752552703344,57.01588785046728,1611.4914938668223
1_3HW1jnI6w_30000,10.0,33,1,2,0.25,0.14285714285714285,0.18181818181818182,0.6666666666666666,0.49642857142857144,1.2857142857142856,0.8571428571428571,0.42857142857142855,0.0,0.0,0.0,2.999999999999999,0.9999999999999998,1.9999999999999996,0.9318901749121226,57.373831775700936,1605.8048335280373
eqwWD5hK8So_60000,10.0,33,1,4,1.0,0.52,0.6842105263157895,0.6363636363636364,0.76,0.48,0.48,0.0,0.0,0.0,0.0,4.999999999999999,0.9999999999999998,3.999999999999999,0.9318944443318298,57.01121495327103,1609.5962324766356
_K527DTN324_30000,10.00065625,33,1,4,0.75,0.8181818181818182,0.7826086956521738,0.8484848484848485,0.8409090909090909,0.45454545454545453,0.18181818181818182,0.2727272727272727,0.0,0.0,0.0,4.999999999999999,0.9999999999999998,3.999999999999999,0.9319253133774086,57.744859813084105,1605.8049795560748
xmzoydqcZRw_30000,10.0,33,1,2,1.0,0.4117647058823529,0.5833333333333334,0.696969696969697,0.7058823529411764,0.5882352941176471,0.5882352941176471,0.0,0.0,0.0,0.0,2.999999999999999,0.9999999999999998,1.9999999999999996,0.9318693524145804,56.917757009345785,1609.5988244742991
vZ0-e493IYw_110000,10.0,33,1,3,1.0,0.24242424242424243,0.3902439024390244,0.24242424242424243,0.12121212121212122,0.7575757575757576,0.7575757575757576,0.0,0.0,0.0,0.0,3.999999999999999,0.9999999999999998,2.9999999999999996,0.9318572023614841,57.471962616822424,1611.5037237149534
Jc7T3JCmvQ8_50000,10.0,33,1,2,1.0,0.9090909090909091,0.9523809523809523,0.9090909090909091,0.45454545454545453,0.09090909090909091,0.09090909090909091,0.0,0.0,0.0,0.0,2.999999999999999,0.9999999999999998,1.9999999999999996,0.9318782271726616,56.54018691588783,1609.8457943925234
hMSsrjgNiJU_60000,10.0,33,1,7,1.0,0.6666666666666666,0.8,0.6666666666666666,0.3333333333333333,0.3333333333333333,0.3333333333333333,0.0,0.0,0.0,0.0,7.999999999999998,0.9999999999999998,6.999999999999998,0.9318975514954493,57.47757009345795,1607.9505330023364
Xkb_v_hVhh0_26000,9.9673125,33,1,2,1.0,0.8,0.888888888888889,0.8,0.4,0.2,0.2,0.0,0.5,1.0,0.6666666666666666,0.9999999999999998,0.0,0.9999999999999998,0.9288505852447864,57.10467289719625,1607.9505330023364
Bx7QtucVmx8_25000,9.6441875,32,1,8,1.0,0.6875,0.8148148148148148,0.6875,0.34375,0.3125,0.3125,0.0,0.0,0.0,0.0,8.999999999999998,0.9999999999999998,7.999999999999998,0.9254453716977313,56.74519230769229,1607.9424579326924
NaOrIP2VXj8_20000,9.99978125,33,1,3,1.0,0.9090909090909091,0.9523809523809523,0.9090909090909091,0.45454545454545453,0.09090909090909091,0.09090909090909091,0.0,0.3333333333333333,1.0,0.5,1.9999999999999996,0.0,1.9999999999999996,0.9318487764788257,56.92242990654206,1609.8453563084113
sTMNZdEh7ys_30000,10.0,33,1,10,1.0,0.6666666666666666,0.8,0.6666666666666666,0.3333333333333333,0.3333333333333333,0.3333333333333333,0.0,0.0,0.0,0.0,10.999999999999998,0.9999999999999998,9.999999999999998,0.9318759089956287,57.37102803738317,1611.7527745327102
YsJbLdCRN_E_5000,9.8335,32,1,7,1.0,0.53125,0.6938775510204082,0.53125,0.265625,0.46875,0.46875,0.0,0.0,0.0,0.0,7.999999999999998,0.9999999999999998,6.999999999999998,0.9436215615070954,57.98365384615384,1606.0498798076924
sjzNMuMtcZY_320000,10.0,33,2,2,1.0,0.7727272727272727,0.8717948717948718,0.8484848484848485,0.8863636363636364,0.22727272727272727,0.22727272727272727,0.0,1.0,1.0,1.0,0.0,0.0,0.0,0.9318917841819151,57.18878504672896,1607.9505330023364
KSikyKc_YSI_0,10.0,33,1,3,0.9642857142857143,0.9,0.9310344827586207,0.8787878787878788,0.7833333333333333,0.13333333333333333,0.1,0.03333333333333333,0.0,0.0,0.0,3.999999999999999,0.9999999999999998,2.9999999999999996,0.931843034538516,56.82897196261681,1607.9509710864486
HcLqWMIWizQ_110000,10.0,33,1,4,0.6923076923076923,0.8181818181818182,0.7500000000000001,0.8181818181818182,0.8181818181818182,0.5454545454545454,0.18181818181818182,0.36363636363636365,0.25,1.0,0.4,2.9999999999999996,0.0,2.9999999999999996,0.9318612352090485,57.11028037383177,1606.0557096962616
g3VLAyHEGJU_30000,10.000625,33,1,5,1.0,0.3333333333333333,0.5,0.3333333333333333,0.16666666666666666,0.6666666666666666,0.6666666666666666,0.0,0.0,0.0,0.0,5.999999999999999,0.9999999999999998,4.999999999999999,0.931894457261417,56.53831775700933,1607.9500949182243
YhGMKTEg6c4_7000,9.927375,33,1,4,1.0,0.875,0.9333333333333333,0.875,0.4375,0.125,0.125,0.0,0.0,0.0,0.0,4.999999999999999,0.9999999999999998,3.999999999999999,0.9251113116624164,57.10467289719629,1609.8548481308412
GQ-c78uJEys_4000,9.2735,30,1,3,1.0,0.9,0.9473684210526316,0.9,0.45,0.1,0.1,0.0,0.0,0.0,0.0,3.999999999999999,0.9999999999999998,2.9999999999999996,0.9461429999876155,57.96428571428571,1611.965800382653
FLOh_s6PM_M_30000,10.0,33,1,1,1.0,0.10526315789473684,0.1904761904761905,0.10526315789473684,0.05263157894736842,0.8947368421052632,0.8947368421052632,0.0,0.0,0.0,0.0,1.9999999999999996,0.9999999999999998,0.9999999999999998,0.9318767274551265,57.65887850467289,1610.0997006425234
ehZG41kFrdQ_10000,10.00040625,33,1,3,1.0,0.8787878787878788,0.9354838709677419,0.8787878787878788,0.4393939393939394,0.12121212121212122,0.12121212121212122,0.0,0.0,0.0,0.0,3.999999999999999,0.9999999999999998,2.9999999999999996,0.9319145590659638,57.09439252336447,1612.0066807827102
YRmvd2WoKNM_30000,10.0,33,1,10,1.0,0.6363636363636364,0.7777777777777778,0.6363636363636364,0.3181818181818182,0.36363636363636365,0.36363636363636365,0.0,0.0,0.0,0.0,10.999999999999998,0.9999999999999998,9.999999999999998,0.9318836264707375,56.91028037383178,1608.2040011682243
6hTCWgO8FQ8_160000,10.0,33,3,3,0.8571428571428571,0.72,0.782608695652174,0.6428571428571429,0.36,0.4,0.28,0.12,0.3333333333333333,0.3333333333333333,0.3333333333333333,1.3333333333333333,0.6666666666666666,0.6666666666666666,0.9318571033740118,57.38504672897196,1610.0992625584113
MWn0gYXEquQ_430000,10.0,33,1,4,1.0,0.9090909090909091,0.9523809523809523,0.9090909090909091,0.45454545454545453,0.09090909090909091,0.09090909090909091,0.0,0.0,0.0,0.0,4.999999999999999,0.9999999999999998,3.999999999999999,0.931874959064789,57.47196261682243,1610.0992625584113
zf-EM00QYkI_360000,10.0,33,1,1,1.0,0.8636363636363636,0.9268292682926829,0.8928571428571429,0.9318181818181819,0.13636363636363635,0.13636363636363635,0.0,0.0,0.0,0.0,1.9999999999999996,0.9999999999999998,0.9999999999999998,0.9318943063529743,57.106542056074744,1610.0997006425234
nYrS-DeZk3o_40000,10.0,33,1,5,1.0,0.7575757575757576,0.8620689655172413,0.7575757575757576,0.3787878787878788,0.24242424242424243,0.24242424242424243,0.0,0.0,0.0,0.0,5.999999999999999,0.9999999999999998,4.999999999999999,0.9318769197164853,57.27850467289717,1608.2035630841121
qITnYSOz-TY_410000,10.0,33,1,3,1.0,0.6363636363636364,0.7777777777777778,0.6363636363636364,0.3181818181818182,0.36363636363636365,0.36363636363636365,0.0,0.0,0.0,0.0,3.999999999999999,0.9999999999999998,2.9999999999999996,0.9318757925452149,57.10934579439251,1611.9949620327102
_ySqEhyZ-ZE_50000,10.0,33,1,4,0.7857142857142857,1.0,0.88,0.8888888888888888,0.90625,0.2727272727272727,0.0,0.2727272727272727,0.25,1.0,0.4,2.9999999999999996,0.0,2.9999999999999996,0.9318677255108649,57.47570093457943,1608.2040011682243
qso_q5QMUp8_0,4.2735,14,1,2,1.0,0.8571428571428571,0.923076923076923,0.8571428571428571,0.42857142857142855,0.14285714285714285,0.14285714285714285,0.0,0.0,0.0,0.0,2.999999999999999,0.9999999999999998,1.9999999999999996,0.8827487015870001,53.9,1609.4966517857142
qM4htNJL-iw_140000,10.0,33,1,1,1.0,0.9696969696969697,0.9846153846153847,0.9696969696969697,0.48484848484848486,0.030303030303030304,0.030303030303030304,0.0,1.0,1.0,1.0,0.0,0.0,0.0,0.9318629082989767,56.827102803738306,1608.2053154205607
z6yJVF0iKLk_30000,10.0,33,1,7,1.0,0.48484848484848486,0.653061224489796,0.48484848484848486,0.24242424242424243,0.5151515151515151,0.5151515151515151,0.0,0.0,0.0,0.0,7.999999999999998,0.9999999999999998,6.999999999999998,0.9318254762652376,58.40747663551401,1606.3091778621495
M6pNhJoaPqY_10000,10.0,33,1,6,0.6,0.9230769230769231,0.7272727272727274,0.7272727272727273,0.7615384615384615,0.6923076923076923,0.07692307692307693,0.6153846153846154,0.0,0.0,0.0,6.999999999999999,0.9999999999999998,5.999999999999999,0.9318775104015403,57.57289719626168,1610.0992625584113
MLFfE90Av2Q_30000,10.0,33,1,1,1.0,0.9696969696969697,0.9846153846153847,0.9696969696969697,0.48484848484848486,0.030303030303030304,0.030303030303030304,0.0,1.0,1.0,1.0,0.0,0.0,0.0,0.9318687451606705,55.89252336448598,1610.1003212616822
yAXvUPPYnpk_30000,10.0,33,1,4,1.0,0.7878787878787878,0.8813559322033898,0.7878787878787878,0.3939393939393939,0.21212121212121213,0.21212121212121213,0.0,0.0,0.0,0.0,4.999999999999999,0.9999999999999998,3.999999999999999,0.9318686799457986,56.90467289719627,1610.2067391939252
DvPrd5WqgAw_30000,10.0,33,1,4,1.0,0.8181818181818182,0.9,0.8181818181818182,0.4090909090909091,0.18181818181818182,0.18181818181818182,0.0,0.0,0.0,0.0,4.999999999999999,0.9999999999999998,3.999999999999999,0.9318838441706805,57.85607476635514,1608.7995035046729
JFhh9kbPYWg_20000,10.0,33,2,2,1.0,0.5,0.6666666666666666,0.8181818181818182,0.75,0.5,0.5,0.0,0.0,0.0,0.0,2.0,1.0,1.0,0.9318738514295776,57.657943925233624,1608.8576226635514
HpRZXnx-ckk_30000,10.0,33,1,4,1.0,0.8484848484848485,0.9180327868852458,0.8484848484848485,0.42424242424242425,0.15151515151515152,0.15151515151515152,0.0,0.25,1.0,0.4,2.9999999999999996,0.0,2.9999999999999996,0.9318597556935835,56.908411214953276,1607.0566223714952
iT9dFpbqj-s_26000,9.3135,31,2,8,0.3,0.23076923076923078,0.2608695652173913,0.43333333333333335,0.4095022624434389,1.3076923076923077,0.7692307692307693,0.5384615384615384,0.125,0.5,0.2,4.0,0.5,3.5,0.9211153909986312,57.05346534653465,1610.9521581064357
yAOcuPlIBwI_15000,9.055875,30,2,4,1.0,0.6956521739130435,0.8205128205128205,0.6956521739130435,0.34782608695652173,0.30434782608695654,0.30434782608695654,0.0,0.0,0.0,0.0,3.0,1.0,2.0,0.9239455891836932,57.466326530612236,1607.1994579081634
jO-PZRnY04A_22000,9.3735,31,1,3,1.0,0.8064516129032258,0.8928571428571428,0.8064516129032258,0.4032258064516129,0.1935483870967742,0.1935483870967742,0.0,0.0,0.0,0.0,3.999999999999999,0.9999999999999998,2.9999999999999996,0.9270595589852724,56.05445544554455,1609.1308013613861
HEz2dGGxIjo_30000,10.0,33,1,1,1.0,0.9696969696969697,0.9846153846153847,0.9696969696969697,0.48484848484848486,0.030303030303030304,0.030303030303030304,0.0,1.0,1.0,1.0,0.0,0.0,0.0,0.9318728677174649,56.91869158878505,1611.112551109813
BJHrEjlb5S8_30000,10.0,33,1,7,0.8461538461538461,0.4782608695652174,0.6111111111111112,0.5483870967741935,0.6141304347826086,0.6086956521739131,0.5217391304347826,0.08695652173913043,0.0,0.0,0.0,7.999999999999998,0.9999999999999998,6.999999999999998,0.9318792028186044,57.376635514018666,1607.3751460280373
TOOb8eBP_uI_40000,10.0,33,2,6,1.0,0.7878787878787878,0.8813559322033898,0.7878787878787878,0.3939393939393939,0.21212121212121213,0.21212121212121213,0.0,0.0,0.0,0.0,4.0,1.0,3.0,0.9318793870034964,56.82242990654205,1611.1750146028037
TKwdUSD8Mdo_10000,10.0,33,1,4,1.0,0.8181818181818182,0.9,0.8181818181818182,0.4090909090909091,0.18181818181818182,0.18181818181818182,0.0,0.25,1.0,0.4,2.9999999999999996,0.0,2.9999999999999996,0.931880791730351,57.667289719626154,1613.3230870327102
CM5M4o3prqg_0,10.0,33,1,2,1.0,0.6363636363636364,0.7777777777777778,0.6363636363636364,0.3181818181818182,0.36363636363636365,0.36363636363636365,0.0,0.0,0.0,0.0,2.999999999999999,0.9999999999999998,1.9999999999999996,0.93186681336477,57.853271028037376,1611.4279716705607
XAA2Mjl0LF8_100000,10.00003125,33,1,8,1.0,0.5151515151515151,0.6799999999999999,0.5151515151515151,0.25757575757575757,0.48484848484848486,0.48484848484848486,0.0,0.0,0.0,0.0,8.999999999999998,0.9999999999999998,7.999999999999998,0.9318760657036271,57.75981308411213,1609.5247517523364
uiE2EnEZKQE_10000,9.99996875,33,1,6,0.3888888888888889,0.875,0.5384615384615385,0.5714285714285714,0.6625,1.5,0.125,1.375,0.16666666666666666,1.0,0.2857142857142857,4.999999999999999,0.0,4.999999999999999,0.931863781881318,58.66822429906543,1609.5251898364486
DkTL9fT7k-A_30000,10.0,33,2,6,0.9,0.75,0.8181818181818182,0.7575757575757576,0.7638888888888888,0.3333333333333333,0.25,0.08333333333333333,0.16666666666666666,0.5,0.25,3.0,0.5,2.5,0.9318628782445055,57.00093457943924,1607.6286141939252
lLR5A0A3730_30000,10.0001875,33,1,7,1.0,0.6666666666666666,0.8,0.6666666666666666,0.3333333333333333,0.3333333333333333,0.3333333333333333,0.0,0.0,0.0,0.0,7.999999999999998,0.9999999999999998,6.999999999999998,0.9318943194677325,57.18971962616822,1613.3932535046729
LYUsROGVU2Y_10000,10.0,33,1,5,1.0,0.8484848484848485,0.9180327868852458,0.8484848484848485,0.42424242424242425,0.15151515151515152,0.15151515151515152,0.0,0.2,1.0,0.33333333333333337,3.999999999999999,0.0,3.999999999999999,0.931892730325558,57.104672897196274,1609.6370108060748
DSOadme3cM8_40000,9.99984375,33,1,1,0.9285714285714286,1.0,0.962962962962963,0.9285714285714286,0.5,0.07692307692307693,0.0,0.07692307692307693,1.0,1.0,1.0,0.0,0.0,0.0,0.9318417734090252,57.564485981308415,1615.3287091121495
04xrg4ZEU-A_10000,10.0,33,1,1,1.0,1.0,1.0,1.0,0.5,0.0,0.0,0.0,1.0,1.0,1.0,0.0,0.0,0.0,0.9318957924888992,57.662616822429904,1615.3308995327102
08bVSqAKJiM_60000,10.0,33,1,3,1.0,0.8181818181818182,0.9,0.8181818181818182,0.4090909090909091,0.18181818181818182,0.18181818181818182,0.0,0.0,0.0,0.0,3.999999999999999,0.9999999999999998,2.9999999999999996,0.9318961455857622,56.91495327102802,1611.5403767523364
Hpnja1gcKN0_30000,10.0,33,1,1,1.0,0.9696969696969697,0.9846153846153847,0.9696969696969697,0.48484848484848486,0.030303030303030304,0.030303030303030304,0.0,1.0,1.0,1.0,0.0,0.0,0.0,0.9318660426886903,56.92242990654203,1611.543078271028
EV2gbcbIb4k_28000,9.4535,31,1,2,1.0,0.16129032258064516,0.27777777777777773,0.16129032258064516,0.08064516129032258,0.8387096774193549,0.8387096774193549,0.0,0.0,0.0,0.0,2.999999999999999,0.9999999999999998,1.9999999999999996,0.9350048137118234,57.53861386138613,1613.4206760519803
AfeKfXgRpm4_21000,9.046625,30,1,4,0.875,0.7777777777777778,0.823529411764706,0.7777777777777778,0.7777777777777778,0.3333333333333333,0.2222222222222222,0.1111111111111111,0.0,0.0,0.0,4.999999999999999,0.9999999999999998,3.999999999999999,0.9230329807728547,56.55,1611.5252311862246
rJIP-7lpiro_6000,9.4180625,31,1,2,1.0,0.967741935483871,0.9836065573770492,0.967741935483871,0.4838709677419355,0.03225806451612903,0.03225806451612903,0.0,0.5,1.0,0.6666666666666666,0.9999999999999998,0.0,0.9999999999999998,0.9314811355725349,55.15148514851485,1611.5342280321781
RQHO4oyUfvU_0,10.0,33,1,3,1.0,0.8787878787878788,0.9354838709677419,0.8787878787878788,0.4393939393939394,0.12121212121212122,0.12121212121212122,0.0,0.0,0.0,0.0,3.999999999999999,0.9999999999999998,2.9999999999999996,0.9318855685774037,56.63831775700934,1615.3430563668223
82WY3z3vTTM_30000,10.0,33,1,3,1.0,0.9393939393939394,0.96875,0.9393939393939394,0.4696969696969697,0.06060606060606061,0.06060606060606061,0.0,0.3333333333333333,1.0,0.5,1.9999999999999996,0.0,1.9999999999999996,0.9318846109840049,56.81682242990654,1609.6601197429907
rhUfN81puDI_0,10.0,33,1,3,1.0,0.9090909090909091,0.9523809523809523,0.9090909090909091,0.45454545454545453,0.09090909090909091,0.09090909090909091,0.0,0.0,0.0,0.0,3.999999999999999,0.9999999999999998,2.9999999999999996,0.9318725563999604,57.57009345794393,1611.5564398364486
-Y1qiiugnk8_30000,10.0,33,1,2,1.0,0.8181818181818182,0.9,0.8181818181818182,0.4090909090909091,0.18181818181818182,0.18181818181818182,0.0,0.5,1.0,0.6666666666666666,0.9999999999999998,0.0,0.9999999999999998,0.9318835061868616,57.19158878504672,1611.5560017523364
2Vjn-3LY-2o_250000,10.0,33,1,8,0.1111111111111111,0.5,0.1818181818181818,0.45454545454545453,0.47413793103448276,4.5,0.5,4.0,0.125,1.0,0.2222222222222222,6.999999999999998,0.0,6.999999999999998,0.9318862563563453,55.71495327102802,1611.5561112733644
VRLupXn0wZY_0,10.0,33,1,1,1.0,0.9393939393939394,0.96875,0.9393939393939394,0.4696969696969697,0.06060606060606061,0.06060606060606061,0.0,1.0,1.0,1.0,0.0,0.0,0.0,0.9318998163693432,56.721495327102794,1611.5594699182243
4yub23Xuzos_150000,10.00021875,33,2,2,1.0,0.90625,0.9508196721311475,0.9090909090909091,0.9531249999999999,0.09375,0.09375,0.0,1.0,1.0,1.0,0.0,0.0,0.0,0.9319002828509684,57.47102803738317,1613.6214223130842
2A0s2knQdqw_30000,10.0,33,1,3,0.75,0.6666666666666666,0.7058823529411765,0.84375,0.7898550724637681,0.5555555555555556,0.3333333333333333,0.2222222222222222,0.3333333333333333,1.0,0.5,1.9999999999999996,0.0,1.9999999999999996,0.9318838953252282,57.929906542056074,1611.5594699182243
UHt-oSVZehs_90000,10.0,33,1,1,1.0,0.9696969696969697,0.9846153846153847,0.9696969696969697,0.48484848484848486,0.030303030303030304,0.030303030303030304,0.0,1.0,1.0,1.0,0.0,0.0,0.0,0.9318594625407198,57.18878504672898,1613.4547313084113
lAC8te4sjHM_10000,10.0,33,1,1,0.9473684210526315,1.0,0.972972972972973,0.9473684210526315,0.5,0.05555555555555555,0.0,0.05555555555555555,1.0,1.0,1.0,0.0,0.0,0.0,0.9318900846726705,55.3252336448598,1613.4556074766356
5XkYYom37u0_7000,9.23075,30,1,1,1.0,0.9666666666666667,0.983050847457627,0.9666666666666667,0.48333333333333334,0.03333333333333333,0.03333333333333333,0.0,1.0,1.0,1.0,0.0,0.0,0.0,0.9418462102793667,56.12959183673468,1611.5342394770407
f172okjpnsI_30000,10.0,33,1,1,1.0,0.9696969696969697,0.9846153846153847,0.9696969696969697,0.48484848484848486,0.030303030303030304,0.030303030303030304,0.0,1.0,1.0,1.0,0.0,0.0,0.0,0.9318745554269074,57.10841121495326,1611.5603460864486
XTM9lxgiliA_40000,10.0,33,1,5,1.0,0.6666666666666666,0.8,0.6666666666666666,0.3333333333333333,0.3333333333333333,0.3333333333333333,0.0,0.0,0.0,0.0,5.999999999999999,0.9999999999999998,4.999999999999999,0.9318697235567036,57.843925233644825,1610.2183849299065
fQ8qxxDnwTc_30000,10.0,33,1,2,1.0,0.9090909090909091,0.9523809523809523,0.9090909090909091,0.45454545454545453,0.09090909090909091,0.09090909090909091,0.0,0.0,0.0,0.0,2.999999999999999,0.9999999999999998,1.9999999999999996,0.93189778658081,57.75700934579439,1613.4551693925234
De4XiKi35xg_90000,10.00059375,33,1,3,0.7142857142857143,0.625,0.6666666666666666,0.8484848484848485,0.7725,0.625,0.375,0.25,0.3333333333333333,1.0,0.5,1.9999999999999996,0.0,1.9999999999999996,0.9319480902912455,57.38785046728973,1612.2988098714952
wZTAfhXcgTM_30000,10.0,33,1,4,0.875,0.8235294117647058,0.8484848484848485,0.7368421052631579,0.4117647058823529,0.29411764705882354,0.17647058823529413,0.11764705882352941,0.0,0.0,0.0,4.999999999999999,0.9999999999999998,3.999999999999999,0.9318538953300077,57.659813084112145,1611.5594699182243
sNhegjXNT5w_30000,10.0,33,1,11,1.0,0.42424242424242425,0.5957446808510638,0.42424242424242425,0.21212121212121213,0.5757575757575758,0.5757575757575758,0.0,0.0,0.0,0.0,11.999999999999998,0.9999999999999998,10.999999999999998,0.9318776389230776,56.085981308411206,1613.4547313084113
_GQ2aiDkTuQ_180000,10.0,33,2,6,0.7391304347826086,0.8947368421052632,0.8095238095238095,0.7419354838709677,0.6973684210526316,0.42105263157894735,0.10526315789473684,0.3157894736842105,0.16666666666666666,0.5,0.25,3.0,0.5,2.5,0.9318974271336935,57.65887850467288,1614.4651358060748
9weq6Y1T6Ks_30000,10.0,33,1,5,0.9130434782608695,0.6774193548387096,0.7777777777777777,0.6363636363636364,0.3387096774193548,0.3870967741935484,0.3225806451612903,0.06451612903225806,0.0,0.0,0.0,5.999999999999999,0.9999999999999998,4.999999999999999,0.9318717006949053,56.71775700934578,1612.6708893107477
7bm9ax5BOUs_0,10.0,33,1,7,1.0,0.7575757575757576,0.8620689655172413,0.7575757575757576,0.3787878787878788,0.24242424242424243,0.24242424242424243,0.0,0.0,0.0,0.0,7.999999999999998,0.9999999999999998,6.999999999999998,0.9318365823664579,57.27383177570092,1611.5594699182243
ZwfFTYNrrlg_190000,10.0,33,1,4,1.0,0.8787878787878788,0.9354838709677419,0.8787878787878788,0.4393939393939394,0.12121212121212122,0.12121212121212122,0.0,0.0,0.0,0.0,4.999999999999999,0.9999999999999998,3.999999999999999,0.9319064190665511,57.286915887850476,1613.4551693925234
18CkY6gw8Vk_30000,10.0,33,1,4,0.7307692307692307,0.95,0.8260869565217392,0.7419354838709677,0.6568181818181817,0.39999999999999997,0.05,0.35,0.25,1.0,0.4,2.9999999999999996,0.0,2.9999999999999996,0.9318845117177501,56.16355140186917,1614.0947356892523
32PSKhxglmk_10000,10.0,33,1,1,1.0,0.9696969696969697,0.9846153846153847,0.9696969696969697,0.48484848484848486,0.030303030303030304,0.030303030303030304,0.0,1.0,1.0,1.0,0.0,0.0,0.0,0.931891850613193,57.1700934579439,1615.372992114486
NGIwHTuX9HA_30000,10.0,33,1,1,1.0,0.9696969696969697,0.9846153846153847,0.9696969696969697,0.48484848484848486,0.030303030303030304,0.030303030303030304,0.0,1.0,1.0,1.0,0.0,0.0,0.0,0.9318872294108067,56.55420560747661,1613.4664500584113
YzPibgWZM1o_16000,10.0,33,1,7,1.0,0.5,0.6666666666666666,0.5,0.25,0.5,0.5,0.0,0.0,0.0,0.0,7.999999999999998,0.9999999999999998,6.999999999999998,0.9318836150873403,56.91588785046727,1613.4660119742991
YTIsfJGTfc0_30000,10.0,33,1,8,1.0,0.5454545454545454,0.7058823529411764,0.5454545454545454,0.2727272727272727,0.45454545454545453,0.45454545454545453,0.0,0.0,0.0,0.0,8.999999999999998,0.9999999999999998,7.999999999999998,0.9318866340326606,57.93644859813084,1615.361711448598
YmLfWgAYTpw_30000,10.0,33,1,1,1.0,0.9696969696969697,0.9846153846153847,0.9696969696969697,0.48484848484848486,0.030303030303030304,0.030303030303030304,0.0,1.0,1.0,1.0,0.0,0.0,0.0,0.9318797366203672,56.83551401869157,1615.373430198598
5CbrN_n-YFI_50000,10.0,33,1,3,1.0,0.8484848484848485,0.9180327868852458,0.8484848484848485,0.42424242424242425,0.15151515151515152,0.15151515151515152,0.0,0.0,0.0,0.0,3.999999999999999,0.9999999999999998,2.9999999999999996,0.9318912121514794,56.715887850467304,1611.5711886682243
N8D7g-u1YQ4_30000,9.99978125,33,1,7,1.0,0.6363636363636364,0.7777777777777778,0.6363636363636364,0.3181818181818182,0.36363636363636365,0.36363636363636365,0.0,0.0,0.0,0.0,7.999999999999998,0.9999999999999998,6.999999999999998,0.9318563058339419,56.44018691588784,1615.3743063668223
fKnhL9H-jFA_80000,10.0,33,1,3,0.9545454545454546,0.875,0.9130434782608695,0.8787878787878788,0.8819444444444444,0.16666666666666666,0.125,0.041666666666666664,0.3333333333333333,1.0,0.5,1.9999999999999996,0.0,1.9999999999999996,0.9318862741594326,57.38317757009345,1609.6759272780373
Mq5E-QFE2Sg_200000,10.0,33,2,5,1.0,0.8,0.888888888888889,0.8484848484848485,0.9,0.2,0.2,0.0,0.2,0.5,0.28571428571428575,2.5,0.5,2.0,0.9318382907884146,56.73364485981307,1613.4668881425234
HNLuV_SiyCA_30000,9.9999375,33,1,4,1.0,0.9090909090909091,0.9523809523809523,0.9090909090909091,0.45454545454545453,0.09090909090909091,0.09090909090909091,0.0,0.0,0.0,0.0,4.999999999999999,0.9999999999999998,3.999999999999999,0.931880709524831,56.52803738317756,1611.5707505841121
YHzyj3erbQs_100000,10.0,33,1,3,1.0,0.5454545454545454,0.7058823529411764,0.5454545454545454,0.2727272727272727,0.45454545454545453,0.45454545454545453,0.0,0.0,0.0,0.0,3.999999999999999,0.9999999999999998,2.9999999999999996,0.9318849384546227,56.724299065420546,1615.3625876168223
OQg2pSx_e5M_30000,10.0,33,2,3,1.0,0.8484848484848485,0.9180327868852458,0.8484848484848485,0.42424242424242425,0.15151515151515152,0.15151515151515152,0.0,0.3333333333333333,0.5,0.4,1.5,0.5,1.0,0.9318666072983867,57.099065420560734,1609.6759272780373
Tyc1AOIw-DY_80000,10.0,33,1,6,0.6428571428571429,0.75,0.6923076923076924,0.7142857142857143,0.71875,0.6666666666666667,0.25,0.4166666666666667,0.0,0.0,0.0,6.999999999999999,0.9999999999999998,5.999999999999999,0.9318656355809686,56.44859813084111,1613.535886390187
m4FXx4DA6CM_30000,10.0,33,1,2,0.6842105263157895,0.9285714285714286,0.7878787878787878,0.78125,0.7976190476190477,0.5,0.07142857142857142,0.42857142857142855,0.5,1.0,0.6666666666666666,0.9999999999999998,0.0,0.9999999999999998,0.9318888123649817,55.8,1611.8572210864486
h1rVVtKEzZc_30000,10.0,33,1,1,1.0,0.7878787878787878,0.8813559322033898,0.7878787878787878,0.3939393939393939,0.21212121212121213,0.21212121212121213,0.0,1.0,1.0,1.0,0.0,0.0,0.0,0.931888656655383,57.56448598130841,1612.120363609813
moUteo4bK1U_200000,10.0,33,1,2,1.0,0.88,0.9361702127659575,0.9090909090909091,0.94,0.12,0.12,0.0,0.5,1.0,0.6666666666666666,0.9999999999999998,0.0,0.9999999999999998,0.9318936928085707,56.46355140186916,1614.280191296729
dN_dKaheFdk_70000,10.0,33,1,3,1.0,0.9393939393939394,0.96875,0.9393939393939394,0.4696969696969697,0.06060606060606061,0.06060606060606061,0.0,0.0,0.0,0.0,3.999999999999999,0.9999999999999998,2.9999999999999996,0.9318458126928064,57.1018691588785,1610.7500365070093
VxzXykLTIZQ_150000,10.0,33,1,5,1.0,0.8181818181818182,0.9,0.8181818181818182,0.4090909090909091,0.18181818181818182,0.18181818181818182,0.0,0.0,0.0,0.0,5.999999999999999,0.9999999999999998,4.999999999999999,0.9318905342626569,56.73364485981308,1616.6988171728972
xIbjuYxXiAU_60000,10.0,33,1,7,1.0,0.7333333333333333,0.846153846153846,0.7575757575757576,0.8666666666666667,0.26666666666666666,0.26666666666666666,0.0,0.0,0.0,0.0,7.999999999999998,0.9999999999999998,6.999999999999998,0.9318711484932797,56.53831775700935,1611.2758834696263
ZZR4WZbwxMg_30000,10.0,33,1,8,1.0,0.6666666666666666,0.8,0.6666666666666666,0.3333333333333333,0.3333333333333333,0.3333333333333333,0.0,0.0,0.0,0.0,8.999999999999998,0.9999999999999998,7.999999999999998,0.9318664014039513,57.27570093457943,1615.3288186331777
KrbShwiIUso_100000,10.0,33,2,4,1.0,0.7575757575757576,0.8620689655172413,0.7575757575757576,0.3787878787878788,0.24242424242424243,0.24242424242424243,0.0,0.25,0.5,0.3333333333333333,2.0,0.5,1.5,0.9318713507403473,56.259813084112146,1613.694363317757
BDTlaUbJcrI_30000,10.0,33,1,3,1.0,0.8181818181818182,0.9,0.8181818181818182,0.4090909090909091,0.18181818181818182,0.18181818181818182,0.0,0.0,0.0,0.0,3.999999999999999,0.9999999999999998,2.9999999999999996,0.9318635216309893,57.923364485981296,1617.747481016355
XspazHCZqIk_30000,10.0,33,1,3,1.0,0.8484848484848485,0.9180327868852458,0.8484848484848485,0.42424242424242425,0.15151515151515152,0.15151515151515152,0.0,0.3333333333333333,1.0,0.5,1.9999999999999996,0.0,1.9999999999999996,0.9318785864331056,55.70186915887849,1616.1129891939252
bpE5TnlOK7o_20000,10.0,33,1,4,1.0,0.45454545454545453,0.625,0.45454545454545453,0.22727272727272727,0.5454545454545454,0.5454545454545454,0.0,0.0,0.0,0.0,4.999999999999999,0.9999999999999998,3.999999999999999,0.9318706195538231,57.66542056074768,1618.2712470794393
EFuP4SQEiW4_150000,10.0,33,1,3,1.0,0.8888888888888888,0.9411764705882353,0.9090909090909091,0.9444444444444444,0.1111111111111111,0.1111111111111111,0.0,0.3333333333333333,1.0,0.5,1.9999999999999996,0.0,1.9999999999999996,0.9318618990743355,56.73177570093456,1612.8481673481308
iEY2uNZDF5s_21000,9.5735,31,1,2,1.0,0.8333333333333334,0.9090909090909091,0.8846153846153846,0.9166666666666667,0.16666666666666666,0.16666666666666666,0.0,0.5,1.0,0.6666666666666666,0.9999999999999998,0.0,0.9999999999999998,0.9468422971660378,56.04752475247525,1618.7651222153465
BOyyLzPvdCE_0,10.0,33,1,1,1.0,0.9090909090909091,0.9523809523809523,0.9090909090909091,0.45454545454545453,0.09090909090909091,0.09090909090909091,0.0,0.0,0.0,0.0,1.9999999999999996,0.9999999999999998,0.9999999999999998,0.9318868909999264,57.016822429906526,1613.3668589369158
CFgPkyfs77g_270000,10.0,33,2,5,0.9444444444444444,0.68,0.7906976744186047,0.6896551724137931,0.7150000000000001,0.36,0.32,0.04,0.0,0.0,0.0,3.5,1.0,2.5,0.9318722532510124,56.72429906542055,1619.3239632009345
tbx4oeeqcTQ_10000,10.0,33,1,8,1.0,0.6060606060606061,0.7547169811320755,0.6060606060606061,0.30303030303030304,0.3939393939393939,0.3939393939393939,0.0,0.0,0.0,0.0,8.999999999999998,0.9999999999999998,7.999999999999998,0.9318933099199872,57.47850467289717,1619.8229775116822
cOhH369x8mA_100000,9.99984375,33,1,5,1.0,0.5151515151515151,0.6799999999999999,0.5151515151515151,0.25757575757575757,0.48484848484848486,0.48484848484848486,0.0,0.0,0.0,0.0,5.999999999999999,0.9999999999999998,4.999999999999999,0.9318589902626799,56.917757009345785,1616.2941369742991
pzaLqsvD5oQ_4000,9.7935,32,1,9,0.9411764705882353,0.5517241379310345,0.6956521739130435,0.5483870967741935,0.5258620689655172,0.4827586206896552,0.4482758620689655,0.034482758620689655,0.0,0.0,0.0,9.999999999999998,0.9999999999999998,8.999999999999998,0.9397884153842215,57.48173076923078,1616.541766826923
dgMTijqN77o_30000,10.000625,33,1,1,1.0,0.9696969696969697,0.9846153846153847,0.9696969696969697,0.48484848484848486,0.030303030303030304,0.030303030303030304,0.0,1.0,1.0,1.0,0.0,0.0,0.0,0.9319341560219961,56.92523364485979,1618.6761828271028
SllQ8m6NjBs_120000,9.99890625,33,1,4,1.0,0.5151515151515151,0.6799999999999999,0.5151515151515151,0.25757575757575757,0.48484848484848486,0.48484848484848486,0.0,0.0,0.0,0.0,4.999999999999999,0.9999999999999998,3.999999999999999,0.9317650611379968,56.636448598130826,1618.8143618574766
DRAE6T2bL5g_30000,10.0,33,2,4,1.0,0.8787878787878788,0.9354838709677419,0.8787878787878788,0.4393939393939394,0.12121212121212122,0.12121212121212122,0.0,0.0,0.0,0.0,3.0,1.0,2.0,0.9318782267379543,56.544859813084116,1618.8800379672898
Vg8p4AvhtOk_0,8.05734375,26,1,3,0.3333333333333333,0.5,0.4,0.8846153846153846,0.7083333333333333,1.5,0.5,1.0,0.3333333333333333,1.0,0.5,1.9999999999999996,0.0,1.9999999999999996,0.941148046304163,56.56279069767442,1616.8658702761627
yRerbUJtA6U_30000,10.0,33,2,4,0.9655172413793104,0.9032258064516129,0.9333333333333333,0.875,0.45161290322580644,0.12903225806451613,0.0967741935483871,0.03225806451612903,0.0,0.0,0.0,3.0,1.0,2.0,0.9318728369749152,57.485981308411205,1620.810930198598
rhvKWITLHis_0,10.0,33,1,3,1.0,0.8787878787878788,0.9354838709677419,0.8787878787878788,0.4393939393939394,0.12121212121212122,0.12121212121212122,0.0,0.3333333333333333,1.0,0.5,1.9999999999999996,0.0,1.9999999999999996,0.9318946245394746,58.687850467289714,1618.9923700350466
FAl7hlrQZj4_14000,10.0,33,1,7,1.0,0.5,0.6666666666666666,0.5,0.25,0.5,0.5,0.0,0.0,0.0,0.0,7.999999999999998,0.9999999999999998,6.999999999999998,0.9318300055861937,57.28598130841119,1619.0363244742991
FM-9uXZjsZU_40000,10.0,33,1,3,1.0,0.696969696969697,0.8214285714285715,0.696969696969697,0.3484848484848485,0.30303030303030304,0.30303030303030304,0.0,0.0,0.0,0.0,3.999999999999999,0.9999999999999998,2.9999999999999996,0.9318812391277106,56.27102803738317,1619.0254818925234
VwfEocRpHaI_30000,10.0,33,2,4,1.0,0.3939393939393939,0.5652173913043478,0.3939393939393939,0.19696969696969696,0.6060606060606061,0.6060606060606061,0.0,0.0,0.0,0.0,3.0,1.0,2.0,0.9319054691543885,56.46074766355139,1617.1293443341121
HRbY9RGGAG8_30000,10.0,33,1,2,1.0,0.9393939393939394,0.96875,0.9393939393939394,0.4696969696969697,0.06060606060606061,0.06060606060606061,0.0,0.5,1.0,0.6666666666666666,0.9999999999999998,0.0,0.9999999999999998,0.9318582686313642,56.62056074766355,1620.9203417056074
FBUX4UcgZEM_30000,10.0,33,1,2,1.0,0.9393939393939394,0.96875,0.9393939393939394,0.4696969696969697,0.06060606060606061,0.06060606060606061,0.0,0.5,1.0,0.6666666666666666,0.9999999999999998,0.0,0.9999999999999998,0.931872047263098,57.18878504672896,1619.0259199766356
6ToMJ5a7qyY_14000,9.8236875,32,1,1,1.0,0.96875,0.9841269841269841,0.96875,0.484375,0.03125,0.03125,0.0,1.0,1.0,1.0,0.0,0.0,0.0,0.9426709922828675,56.6528846153846,1617.1325120192307
R3uRcG9ErWU_5000,9.95365625,33,1,3,1.0,0.8484848484848485,0.9180327868852458,0.8484848484848485,0.42424242424242425,0.15151515151515152,0.15151515151515152,0.0,0.0,0.0,0.0,3.999999999999999,0.9999999999999998,2.9999999999999996,0.9275573974983389,56.442990654205616,1620.9211813668223
U9zpDqBcwzo_19000,9.37425,31,1,7,1.0,0.5483870967741935,0.7083333333333333,0.5483870967741935,0.27419354838709675,0.45161290322580644,0.45161290322580644,0.0,0.0,0.0,0.0,7.999999999999998,0.9999999999999998,6.999999999999998,0.9271179005239302,57.044554455445535,1615.2233910891089
Zx2QOp0urTE_8000,9.7135,32,1,4,1.0,0.78125,0.8771929824561403,0.78125,0.390625,0.21875,0.21875,0.0,0.0,0.0,0.0,4.999999999999999,0.9999999999999998,3.999999999999999,0.9321164584973005,56.162499999999994,1619.0142728365386
iIYEeiW9pNM_70000,10.0,33,1,8,1.0,0.6060606060606061,0.7547169811320755,0.6060606060606061,0.30303030303030304,0.3939393939393939,0.3939393939393939,0.0,0.0,0.0,0.0,8.999999999999998,0.9999999999999998,7.999999999999998,0.9318762797992539,57.003738317757026,1619.0250438084113
4qBXePjpr_Q_370000,10.0,33,1,5,1.0,0.45454545454545453,0.625,0.45454545454545453,0.22727272727272727,0.5454545454545454,0.5454545454545454,0.0,0.0,0.0,0.0,5.999999999999999,0.9999999999999998,4.999999999999999,0.9318643446684005,55.973831775700944,1619.0254818925234
H7ZugYM2-gM_0,10.0,33,1,6,1.0,0.30303030303030304,0.4651162790697675,0.30303030303030304,0.15151515151515152,0.696969696969697,0.696969696969697,0.0,0.0,0.0,0.0,6.999999999999999,0.9999999999999998,5.999999999999999,0.93189166702996,57.563551401869155,1619.0476781542056
3vBu3hZCzSM_0,10.0,33,1,1,1.0,0.9696969696969697,0.9846153846153847,0.9696969696969697,0.48484848484848486,0.030303030303030304,0.030303030303030304,0.0,1.0,1.0,1.0,0.0,0.0,0.0,0.931847046257374,55.71495327102803,1621.1482549649534
5EtOL1qJx4s_20000,10.0,33,1,2,1.0,0.9393939393939394,0.96875,0.9393939393939394,0.4696969696969697,0.06060606060606061,0.06060606060606061,0.0,0.5,1.0,0.6666666666666666,0.9999999999999998,0.0,0.9999999999999998,0.9318882231315037,57.497196261682234,1617.489011390187
YoGfsvQOEWc_0,8.45209375,28,1,1,1.0,0.45454545454545453,0.625,0.45454545454545453,0.22727272727272727,0.5454545454545454,0.5454545454545454,0.0,1.0,1.0,1.0,0.0,0.0,0.0,0.9206039568361266,56.87826086956521,1619.2523352581522
FZLnBJ7vnHY_10000,10.0,33,1,2,1.0,0.9090909090909091,0.9523809523809523,0.9090909090909091,0.45454545454545453,0.09090909090909091,0.09090909090909091,0.0,0.0,0.0,0.0,2.999999999999999,0.9999999999999998,1.9999999999999996,0.9318856471595741,56.91682242990653,1621.2961813668223
10R2yQUbKzc_30000,10.0,33,1,3,0.8571428571428571,0.8571428571428571,0.8571428571428571,0.8787878787878788,0.8759398496240601,0.2857142857142857,0.14285714285714285,0.14285714285714285,0.3333333333333333,1.0,0.5,1.9999999999999996,0.0,1.9999999999999996,0.931843129621037,57.47476635514018,1615.6095210280373
Abpo_nDpLPk_30000,10.0,33,1,2,0.38461538461538464,0.8333333333333334,0.5263157894736842,0.4,0.4722222222222222,1.5,0.16666666666666666,1.3333333333333333,0.0,0.0,0.0,2.999999999999999,0.9999999999999998,1.9999999999999996,0.9318412393566642,56.93084112149531,1621.2957432827102
RDHd5pDWJMc_30000,10.0,33,1,2,1.0,0.6060606060606061,0.7547169811320755,0.6060606060606061,0.30303030303030304,0.3939393939393939,0.3939393939393939,0.0,0.0,0.0,0.0,2.999999999999999,0.9999999999999998,1.9999999999999996,0.9319015516932947,56.552336448598126,1619.4013580607477
h97pKUkOAiU_6000,9.9735,33,1,4,1.0,0.6875,0.8148148148148148,0.6875,0.34375,0.3125,0.3125,0.0,0.0,0.0,0.0,4.999999999999999,0.9999999999999998,3.999999999999999,0.9294004464227595,56.44766355140187,1615.6099591121495
tiTGKI-M8Hc_30000,10.0,33,1,1,1.0,0.1111111111111111,0.19999999999999998,0.2,0.5555555555555555,0.8888888888888888,0.8888888888888888,0.0,0.0,0.0,0.0,1.9999999999999996,0.9999999999999998,0.9999999999999998,0.9318808143959125,57.10000000000001,1619.4004818925234
nwg2YAclas4_70000,10.0,33,1,4,0.09523809523809523,0.2857142857142857,0.14285714285714285,0.1724137931034483,0.21103896103896103,3.428571428571429,0.7142857142857143,2.7142857142857144,0.0,0.0,0.0,4.999999999999999,0.9999999999999998,3.999999999999999,0.9318632183868281,57.18317757009344,1617.5052205023364
8F-ndyrEWJ8_470000,10.0,33,1,1,1.0,0.5,0.6666666666666666,0.5,0.25,0.5,0.5,0.0,1.0,1.0,1.0,0.0,0.0,0.0,0.9318872226373296,56.27570093457944,1617.5047824182243
8vPRbqUP33A_30000,10.0,33,1,2,1.0,0.9393939393939394,0.96875,0.9393939393939394,0.4696969696969697,0.06060606060606061,0.06060606060606061,0.0,0.0,0.0,0.0,2.999999999999999,0.9999999999999998,1.9999999999999996,0.9318768458164585,57.29906542056074,1619.4000438084113
MhyOX0xtaGQ_3000,10.0,33,1,1,1.0,1.0,1.0,1.0,0.5,0.0,0.0,0.0,1.0,1.0,1.0,0.0,0.0,0.0,0.931872944225075,56.6448598130841,1619.4000438084113
pX9ZqZHJqVw_140000,10.0,33,1,1,1.0,0.9696969696969697,0.9846153846153847,0.9696969696969697,0.48484848484848486,0.030303030303030304,0.030303030303030304,0.0,1.0,1.0,1.0,0.0,0.0,0.0,0.9318953043348983,56.71775700934578,1619.4000438084113
z57bR_2M-NE_60000,10.0,33,1,1,1.0,0.9696969696969697,0.9846153846153847,0.9696969696969697,0.48484848484848486,0.030303030303030304,0.030303030303030304,0.0,1.0,1.0,1.0,0.0,0.0,0.0,0.9318881356928129,56.44205607476635,1619.3996057242991
YV2wuAimpOQ_210000,10.0,33,1,1,1.0,0.9696969696969697,0.9846153846153847,0.9696969696969697,0.48484848484848486,0.030303030303030304,0.030303030303030304,0.0,1.0,1.0,1.0,0.0,0.0,0.0,0.9318827968785924,56.54672897196261,1621.2957432827102
UbkUtLiMNSI_100000,10.0,33,6,6,0.9230769230769231,0.631578947368421,0.7499999999999999,0.75,0.7773279352226721,0.42105263157894735,0.3684210526315789,0.05263157894736842,0.5,0.5,0.5,1.0,0.5,0.5,0.9318893320241554,58.51308411214953,1617.5052205023364
nHiLu70TK5Y_200000,10.0,33,1,6,1.0,0.7878787878787878,0.8813559322033898,0.7878787878787878,0.3939393939393939,0.21212121212121213,0.21212121212121213,0.0,0.0,0.0,0.0,6.999999999999999,0.9999999999999998,5.999999999999999,0.9318639511185487,56.08504672897196,1621.306585864486
rx9Sarky2d8_50000,10.0,33,2,1,1.0,0.7272727272727273,0.8421052631578948,0.7272727272727273,0.36363636363636365,0.2727272727272727,0.2727272727272727,0.0,0.0,0.0,0.0,1.5,1.0,0.5,0.9318701981374458,57.01308411214953,1619.4691515771028
wARxA8vm_ws_50000,9.999875,33,1,2,1.0,0.8484848484848485,0.9180327868852458,0.8484848484848485,0.42424242424242425,0.15151515151515152,0.15151515151515152,0.0,0.0,0.0,0.0,2.999999999999999,0.9999999999999998,1.9999999999999996,0.9318254239612851,57.47383177570092,1619.5402307242991
ngm1xgtAaio_30000,10.0,33,1,1,1.0,0.9393939393939394,0.96875,0.9393939393939394,0.4696969696969697,0.06060606060606061,0.06060606060606061,0.0,1.0,1.0,1.0,0.0,0.0,0.0,0.9318584516757683,56.72149532710279,1621.4250876168223
hr-tBZ9v1bg_30000,10.0,33,1,3,1.0,0.7878787878787878,0.8813559322033898,0.7878787878787878,0.3939393939393939,0.21212121212121213,0.21212121212121213,0.0,0.0,0.0,0.0,3.999999999999999,0.9999999999999998,2.9999999999999996,0.931865982245742,57.02710280373832,1619.5402307242991
tYhS55mkbEo_90000,10.00059375,33,1,2,1.0,0.9090909090909091,0.9523809523809523,0.9090909090909091,0.45454545454545453,0.09090909090909091,0.09090909090909091,0.0,0.0,0.0,0.0,2.999999999999999,0.9999999999999998,1.9999999999999996,0.9319285133524666,55.993457943925236,1619.5289500584113
dXpQ1FOJpHg_40000,10.0,33,1,2,1.0,0.9090909090909091,0.9523809523809523,0.9090909090909091,0.45454545454545453,0.09090909090909091,0.09090909090909091,0.0,0.5,1.0,0.6666666666666666,0.9999999999999998,0.0,0.9999999999999998,0.9318793568670865,56.1663551401869,1619.5298262266356
mXPH51Cbawc_17000,10.0,33,1,5,1.0,0.8787878787878788,0.9354838709677419,0.8787878787878788,0.4393939393939394,0.12121212121212122,0.12121212121212122,0.0,0.0,0.0,0.0,5.999999999999999,0.9999999999999998,4.999999999999999,0.9318765063617386,56.25700934579439,1615.7384272780373
gb8OEks79nk_280000,10.0,33,1,3,1.0,0.8484848484848485,0.9180327868852458,0.8484848484848485,0.42424242424242425,0.15151515151515152,0.15151515151515152,0.0,0.0,0.0,0.0,3.999999999999999,0.9999999999999998,2.9999999999999996,0.9318824974534111,57.845794392523345,1619.5298262266356
MMQLD910Rpw_0,10.0,33,1,0,,0.0,,0.36363636363636365,0.5,1.0,1.0,0.0,,0.0,,0.9999999999999998,0.9999999999999998,0.0,0.9318754246029407,57.006542056074764,1617.6449693341121
gNxIU8q80l0_90000,10.0,33,1,2,1.0,0.9393939393939394,0.96875,0.9393939393939394,0.4696969696969697,0.06060606060606061,0.06060606060606061,0.0,0.0,0.0,0.0,2.999999999999999,0.9999999999999998,1.9999999999999996,0.9318971572300767,57.00560747663553,1621.4255257009345
roo2yz59HBE_30000,10.0,33,1,6,1.0,0.6060606060606061,0.7547169811320755,0.6060606060606061,0.30303030303030304,0.3939393939393939,0.3939393939393939,0.0,0.0,0.0,0.0,6.999999999999999,0.9999999999999998,5.999999999999999,0.9318924467865678,57.016822429906526,1615.7388653621495
p_SklLgMpBo_30000,10.0,33,1,6,1.0,0.8181818181818182,0.9,0.8181818181818182,0.4090909090909091,0.18181818181818182,0.18181818181818182,0.0,0.0,0.0,0.0,6.999999999999999,0.9999999999999998,5.999999999999999,0.9318903809788194,57.30467289719626,1619.5285119742991
5GUTCDIP02U_30000,10.0,33,1,3,1.0,0.8787878787878788,0.9354838709677419,0.8787878787878788,0.4393939393939394,0.12121212121212122,0.12121212121212122,0.0,0.3333333333333333,1.0,0.5,1.9999999999999996,0.0,1.9999999999999996,0.9318669347563515,56.17570093457943,1621.4250876168223
Isi7txrCZGc_10000,10.0,33,1,1,1.0,0.9696969696969697,0.9846153846153847,0.9696969696969697,0.48484848484848486,0.030303030303030304,0.030303030303030304,0.0,1.0,1.0,1.0,0.0,0.0,0.0,0.9318505235342456,57.30841121495326,1617.6332505841121
2xvqbtV1vfQ_30000,10.0,33,1,1,1.0,0.9696969696969697,0.9846153846153847,0.9696969696969697,0.48484848484848486,0.030303030303030304,0.030303030303030304,0.0,1.0,1.0,1.0,0.0,0.0,0.0,0.9318714213337537,56.82990654205608,1621.4246495327102
3iSc3b-JMZo_30000,10.0,33,1,6,1.0,0.696969696969697,0.8214285714285715,0.696969696969697,0.3484848484848485,0.30303030303030304,0.30303030303030304,0.0,0.0,0.0,0.0,6.999999999999999,0.9999999999999998,5.999999999999999,0.9319038786824239,56.46261682242991,1617.6336886682243
bIU0X1v4SF0_60000,10.0,33,1,4,0.6666666666666666,0.4,0.5,0.5555555555555556,0.575,0.8,0.6,0.2,0.0,0.0,0.0,4.999999999999999,0.9999999999999998,3.999999999999999,0.9318470669197524,57.00280373831775,1619.5293881425234
MpAo8pQiZFI_40000,10.00053125,33,2,1,1.0,0.9696969696969697,0.9846153846153847,0.9696969696969697,0.48484848484848486,0.030303030303030304,0.030303030303030304,0.0,1.0,0.5,0.6666666666666666,0.5,0.5,0.0,0.9319443396138617,56.45233644859814,1619.5285119742991
LB5zwBmY7tU_30000,10.0,33,1,3,1.0,0.3939393939393939,0.5652173913043478,0.3939393939393939,0.19696969696969696,0.6060606060606061,0.6060606060606061,0.0,0.0,0.0,0.0,3.999999999999999,0.9999999999999998,2.9999999999999996,0.9318963179791396,56.742056074766325,1621.4246495327102
K8Vyj2Eum8I_20000,10.0,33,1,5,1.0,0.7878787878787878,0.8813559322033898,0.7878787878787878,0.3939393939393939,0.21212121212121213,0.21212121212121213,0.0,0.0,0.0,0.0,5.999999999999999,0.9999999999999998,4.999999999999999,0.9318883322150592,56.7392523364486,1617.6341267523364
r_VhtoyxvAs_10000,10.0,33,1,8,0.8,0.8421052631578947,0.8205128205128205,0.78125,0.7672064777327935,0.3684210526315789,0.15789473684210525,0.21052631578947367,0.0,0.0,0.0,8.999999999999998,0.9999999999999998,7.999999999999998,0.9318904148464351,57.48130841121494,1617.6345648364486
sCvxxuz3l_A_10000,10.0,33,1,4,1.0,0.2857142857142857,0.4444444444444445,0.5454545454545454,0.6428571428571428,0.7142857142857143,0.7142857142857143,0.0,0.0,0.0,0.0,4.999999999999999,0.9999999999999998,3.999999999999999,0.9318759274048859,57.200934579439256,1615.7379891939252
nC_IPV1fOVg_0,10.0,33,1,2,0.8333333333333334,0.9615384615384616,0.8928571428571429,0.8064516129032258,0.4807692307692308,0.23076923076923078,0.038461538461538464,0.19230769230769232,0.5,1.0,0.6666666666666666,0.9999999999999998,0.0,0.9999999999999998,0.9318784680713316,56.721495327102794,1621.4250876168223
H0NKU8-RsjA_420000,9.99971875,33,1,5,0.375,0.42857142857142855,0.39999999999999997,0.625,0.5672268907563025,1.2857142857142856,0.5714285714285714,0.7142857142857143,0.0,0.0,0.0,5.999999999999999,0.9999999999999998,4.999999999999999,0.9318018215680963,56.64018691588786,1615.7388653621495
jKSrUKUQfhQ_20000,10.0,33,2,4,1.0,0.16129032258064516,0.27777777777777773,0.21212121212121213,0.5806451612903226,0.8387096774193549,0.8387096774193549,0.0,0.0,0.0,0.0,3.0,1.0,2.0,0.9318802117268935,56.5429906542056,1617.6336886682243
sPeu5IRj5nc_0,10.0,33,1,1,1.0,0.9393939393939394,0.96875,0.9393939393939394,0.4696969696969697,0.06060606060606061,0.06060606060606061,0.0,1.0,1.0,1.0,0.0,0.0,0.0,0.9318745133212903,57.10747663551399,1619.5290960864486
RQOk3g7ZlVQ_30000,10.0,33,1,2,0.95,0.9047619047619048,0.9268292682926829,0.90625,0.9069264069264069,0.14285714285714285,0.09523809523809523,0.047619047619047616,0.0,0.0,0.0,2.999999999999999,0.9999999999999998,1.9999999999999996,0.9318604998734544,57.19439252336447,1619.5341705607477
FuxDgrbnLkk_30000,10.0,33,1,1,1.0,0.9393939393939394,0.96875,0.9393939393939394,0.4696969696969697,0.06060606060606061,0.06060606060606061,0.0,1.0,1.0,1.0,0.0,0.0,0.0,0.9318934055283683,57.014018691588774,1615.7432096962616
attauSOGwBw_0,10.000625,33,1,3,1.0,0.7272727272727273,0.8421052631578948,0.7272727272727273,0.36363636363636365,0.2727272727272727,0.2727272727272727,0.0,0.3333333333333333,1.0,0.5,1.9999999999999996,0.0,1.9999999999999996,0.9319456154840615,56.07757009345794,1615.7418954439252
_S7baZ3EtZY_40000,10.0,33,2,1,1.0,0.631578947368421,0.7741935483870968,0.7741935483870968,0.8157894736842105,0.3684210526315789,0.3684210526315789,0.0,1.0,0.5,0.6666666666666666,0.5,0.5,0.0,0.931889296761478,56.356074766355135,1621.4285557827102
eMX2eP3EedA_30000,10.0,33,1,2,0.5714285714285714,0.16,0.25,0.2727272727272727,0.3925,0.96,0.84,0.12,0.0,0.0,0.0,2.999999999999999,0.9999999999999998,1.9999999999999996,0.9318632745734667,57.20934579439251,1617.7037456191588
BiUEVx_G0nU_11000,9.8335,32,1,1,1.0,0.96875,0.9841269841269841,0.96875,0.484375,0.03125,0.03125,0.0,1.0,1.0,1.0,0.0,0.0,0.0,0.9436367820071305,57.01826923076922,1619.3877704326924
kY4oaEjfxCc_290000,10.0,33,1,1,1.0,0.9696969696969697,0.9846153846153847,0.9696969696969697,0.48484848484848486,0.030303030303030304,0.030303030303030304,0.0,1.0,1.0,1.0,0.0,0.0,0.0,0.9318530627581192,56.26542056074765,1619.3962835864486
0qzduT2AHmo_20000,10.0,33,1,5,0.375,0.75,0.5,0.8181818181818182,0.7887931034482758,1.5,0.25,1.25,0.2,1.0,0.33333333333333337,3.999999999999999,0.0,3.999999999999999,0.9319045201945066,57.09252336448597,1617.5010221962616
G_7-IR3pl8E_0,10.0,33,1,1,1.0,0.9696969696969697,0.9846153846153847,0.9696969696969697,0.48484848484848486,0.030303030303030304,0.030303030303030304,0.0,1.0,1.0,1.0,0.0,0.0,0.0,0.9319014719660146,57.004672897196244,1617.5005841121495
NMAzonWtqtg_0,10.0,33,1,2,1.0,0.9333333333333333,0.9655172413793104,0.9393939393939394,0.9666666666666667,0.06666666666666667,0.06666666666666667,0.0,0.0,0.0,0.0,2.999999999999999,0.9999999999999998,1.9999999999999996,0.9318961860555365,56.92336448598128,1619.3962835864486
1K0Y5IjgHVo_130000,10.0,33,1,4,0.8461538461538461,0.88,0.8627450980392156,0.7878787878787878,0.69,0.28,0.12,0.16,0.0,0.0,0.0,4.999999999999999,0.9999999999999998,3.999999999999999,0.9319005444675998,55.43177570093457,1617.5005841121495
myRDci4OTEA_0,10.0,33,1,2,1.0,0.9090909090909091,0.9523809523809523,0.9090909090909091,0.45454545454545453,0.09090909090909091,0.09090909090909091,0.0,0.5,1.0,0.6666666666666666,0.9999999999999998,0.0,0.9999999999999998,0.9318674709904953,56.832710280373824,1619.3962835864486
2Pk0WqSZ8zU_70000,10.0,33,1,10,1.0,0.6666666666666666,0.8,0.6666666666666666,0.3333333333333333,0.3333333333333333,0.3333333333333333,0.0,0.0,0.0,0.0,10.999999999999998,0.9999999999999998,9.999999999999998,0.9318846171508673,57.7429906542056,1617.5001460280373
I6gIW8VUXp0_30000,10.0,33,1,2,1.0,0.9090909090909091,0.9523809523809523,0.9090909090909091,0.45454545454545453,0.09090909090909091,0.09090909090909091,0.0,0.5,1.0,0.6666666666666666,0.9999999999999998,0.0,0.9999999999999998,0.9318887533950957,56.536448598130846,1621.2911068925234
iRxaPHHvyIk_50000,10.0,33,1,2,1.0,0.8787878787878788,0.9354838709677419,0.8787878787878788,0.4393939393939394,0.12121212121212122,0.12121212121212122,0.0,0.0,0.0,0.0,2.999999999999999,0.9999999999999998,1.9999999999999996,0.9318898671416771,56.728037383177565,1619.3954074182243
USi-AqySbzU_30000,10.0,33,1,6,1.0,0.3333333333333333,0.5,0.3333333333333333,0.16666666666666666,0.6666666666666666,0.6666666666666666,0.0,0.0,0.0,0.0,6.999999999999999,0.9999999999999998,5.999999999999999,0.9318923734097867,57.106542056074765,1621.2906688084113
714lnnBCFOU_30000,10.0,33,1,8,1.0,0.6060606060606061,0.7547169811320755,0.6060606060606061,0.30303030303030304,0.3939393939393939,0.3939393939393939,0.0,0.0,0.0,0.0,8.999999999999998,0.9999999999999998,7.999999999999998,0.931902248615043,57.01121495327103,1621.2906688084113
v4REZ0nM5Jg_13000,9.7535,32,1,6,1.0,0.28125,0.43902439024390244,0.28125,0.140625,0.71875,0.71875,0.0,0.0,0.0,0.0,6.999999999999999,0.9999999999999998,5.999999999999999,0.9359530298245858,57.13365384615384,1621.2803485576924
PCJhQJCQZeo_40000,10.0,33,1,5,1.0,0.5151515151515151,0.6799999999999999,0.5151515151515151,0.25757575757575757,0.48484848484848486,0.48484848484848486,0.0,0.0,0.0,0.0,5.999999999999999,0.9999999999999998,4.999999999999999,0.9318899029199936,56.26822429906541,1621.2919830607477
P1Wlv1SqBcQ_270000,10.0,33,1,2,1.0,0.9393939393939394,0.96875,0.9393939393939394,0.4696969696969697,0.06060606060606061,0.06060606060606061,0.0,0.5,1.0,0.6666666666666666,0.9999999999999998,0.0,0.9999999999999998,0.931892607875838,56.821495327102774,1617.4997079439252
86VYxet0LXs_210000,10.0,33,1,2,0.9230769230769231,0.9230769230769231,0.9230769230769231,0.9393939393939394,0.9365384615384615,0.15384615384615385,0.07692307692307693,0.07692307692307693,0.5,1.0,0.6666666666666666,0.9999999999999998,0.0,0.9999999999999998,0.9318763391112819,56.93177570093458,1623.185930198598
ec1BGiYqf-o_21000,9.2091875,30,1,5,1.0,0.5384615384615384,0.7000000000000001,0.6,0.7692307692307692,0.46153846153846156,0.46153846153846156,0.0,0.0,0.0,0.0,5.999999999999999,0.9999999999999998,4.999999999999999,0.9396165060322214,57.06224489795919,1621.256855867347
zuhOZVzQik8_16000,9.58840625,31,1,7,1.0,0.6129032258064516,0.76,0.6129032258064516,0.3064516129032258,0.3870967741935484,0.3870967741935484,0.0,0.0,0.0,0.0,7.999999999999998,0.9999999999999998,6.999999999999998,0.9482859734770701,55.56930693069308,1619.3787515470297
G7IUTroCggA_50000,10.0,33,1,1,1.0,0.8214285714285714,0.9019607843137255,0.8484848484848485,0.9107142857142857,0.17857142857142858,0.17857142857142858,0.0,0.0,0.0,0.0,1.9999999999999996,0.9999999999999998,0.9999999999999998,0.9318737583323338,57.02056074766355,1621.2906688084113
ggsFp99brsU_100000,10.0,33,1,4,1.0,0.3103448275862069,0.4736842105263158,0.3939393939393939,0.6551724137931034,0.6896551724137931,0.6896551724137931,0.0,0.0,0.0,0.0,4.999999999999999,0.9999999999999998,3.999999999999999,0.9318545095094175,56.186915887850475,1621.2911068925234
jTweLqDIZWk_40000,10.0,33,1,7,0.6470588235294118,0.7333333333333333,0.6875,0.6428571428571429,0.6358974358974359,0.6666666666666667,0.26666666666666666,0.4,0.0,0.0,0.0,7.999999999999998,0.9999999999999998,6.999999999999998,0.931851976100387,57.94392523364484,1619.3958455023364
DVAfQPhd9ck_250000,10.0,33,1,3,1.0,0.9090909090909091,0.9523809523809523,0.9090909090909091,0.45454545454545453,0.09090909090909091,0.09090909090909091,0.0,0.0,0.0,0.0,3.999999999999999,0.9999999999999998,2.9999999999999996,0.9318572328502768,57.3,1621.2911068925234
NCto3N2D0aY_10000,10.0,33,2,4,1.0,0.6666666666666666,0.8,0.6666666666666666,0.3333333333333333,0.3333333333333333,0.3333333333333333,0.0,0.0,0.0,0.0,3.0,1.0,2.0,0.931869902450689,56.912149532710266,1621.3028256425234
Fi30Q7gb-bY_30000,10.0,33,1,3,1.0,0.8787878787878788,0.9354838709677419,0.8787878787878788,0.4393939393939394,0.12121212121212122,0.12121212121212122,0.0,0.0,0.0,0.0,3.999999999999999,0.9999999999999998,2.9999999999999996,0.9318923018426672,56.450467289719604,1617.5005841121495
R9dokl6P_hg_4000,9.0135,30,1,6,1.0,0.6333333333333333,0.7755102040816326,0.6333333333333333,0.31666666666666665,0.36666666666666664,0.36666666666666664,0.0,0.0,0.0,0.0,6.999999999999999,0.9999999999999998,5.999999999999999,0.919669091231268,56.25918367346939,1619.3696588010205
yC-c7txcfcA_30000,9.99978125,33,1,4,1.0,0.30303030303030304,0.4651162790697675,0.30303030303030304,0.15151515151515152,0.696969696969697,0.696969696969697,0.0,0.0,0.0,0.0,4.999999999999999,0.9999999999999998,3.999999999999999,0.9318714672178029,57.29345794392523,1621.2902307242991
u9aHjYGbl5o_30000,10.0,33,1,4,1.0,0.696969696969697,0.8214285714285715,0.696969696969697,0.3484848484848485,0.30303030303030304,0.30303030303030304,0.0,0.0,0.0,0.0,4.999999999999999,0.9999999999999998,3.999999999999999,0.9318384254653851,57.1785046728972,1623.1868063668223
5Va6_5kQUik_10000,10.0,33,1,2,0.8571428571428571,0.8571428571428571,0.8571428571428571,0.9393939393939394,0.9093406593406593,0.2857142857142857,0.14285714285714285,0.14285714285714285,0.5,1.0,0.6666666666666666,0.9999999999999998,0.0,0.9999999999999998,0.9318657973585046,57.29158878504672,1619.4071261682243
gJNYHdCWHpc_30000,10.0,33,1,1,1.0,0.9696969696969697,0.9846153846153847,0.9696969696969697,0.48484848484848486,0.030303030303030304,0.030303030303030304,0.0,1.0,1.0,1.0,0.0,0.0,0.0,0.9318533397528826,55.88971962616822,1621.3028256425234
90DSJfFfvio_200000,10.0,33,2,3,1.0,0.7878787878787878,0.8813559322033898,0.7878787878787878,0.3939393939393939,0.21212121212121213,0.21212121212121213,0.0,0.0,0.0,0.0,2.5,1.0,1.5,0.9318605665732176,56.54766355140186,1619.4071261682243
cM24ZpTlXN0_40000,10.0,33,1,4,1.0,0.48484848484848486,0.653061224489796,0.48484848484848486,0.24242424242424243,0.5151515151515151,0.5151515151515151,0.0,0.0,0.0,0.0,4.999999999999999,0.9999999999999998,3.999999999999999,0.9318773995008166,57.463551401869154,1619.3954074182243
GizX7pGc3Ec_30000,9.989125,33,1,1,1.0,0.9696969696969697,0.9846153846153847,0.9696969696969697,0.48484848484848486,0.030303030303030304,0.030303030303030304,0.0,1.0,1.0,1.0,0.0,0.0,0.0,0.9308650196086056,56.91121495327102,1621.2906688084113
B8TLrMJfq0Q_30000,10.0,33,1,4,1.0,0.8787878787878788,0.9354838709677419,0.8787878787878788,0.4393939393939394,0.12121212121212122,0.12121212121212122,0.0,0.25,1.0,0.4,2.9999999999999996,0.0,2.9999999999999996,0.9319006491966478,57.662616822429904,1621.2915449766356
CDSnhR5KPpc_90000,10.0,33,1,2,1.0,0.9393939393939394,0.96875,0.9393939393939394,0.4696969696969697,0.06060606060606061,0.06060606060606061,0.0,0.0,0.0,0.0,2.999999999999999,0.9999999999999998,1.9999999999999996,0.9318679207204099,57.01308411214952,1619.4071261682243
uuCsu6qOvgE_70000,10.0,33,2,2,1.0,0.9655172413793104,0.9824561403508771,0.96875,0.9827586206896552,0.034482758620689655,0.034482758620689655,0.0,1.0,1.0,1.0,0.0,0.0,0.0,0.9318797857727817,56.718691588785035,1619.3954074182243
ascISG_k9s4_130000,10.0,33,1,7,1.0,0.7575757575757576,0.8620689655172413,0.7575757575757576,0.3787878787878788,0.24242424242424243,0.24242424242424243,0.0,0.0,0.0,0.0,7.999999999999998,0.9999999999999998,6.999999999999998,0.931886897763289,56.6429906542056,1621.2915449766356
_CTmVtwM-M8_30000,10.0,33,8,6,0.9473684210526315,0.75,0.8372093023255814,0.7878787878787878,0.8194444444444444,0.2916666666666667,0.25,0.041666666666666664,0.6666666666666666,0.5,0.5714285714285715,0.75,0.5,0.25,0.9318415700214685,57.38878504672897,1619.3958455023364
57NefYJLTE4_30000,10.0,33,1,4,1.0,0.12121212121212122,0.21621621621621626,0.12121212121212122,0.06060606060606061,0.8787878787878788,0.8787878787878788,0.0,0.0,0.0,0.0,4.999999999999999,0.9999999999999998,3.999999999999999,0.9318843595782791,56.731775700934584,1619.3954074182243
eMVmUcK0xBU_0,9.12546875,30,1,3,1.0,0.9259259259259259,0.9615384615384615,0.9259259259259259,0.46296296296296297,0.07407407407407407,0.07407407407407407,0.0,0.3333333333333333,1.0,0.5,1.9999999999999996,0.0,1.9999999999999996,0.9310646168432409,56.659183673469386,1621.256855867347
A5ZGEJKUTXY_30000,10.0,33,1,4,0.75,0.5625,0.6428571428571429,0.6774193548387096,0.68125,0.625,0.4375,0.1875,0.25,1.0,0.4,2.9999999999999996,0.0,2.9999999999999996,0.9318914335146993,56.927102803738315,1619.3954074182243
0eq4AberCIY_17000,9.9535,33,1,1,1.0,1.0,1.0,1.0,0.5,0.0,0.0,0.0,1.0,1.0,1.0,0.0,0.0,0.0,0.9275660635049315,56.08224299065421,1621.2906688084113
Vsve5nA3bSc_30000,10.0,33,1,1,1.0,0.9696969696969697,0.9846153846153847,0.9696969696969697,0.48484848484848486,0.030303030303030304,0.030303030303030304,0.0,1.0,1.0,1.0,0.0,0.0,0.0,0.9318810901131542,55.973831775700916,1621.2915449766356
HxB6C9su7ts_270000,10.0,33,1,2,1.0,0.9090909090909091,0.9523809523809523,0.9090909090909091,0.45454545454545453,0.09090909090909091,0.09090909090909091,0.0,0.0,0.0,0.0,2.999999999999999,0.9999999999999998,1.9999999999999996,0.9318854043565824,57.56635514018689,1619.3954074182243
fj1fknZPxUA_0,10.0,33,1,2,0.9285714285714286,0.9285714285714286,0.9285714285714286,0.9393939393939394,0.9379699248120301,0.14285714285714285,0.07142857142857142,0.07142857142857142,0.5,1.0,0.6666666666666666,0.9999999999999998,0.0,0.9999999999999998,0.931876450355474,56.73271028037382,1621.2902307242991
_U4NdEH1I-k_30000,10.0,33,1,3,1.0,0.6666666666666666,0.8,0.6666666666666666,0.3333333333333333,0.3333333333333333,0.3333333333333333,0.0,0.0,0.0,0.0,3.999999999999999,0.9999999999999998,2.9999999999999996,0.9318672515493046,56.17943925233644,1623.185930198598
2sckeiQnL5I_0,10.0,33,1,2,1.0,0.9696969696969697,0.9846153846153847,0.9696969696969697,0.48484848484848486,0.030303030303030304,0.030303030303030304,0.0,0.0,0.0,0.0,2.999999999999999,0.9999999999999998,1.9999999999999996,0.9318440937402964,56.63925233644859,1621.2915449766356
sJI6U9pYd-s_220000,10.0,33,1,4,0.7619047619047619,1.0,0.8648648648648648,0.84375,0.84375,0.3125,0.0,0.3125,0.25,1.0,0.4,2.9999999999999996,0.0,2.9999999999999996,0.931858534003821,56.53738317757009,1619.3949693341121
UEMwUub78Ew_0,9.99965625,33,1,4,1.0,0.2777777777777778,0.4347826086956522,0.6060606060606061,0.6388888888888888,0.7222222222222222,0.7222222222222222,0.0,0.0,0.0,0.0,4.999999999999999,0.9999999999999998,3.999999999999999,0.9318311270688632,56.731775700934584,1623.1863682827102
NSO3huqx3KE_16000,9.6535,32,1,4,1.0,0.875,0.9333333333333333,0.875,0.4375,0.125,0.125,0.0,0.0,0.0,0.0,4.999999999999999,0.9999999999999998,3.999999999999999,0.9263766764269462,57.127884615384616,1621.2803485576924
S_H0pbdKOMI_130000,10.0,33,2,1,1.0,0.9696969696969697,0.9846153846153847,0.9696969696969697,0.48484848484848486,0.030303030303030304,0.030303030303030304,0.0,1.0,0.5,0.6666666666666666,0.5,0.5,0.0,0.931883992498665,58.02803738317757,1619.3954074182243
xDRZQxau_fM_510000,10.0,33,1,5,0.8888888888888888,0.6666666666666666,0.761904761904762,0.8484848484848485,0.8095238095238095,0.41666666666666663,0.3333333333333333,0.08333333333333333,0.0,0.0,0.0,5.999999999999999,0.9999999999999998,4.999999999999999,0.9319073777461107,57.014018691588774,1621.2906688084113
rpCVfEusnE0_0,7.6935,25,1,2,1.0,0.84,0.9130434782608696,0.84,0.42,0.16,0.16,0.0,0.0,0.0,0.0,2.999999999999999,0.9999999999999998,1.9999999999999996,0.9324533351649157,56.804819277108436,1621.1930534638554
JSuUyOociUo_30000,10.0,33,1,2,1.0,0.9393939393939394,0.96875,0.9393939393939394,0.4696969696969697,0.06060606060606061,0.06060606060606061,0.0,0.0,0.0,0.0,2.999999999999999,0.9999999999999998,1.9999999999999996,0.9318873043537763,57.01401869158877,1623.0484813084113
S8FTFGdNtkk_20000,10.0,33,1,1,1.0,0.7142857142857143,0.8333333333333333,0.9393939393939394,0.8571428571428572,0.2857142857142857,0.2857142857142857,0.0,1.0,1.0,1.0,0.0,0.0,0.0,0.9318937379589733,57.66822429906542,1624.9446188668223
nlBVY8iOEn0_28000,9.593125,31,1,7,1.0,0.3548387096774194,0.5238095238095238,0.3548387096774194,0.1774193548387097,0.6451612903225806,0.6451612903225806,0.0,0.0,0.0,0.0,7.999999999999998,0.9999999999999998,6.999999999999998,0.9487813933331632,57.62475247524751,1619.2468285891089
JF1ijl5xZBA_10000,9.64409375,32,1,2,1.0,0.96875,0.9841269841269841,0.96875,0.484375,0.03125,0.03125,0.0,0.0,0.0,0.0,2.999999999999999,0.9999999999999998,1.9999999999999996,0.9254466748819509,56.72788461538461,1623.0377478966345
vNFPTjEsySw_10000,10.0,33,1,3,1.0,0.7142857142857143,0.8333333333333333,0.8787878787878788,0.8571428571428572,0.2857142857142857,0.2857142857142857,0.0,0.3333333333333333,1.0,0.5,1.9999999999999996,0.0,1.9999999999999996,0.9318744111153545,57.38691588785046,1623.0489193925234
kR94OFbwDk4_100000,10.0,33,2,6,1.0,0.7741935483870968,0.8727272727272727,0.7878787878787878,0.8870967741935484,0.22580645161290322,0.22580645161290322,0.0,0.16666666666666666,0.5,0.25,3.0,0.5,2.5,0.9319013469157342,57.29252336448597,1624.955023364486
BI7gbKbxMe0_120000,10.0,33,1,1,1.0,0.9696969696969697,0.9846153846153847,0.9696969696969697,0.48484848484848486,0.030303030303030304,0.030303030303030304,0.0,1.0,1.0,1.0,0.0,0.0,0.0,0.931874180297838,57.66542056074767,1623.0489193925234
5XO3ot5rF7Q_40000,10.0,33,1,3,1.0,0.8787878787878788,0.9354838709677419,0.8787878787878788,0.4393939393939394,0.12121212121212122,0.12121212121212122,0.0,0.0,0.0,0.0,3.999999999999999,0.9999999999999998,2.9999999999999996,0.9318631593393081,56.078504672897196,1623.0602000584113
EnxS29QYoSE_0,10.000625,33,1,2,1.0,0.9032258064516129,0.9491525423728813,0.9090909090909091,0.9516129032258065,0.0967741935483871,0.0967741935483871,0.0,0.5,1.0,0.6666666666666666,0.9999999999999998,0.0,0.9999999999999998,0.9319485992965685,57.00373831775699,1623.059323890187
bxMlJLIi8_A_80000,10.0,33,1,5,1.0,0.8181818181818182,0.9,0.8181818181818182,0.4090909090909091,0.18181818181818182,0.18181818181818182,0.0,0.0,0.0,0.0,5.999999999999999,0.9999999999999998,4.999999999999999,0.9318859901896566,56.45140186915887,1625.0098933995328
T6nJKKsh0Qk_30000,10.0,33,1,3,1.0,0.8484848484848485,0.9180327868852458,0.8484848484848485,0.42424242424242425,0.15151515151515152,0.15151515151515152,0.0,0.0,0.0,0.0,3.999999999999999,0.9999999999999998,2.9999999999999996,0.9318626283365485,56.821495327102795,1622.9114705023364
KbgDRF-oWSo_0,10.0,33,1,1,1.0,0.9,0.9473684210526316,0.9393939393939394,0.95,0.1,0.1,0.0,1.0,1.0,1.0,0.0,0.0,0.0,0.9318762775448511,57.757009345794366,1622.9110324182243
iiSx5bLo7ac_30000,10.0,33,1,4,1.0,0.7878787878787878,0.8813559322033898,0.7878787878787878,0.3939393939393939,0.21212121212121213,0.21212121212121213,0.0,0.0,0.0,0.0,4.999999999999999,0.9999999999999998,3.999999999999999,0.931877826241285,57.11401869158878,1624.8067318925234
e3nanB6nrnQ_10000,10.0,33,1,7,1.0,0.42424242424242425,0.5957446808510638,0.42424242424242425,0.21212121212121213,0.5757575757575758,0.5757575757575758,0.0,0.0,0.0,0.0,7.999999999999998,0.9999999999999998,6.999999999999998,0.9318807425778304,56.649532710280376,1624.8067318925234
wiuyQrn-cYU_21000,9.2735,30,1,2,0.34615384615384615,0.6923076923076923,0.46153846153846156,0.3,0.34615384615384615,1.6153846153846154,0.3076923076923077,1.3076923076923077,0.5,1.0,0.6666666666666666,0.9999999999999998,0.0,0.9999999999999998,0.9461486444145799,57.04897959183673,1624.7051977040817
iWiocYCLslw_30000,10.0,33,1,4,1.0,0.34375,0.5116279069767442,0.34375,0.171875,0.65625,0.65625,0.0,0.0,0.0,0.0,4.999999999999999,0.9999999999999998,3.999999999999999,0.9318609379711789,57.0177570093458,1622.9119085864486
GVZwmzYJaoU_30000,10.0,33,1,8,1.0,0.48484848484848486,0.653061224489796,0.48484848484848486,0.24242424242424243,0.5151515151515151,0.5151515151515151,0.0,0.0,0.0,0.0,8.999999999999998,0.9999999999999998,7.999999999999998,0.9318508209373223,56.62803738317755,1621.0157710280373
AC1OebecQoc_170000,9.9999375,33,1,1,1.0,0.9696969696969697,0.9846153846153847,0.9696969696969697,0.48484848484848486,0.030303030303030304,0.030303030303030304,0.0,1.0,1.0,1.0,0.0,0.0,0.0,0.9318846874527896,57.65794392523363,1624.8058557242991
xpSkkPTtQw4_80000,10.0,33,2,8,0.7222222222222222,0.52,0.6046511627906976,0.45161290322580644,0.3433333333333333,0.6799999999999999,0.48,0.2,0.125,0.5,0.2,4.0,0.5,3.5,0.931892678998174,57.94392523364487,1626.7024313668223
N2nBESKIP8c_210000,10.0,33,1,1,1.0,0.9259259259259259,0.9615384615384615,0.9393939393939394,0.962962962962963,0.07407407407407407,0.07407407407407407,0.0,1.0,1.0,1.0,0.0,0.0,0.0,0.9319033273930035,56.81028037383177,1622.9110324182243
2xD3xJDlvFc_6000,10.0,33,1,6,0.47368421052631576,0.9,0.6206896551724138,0.6451612903225806,0.7119047619047619,1.1,0.1,1.0,0.16666666666666666,1.0,0.2857142857142857,4.999999999999999,0.0,4.999999999999999,0.931892393720333,56.83177570093457,1624.8071699766356
UiSil-toj2E_240000,10.0,33,1,2,1.0,0.9090909090909091,0.9523809523809523,0.9090909090909091,0.45454545454545453,0.09090909090909091,0.09090909090909091,0.0,0.5,1.0,0.6666666666666666,0.9999999999999998,0.0,0.9999999999999998,0.9318888332111869,56.917757009345785,1621.0157710280373
HOlAFkMT1Do_30000,10.0,33,3,4,0.7777777777777778,0.875,0.823529411764706,0.8125,0.8125,0.375,0.125,0.25,0.75,1.0,0.8571428571428571,0.3333333333333333,0.0,0.3333333333333333,0.9318867574311183,57.47757009345794,1624.8058557242991
XDMsiZECSYc_50000,9.999375,33,1,1,1.0,0.6666666666666666,0.8,0.9259259259259259,0.8333333333333333,0.3333333333333333,0.3333333333333333,0.0,1.0,1.0,1.0,0.0,0.0,0.0,0.9318336835246552,56.817757009345804,1626.7019932827102
siq-wRzZ4eo_26000,9.4735,31,1,1,1.0,0.8709677419354839,0.9310344827586207,0.8709677419354839,0.43548387096774194,0.12903225806451613,0.12903225806451613,0.0,1.0,1.0,1.0,0.0,0.0,0.0,0.9369577193983302,56.75643564356436,1622.8943765470297
ymP3qIWN0qQ_21000,9.05034375,30,2,2,1.0,0.88,0.9361702127659575,0.9,0.94,0.12,0.12,0.0,1.0,1.0,1.0,0.0,0.0,0.0,0.9234308815426798,55.24081632653063,1624.772480867347
hajO5M7Q2t0_10000,10.00003125,33,1,1,1.0,1.0,1.0,1.0,0.5,0.0,0.0,0.0,1.0,1.0,1.0,0.0,0.0,0.0,0.9318907124635543,56.4626168224299,1622.9110324182243
4VI-WbqxPEc_90000,10.0009375,33,1,2,1.0,0.875,0.9333333333333333,0.9393939393939394,0.9375,0.125,0.125,0.0,0.5,1.0,0.6666666666666666,0.9999999999999998,0.0,0.9999999999999998,0.9319749940472124,56.634579439252335,1624.8067318925234
D4M3YT75ZrQ_570000,10.0,33,1,1,1.0,0.96875,0.9841269841269841,0.9696969696969697,0.9843749999999999,0.03125,0.03125,0.0,1.0,1.0,1.0,0.0,0.0,0.0,0.9318835923306562,56.82990654205608,1622.9114705023364
G-pf0FF6LWU_30000,10.0,33,1,4,1.0,0.7272727272727273,0.8421052631578948,0.7272727272727273,0.36363636363636365,0.2727272727272727,0.2727272727272727,0.0,0.0,0.0,0.0,4.999999999999999,0.9999999999999998,3.999999999999999,0.9318500249245641,56.53457943925231,1622.9114705023364
ET_ReejWJgI_0,5.0,17,1,1,1.0,0.9411764705882353,0.9696969696969697,0.9411764705882353,0.47058823529411764,0.058823529411764705,0.058823529411764705,0.0,1.0,1.0,1.0,0.0,0.0,0.0,0.8663487442887917,54.81551724137931,1622.5717268318965
JfzM_99kuTU_0,10.0,33,3,2,0.7741935483870968,0.96,0.8571428571428571,0.75,0.48,0.32,0.04,0.28,0.0,0.0,0.0,1.6666666666666665,1.0,0.6666666666666666,0.9318689788465278,56.08411214953271,1622.9114705023364
CrJGtoCsIpU_30000,10.0,33,1,4,1.0,0.3939393939393939,0.5652173913043478,0.3939393939393939,0.19696969696969696,0.6060606060606061,0.6060606060606061,0.0,0.0,0.0,0.0,4.999999999999999,0.9999999999999998,3.999999999999999,0.9318794915559275,56.07102803738316,1622.9114705023364
0KdKx63QmMk_120000,10.0,33,1,7,1.0,0.696969696969697,0.8214285714285715,0.696969696969697,0.3484848484848485,0.30303030303030304,0.30303030303030304,0.0,0.0,0.0,0.0,7.999999999999998,0.9999999999999998,6.999999999999998,0.9318845732953784,57.47850467289717,1622.9114705023364
FDkl-22SzfA_6000,9.0135,30,1,4,1.0,0.7,0.8235294117647058,0.7,0.35,0.3,0.3,0.0,0.25,1.0,0.4,2.9999999999999996,0.0,2.9999999999999996,0.9196593889617335,56.548979591836726,1622.8848453443877
6peZ0_VU4mI_0,10.0,33,1,6,1.0,0.6363636363636364,0.7777777777777778,0.6363636363636364,0.3181818181818182,0.36363636363636365,0.36363636363636365,0.0,0.0,0.0,0.0,6.999999999999999,0.9999999999999998,5.999999999999999,0.931877032002089,56.16542056074764,1626.7019932827102
GokYP8thm08_10000,10.0,33,1,4,1.0,0.7037037037037037,0.8260869565217391,0.7037037037037037,0.35185185185185186,0.2962962962962963,0.2962962962962963,0.0,0.0,0.0,0.0,4.999999999999999,0.9999999999999998,3.999999999999999,0.9318993796302324,57.29252336448598,1624.8062938084113
AUfHpCBQjRA_160000,10.0,33,1,6,0.3684210526315789,1.0,0.5384615384615384,0.6129032258064516,0.75,1.7142857142857142,0.0,1.7142857142857142,0.16666666666666666,1.0,0.2857142857142857,4.999999999999999,0.0,4.999999999999999,0.9318627861098222,58.029906542056075,1624.8058557242991
TIJvY634Hi0_30000,10.0,33,2,2,1.0,0.9090909090909091,0.9523809523809523,0.9090909090909091,0.45454545454545453,0.09090909090909091,0.09090909090909091,0.0,0.0,0.0,0.0,2.0,1.0,1.0,0.9319033991235767,56.82990654205608,1626.7019932827102
eWDCNlQ-GOI_30000,10.0,33,1,6,1.0,0.7575757575757576,0.8620689655172413,0.7575757575757576,0.3787878787878788,0.24242424242424243,0.24242424242424243,0.0,0.0,0.0,0.0,6.999999999999999,0.9999999999999998,5.999999999999999,0.9318998402591329,57.11401869158879,1624.8067318925234
tRCv0wdSd_k_30000,10.0,33,1,5,0.8888888888888888,0.5333333333333333,0.6666666666666667,0.7575757575757576,0.7388888888888889,0.5333333333333333,0.4666666666666667,0.06666666666666667,0.0,0.0,0.0,5.999999999999999,0.9999999999999998,4.999999999999999,0.93187810211851,56.64392523364487,1624.8062938084113
xiAwTHQDvNo_30000,10.000625,33,1,6,0.6666666666666666,0.6153846153846154,0.64,0.7272727272727273,0.7076923076923077,0.6923076923076923,0.38461538461538464,0.3076923076923077,0.0,0.0,0.0,6.999999999999999,0.9999999999999998,5.999999999999999,0.931944951106243,56.63925233644861,1624.8062938084113
V8k-VjM3bKY_17000,9.91153125,32,1,6,0.2777777777777778,0.5555555555555556,0.3703703703703704,0.46875,0.49516908212560384,1.8888888888888888,0.4444444444444444,1.4444444444444444,0.0,0.0,0.0,6.999999999999999,0.9999999999999998,5.999999999999999,0.9510659372290124,57.89326923076923,1624.7950721153845
Jht8Q3TEbYk_500000,10.0,33,1,5,0.7142857142857143,0.8333333333333334,0.7692307692307692,0.8181818181818182,0.8214285714285714,0.5,0.16666666666666666,0.3333333333333333,0.2,1.0,0.33333333333333337,3.999999999999999,0.0,3.999999999999999,0.9318454143872728,57.18504672897195,1626.701555198598
vfAwJhQyCrE_6000,10.0,33,1,2,1.0,0.15384615384615385,0.2666666666666667,0.15384615384615385,0.07692307692307693,0.8461538461538461,0.8461538461538461,0.0,0.0,0.0,0.0,2.999999999999999,0.9999999999999998,1.9999999999999996,0.9318906152012344,57.851401869158884,1626.712835864486
VeCSHwtkBZU_30000,10.0,33,3,5,1.0,0.71875,0.8363636363636363,0.7272727272727273,0.8593749999999999,0.28125,0.28125,0.0,0.4,0.6666666666666666,0.5,1.3333333333333333,0.3333333333333333,1.0,0.931879016106413,56.54766355140186,1624.8062938084113
vvhLauGOP70_30000,10.0,33,1,3,1.0,0.12121212121212122,0.21621621621621626,0.12121212121212122,0.06060606060606061,0.8787878787878788,0.8787878787878788,0.0,0.0,0.0,0.0,3.999999999999999,0.9999999999999998,2.9999999999999996,0.9318846250464733,56.454205607476624,1626.713273948598
dNFEVqa-ttQ_30000,10.0,33,2,3,1.0,0.25,0.4,0.45454545454545453,0.625,0.75,0.75,0.0,0.0,0.0,0.0,2.5,1.0,1.5,0.93186523249706,57.28504672897196,1622.9105943341121
226p2fzAmcg_40000,9.99996875,33,1,4,1.0,0.7272727272727273,0.8421052631578948,0.7272727272727273,0.36363636363636365,0.2727272727272727,0.2727272727272727,0.0,0.0,0.0,0.0,4.999999999999999,0.9999999999999998,3.999999999999999,0.9318916383751807,57.11214953271029,1626.7019932827102
LfuzXpFmnDs_20000,10.0,33,1,1,1.0,0.8461538461538461,0.9166666666666666,0.8461538461538461,0.4230769230769231,0.15384615384615385,0.15384615384615385,0.0,1.0,1.0,1.0,0.0,0.0,0.0,0.9318499605816741,57.2859813084112,1622.9114705023364
f_p_f9X0OeU_30000,10.0,33,3,3,1.0,0.8787878787878788,0.9354838709677419,0.8787878787878788,0.4393939393939394,0.12121212121212122,0.12121212121212122,0.0,1.0,1.0,1.0,0.0,0.0,0.0,0.931900188678157,56.7252336448598,1622.9119085864486
Zfc2hL97mC4_10000,10.0,33,1,4,1.0,0.7575757575757576,0.8620689655172413,0.7575757575757576,0.3787878787878788,0.24242424242424243,0.24242424242424243,0.0,0.0,0.0,0.0,4.999999999999999,0.9999999999999998,3.999999999999999,0.9319113992091668,57.19532710280374,1622.9114705023364
D3yy785DD5c_80000,10.0,33,1,4,1.0,0.6363636363636364,0.7777777777777778,0.6363636363636364,0.3181818181818182,0.36363636363636365,0.36363636363636365,0.0,0.0,0.0,0.0,4.999999999999999,0.9999999999999998,3.999999999999999,0.9318826726117608,57.39158878504673,1622.9119085864486
3T1z1c3Z_Es_40000,10.0,33,3,3,1.0,0.9375,0.967741935483871,0.9393939393939394,0.9687499999999999,0.0625,0.0625,0.0,0.0,0.0,0.0,2.0,1.0,1.0,0.9318044482749431,57.72710280373832,1621.0157710280373
d8tzrX88308_30000,10.0,33,2,1,1.0,0.9696969696969697,0.9846153846153847,0.9696969696969697,0.48484848484848486,0.030303030303030304,0.030303030303030304,0.0,1.0,0.5,0.6666666666666666,0.5,0.5,0.0,0.9318551563416134,57.29345794392522,1624.8071699766356
66vJUlO53yo_20000,10.0,33,1,5,1.0,0.21212121212121213,0.35,0.21212121212121213,0.10606060606060606,0.7878787878787878,0.7878787878787878,0.0,0.0,0.0,0.0,5.999999999999999,0.9999999999999998,4.999999999999999,0.9318951160694493,56.645794392523385,1622.9110324182243
e1HvXlitvzA_40000,10.0,33,2,6,1.0,0.2903225806451613,0.45000000000000007,0.3333333333333333,0.6451612903225806,0.7096774193548387,0.7096774193548387,0.0,0.0,0.0,0.0,4.0,1.0,3.0,0.9318938282800113,57.48317757009345,1626.7123977803737
as7PUfMJ9mw_50000,10.0,33,1,3,1.0,0.7272727272727273,0.8421052631578948,0.7272727272727273,0.36363636363636365,0.2727272727272727,0.2727272727272727,0.0,0.0,0.0,0.0,3.999999999999999,0.9999999999999998,2.9999999999999996,0.9318929694928422,56.72242990654206,1626.701117114486
K4pLO017YM8_6000,9.6535,32,1,3,1.0,0.25806451612903225,0.41025641025641024,0.25806451612903225,0.12903225806451613,0.7419354838709677,0.7419354838709677,0.0,0.0,0.0,0.0,3.999999999999999,0.9999999999999998,2.9999999999999996,0.9263620240984013,57.31442307692306,1626.6876878004807
sEem3RGHZeE_140000,10.0,33,1,1,1.0,0.9615384615384616,0.9803921568627451,0.9615384615384616,0.4807692307692308,0.038461538461538464,0.038461538461538464,0.0,1.0,1.0,1.0,0.0,0.0,0.0,0.9318711490998388,55.99252336448599,1626.7028694509345
m2xsqvXD2R0_510000,10.0,33,1,2,1.0,0.42424242424242425,0.5957446808510638,0.42424242424242425,0.21212121212121213,0.5757575757575758,0.5757575757575758,0.0,0.0,0.0,0.0,2.999999999999999,0.9999999999999998,1.9999999999999996,0.9318711391118324,56.25981308411215,1621.0157710280373
hmLsTb1Q1yA_100000,10.0,33,2,4,0.9473684210526315,0.9,0.9230769230769231,0.90625,0.9083333333333333,0.15000000000000002,0.1,0.05,0.25,0.5,0.3333333333333333,2.0,0.5,1.5,0.9318638479545596,56.82897196261681,1624.8067318925234
7k09T6S3i6k_30000,10.0,33,1,6,1.0,0.7575757575757576,0.8620689655172413,0.7575757575757576,0.3787878787878788,0.24242424242424243,0.24242424242424243,0.0,0.0,0.0,0.0,6.999999999999999,0.9999999999999998,5.999999999999999,0.9318818247028091,56.47009345794393,1624.8180125584113
Zi61qKMIb-g_21000,9.02340625,30,1,3,1.0,0.35294117647058826,0.5217391304347826,0.35294117647058826,0.17647058823529413,0.6470588235294118,0.6470588235294118,0.0,0.0,0.0,0.0,3.999999999999999,0.9999999999999998,2.9999999999999996,0.920672433974219,56.94081632653061,1624.7715640943877
8u5zK2Qyk3o_10000,10.0,33,4,1,1.0,0.9696969696969697,0.9846153846153847,0.9696969696969697,0.48484848484848486,0.030303030303030304,0.030303030303030304,0.0,1.0,0.25,0.4,0.75,0.75,0.0,0.9318364716473211,56.55327102803737,1626.7019932827102
L-4pwf14HB4_17000,9.3135,31,1,5,1.0,0.4838709677419355,0.6521739130434783,0.4838709677419355,0.24193548387096775,0.5161290322580645,0.5161290322580645,0.0,0.0,0.0,0.0,5.999999999999999,0.9999999999999998,4.999999999999999,0.9211148346525317,56.84653465346535,1622.8948406559407
siqjK7Q-laE_30000,10.0,33,1,9,1.0,0.3939393939393939,0.5652173913043478,0.3939393939393939,0.19696969696969696,0.6060606060606061,0.6060606060606061,0.0,0.0,0.0,0.0,9.999999999999998,0.9999999999999998,8.999999999999998,0.9318815934469095,56.730841121495324,1622.9114705023364
huBb_QKHvN8_26000,9.085,30,1,3,1.0,0.4,0.5714285714285715,0.4,0.2,0.6,0.6,0.0,0.0,0.0,0.0,3.999999999999999,0.9999999999999998,2.9999999999999996,0.9269531753713798,57.25510204081632,1624.773477359694
GInyDWdPUrI_30000,10.0,33,1,2,1.0,0.9393939393939394,0.96875,0.9393939393939394,0.4696969696969697,0.06060606060606061,0.06060606060606061,0.0,0.0,0.0,0.0,2.999999999999999,0.9999999999999998,1.9999999999999996,0.9318814659554547,55.80841121495326,1621.0162091121495
eiNBU6sy_ro_160000,10.0,33,1,1,1.0,0.8181818181818182,0.9,0.8181818181818182,0.4090909090909091,0.18181818181818182,0.18181818181818182,0.0,1.0,1.0,1.0,0.0,0.0,0.0,0.9318745208730058,57.105607476635505,1622.9119085864486
twFYhMUMIy0_50000,10.0,33,2,2,0.967741935483871,0.967741935483871,0.967741935483871,0.9375,0.4838709677419355,0.06451612903225806,0.03225806451612903,0.03225806451612903,1.0,1.0,1.0,0.0,0.0,0.0,0.9318768915819047,56.9196261682243,1622.9114705023364
zydfHwzSgTo_40000,10.0,33,1,5,0.4444444444444444,0.6666666666666666,0.5333333333333333,0.78125,0.7371794871794872,1.1666666666666667,0.3333333333333333,0.8333333333333334,0.2,1.0,0.33333333333333337,3.999999999999999,0.0,3.999999999999999,0.9318611206729221,57.01495327102804,1622.9110324182243
_Rjutg8R_LU_6000,9.6535,32,1,3,1.0,0.84375,0.9152542372881356,0.84375,0.421875,0.15625,0.15625,0.0,0.0,0.0,0.0,3.999999999999999,0.9999999999999998,2.9999999999999996,0.9263532133712467,57.80384615384616,1624.7964242788462
xYlPB6_wNuo_30000,10.0,33,1,8,1.0,0.6666666666666666,0.8,0.6666666666666666,0.3333333333333333,0.3333333333333333,0.3333333333333333,0.0,0.0,0.0,0.0,8.999999999999998,0.9999999999999998,7.999999999999998,0.9318854585542996,57.57757009345796,1622.9223130841121
8ow0JzYKUFo_280000,10.0,33,1,3,0.7692307692307693,0.9090909090909091,0.8333333333333333,0.8518518518518519,0.8607954545454546,0.36363636363636365,0.09090909090909091,0.2727272727272727,0.3333333333333333,1.0,0.5,1.9999999999999996,0.0,1.9999999999999996,0.9318891520915196,57.00560747663551,1624.8071699766356
pmCbEUGTlAM_180000,10.0,33,1,4,1.0,0.8484848484848485,0.9180327868852458,0.8484848484848485,0.42424242424242425,0.15151515151515152,0.15151515151515152,0.0,0.0,0.0,0.0,4.999999999999999,0.9999999999999998,3.999999999999999,0.9318884869742382,57.57383177570096,1621.0153329439252
hgUizXiWQpo_250000,10.0,33,1,2,1.0,0.45454545454545453,0.625,0.45454545454545453,0.22727272727272727,0.5454545454545454,0.5454545454545454,0.0,0.0,0.0,0.0,2.999999999999999,0.9999999999999998,1.9999999999999996,0.9318856393448278,56.09065420560748,1626.7675598714952
vBG08EN2OT8_60000,10.0,33,1,9,0.09090909090909091,0.3333333333333333,0.14285714285714288,0.6129032258064516,0.48809523809523814,4.0,0.6666666666666666,3.3333333333333335,0.1111111111111111,1.0,0.19999999999999998,7.999999999999998,0.0,7.999999999999998,0.9318993229236333,57.382242990654206,1624.6653767523364
_UsNATz1sgE_30000,10.0,33,1,2,1.0,0.9393939393939394,0.96875,0.9393939393939394,0.4696969696969697,0.06060606060606061,0.06060606060606061,0.0,0.0,0.0,0.0,2.999999999999999,0.9999999999999998,1.9999999999999996,0.9318929966679634,57.199999999999974,1624.6649386682243
X2OQgjBVABQ_6000,9.9056875,32,1,3,1.0,0.59375,0.7450980392156863,0.59375,0.296875,0.40625,0.40625,0.0,0.0,0.0,0.0,3.999999999999999,0.9999999999999998,2.9999999999999996,0.9505386477802873,57.50769230769228,1626.5499173677886
fxqfZGIMeFE_24000,9.529625,31,1,5,1.0,0.6538461538461539,0.7906976744186047,0.6538461538461539,0.3269230769230769,0.34615384615384615,0.34615384615384615,0.0,0.0,0.0,0.0,5.999999999999999,0.9999999999999998,4.999999999999999,0.9424939571346496,56.93564356435643,1624.6478186881188
4Ct2WjUxrJc_30000,9.4735,31,1,1,1.0,0.05555555555555555,0.10526315789473684,0.05555555555555555,0.027777777777777776,0.9444444444444444,0.9444444444444444,0.0,0.0,0.0,0.0,1.9999999999999996,0.9999999999999998,0.9999999999999998,0.9369327607818688,57.646534653465345,1628.4277923886139
LiTpqLSu33s_50000,10.0,33,1,2,1.0,0.9090909090909091,0.9523809523809523,0.9090909090909091,0.45454545454545453,0.09090909090909091,0.09090909090909091,0.0,0.5,1.0,0.6666666666666666,0.9999999999999998,0.0,0.9999999999999998,0.931846913215536,56.92710280373831,1628.467180198598
nyY0UtEKXqE_50000,10.0,33,1,6,1.0,0.24242424242424243,0.3902439024390244,0.24242424242424243,0.12121212121212122,0.7575757575757576,0.7575757575757576,0.0,0.0,0.0,0.0,6.999999999999999,0.9999999999999998,5.999999999999999,0.9318889315887084,57.66261682242991,1626.5719188084113
8Q2MAgDItKY_360000,10.0,33,1,3,1.0,0.9393939393939394,0.96875,0.9393939393939394,0.4696969696969697,0.06060606060606061,0.06060606060606061,0.0,0.3333333333333333,1.0,0.5,1.9999999999999996,0.0,1.9999999999999996,0.931872737286576,57.27663551401868,1624.6645005841121
hH0hraGCAik_30000,10.0,33,1,3,1.0,0.5925925925925926,0.7441860465116279,0.5925925925925926,0.2962962962962963,0.4074074074074074,0.4074074074074074,0.0,0.0,0.0,0.0,3.999999999999999,0.9999999999999998,2.9999999999999996,0.9318771875359424,57.38411214953272,1628.4563376168223
EpqhsgnFy7g_0,10.00096875,33,2,2,1.0,0.9375,0.967741935483871,0.9393939393939394,0.9687499999999999,0.0625,0.0625,0.0,1.0,1.0,1.0,0.0,0.0,0.0,0.9319859189492029,56.544859813084116,1622.7692391939252
zGEh9b4DZnU_110000,10.0,33,1,1,1.0,0.9696969696969697,0.9846153846153847,0.9696969696969697,0.48484848484848486,0.030303030303030304,0.030303030303030304,0.0,1.0,1.0,1.0,0.0,0.0,0.0,0.9318549581855978,57.574766355140184,1628.4558995327102
WAsayl6LjV8_300000,10.0,33,1,4,1.0,0.6363636363636364,0.7777777777777778,0.6363636363636364,0.3181818181818182,0.36363636363636365,0.36363636363636365,0.0,0.0,0.0,0.0,4.999999999999999,0.9999999999999998,3.999999999999999,0.9318421823650671,56.45607476635514,1624.6653767523364
Yfi9a_yPdxk_11000,9.9135,32,1,3,0.7894736842105263,1.0,0.8823529411764706,0.8260869565217391,0.75,0.26666666666666666,0.0,0.26666666666666666,0.3333333333333333,1.0,0.5,1.9999999999999996,0.0,1.9999999999999996,0.9513017299103993,56.55480769230768,1624.6568509615386
Nkugm1VeQ_8_30000,10.0,33,1,8,1.0,0.6363636363636364,0.7777777777777778,0.6363636363636364,0.3181818181818182,0.36363636363636365,0.36363636363636365,0.0,0.0,0.0,0.0,8.999999999999998,0.9999999999999998,7.999999999999998,0.9318903446848696,56.26355140186916,1626.5602000584113
hlcExKLsgNM_30000,10.00059375,33,1,4,1.0,0.8787878787878788,0.9354838709677419,0.8787878787878788,0.4393939393939394,0.12121212121212122,0.12121212121212122,0.0,0.0,0.0,0.0,4.999999999999999,0.9999999999999998,3.999999999999999,0.931957615748686,56.91588785046728,1626.5606381425234
S1Lst9K0sZw_10000,10.0,33,1,7,0.9285714285714286,0.5909090909090909,0.7222222222222223,0.6,0.6287878787878788,0.4545454545454546,0.4090909090909091,0.045454545454545456,0.0,0.0,0.0,7.999999999999998,0.9999999999999998,6.999999999999998,0.9318675980232048,56.90280373831774,1626.5610762266356
z0vyfexYZ_s_25000,9.0535,30,2,1,1.0,0.14285714285714285,0.25,0.4,0.5714285714285714,0.8571428571428571,0.8571428571428571,0.0,0.0,0.0,0.0,1.5,1.0,0.5,0.9237260119665807,56.43979591836735,1624.6124043367347
oMG7nDppDXI_9000,9.50628125,31,1,3,1.0,0.8064516129032258,0.8928571428571428,0.8064516129032258,0.4032258064516129,0.1935483870967742,0.1935483870967742,0.0,0.3333333333333333,1.0,0.5,1.9999999999999996,0.0,1.9999999999999996,0.9401789667537777,57.04950495049505,1626.5389464727723
UYsQCoHjhEY_30000,10.0,33,1,1,1.0,0.9696969696969697,0.9846153846153847,0.9696969696969697,0.48484848484848486,0.030303030303030304,0.030303030303030304,0.0,1.0,1.0,1.0,0.0,0.0,0.0,0.9318891078918738,57.296261682243,1622.7692391939252
WuQMDn8NnLA_140000,10.0,33,1,3,1.0,0.8484848484848485,0.9180327868852458,0.8484848484848485,0.42424242424242425,0.15151515151515152,0.15151515151515152,0.0,0.0,0.0,0.0,3.999999999999999,0.9999999999999998,2.9999999999999996,0.9318613133726419,56.45420560747664,1628.455461448598
EKAo8LAWxvk_60000,10.00096875,33,1,8,1.0,0.5757575757575758,0.7307692307692308,0.5757575757575758,0.2878787878787879,0.42424242424242425,0.42424242424242425,0.0,0.0,0.0,0.0,8.999999999999998,0.9999999999999998,7.999999999999998,0.9319622626258159,56.35046728971961,1626.5606381425234
HKNmrYc9Rao_500000,9.99978125,33,1,3,1.0,0.9393939393939394,0.96875,0.9393939393939394,0.4696969696969697,0.06060606060606061,0.06060606060606061,0.0,0.0,0.0,0.0,3.999999999999999,0.9999999999999998,2.9999999999999996,0.9318547705496106,56.53925233644859,1624.6658148364486
2jn7-T4oifc_90000,10.0,33,2,3,1.0,0.7777777777777778,0.8750000000000001,0.8181818181818182,0.8888888888888888,0.2222222222222222,0.2222222222222222,0.0,0.3333333333333333,0.5,0.4,1.5,0.5,1.0,0.9318345670861802,57.47289719626168,1622.7692391939252
3o7ZM6B3YxU_30000,10.0,33,1,1,1.0,0.9696969696969697,0.9846153846153847,0.9696969696969697,0.48484848484848486,0.030303030303030304,0.030303030303030304,0.0,1.0,1.0,1.0,0.0,0.0,0.0,0.9319041727326968,56.36355140186915,1628.4563376168223
5ZwM_O5yTiA_160000,10.0,33,1,7,1.0,0.696969696969697,0.8214285714285715,0.696969696969697,0.3484848484848485,0.30303030303030304,0.30303030303030304,0.0,0.0,0.0,0.0,7.999999999999998,0.9999999999999998,6.999999999999998,0.9318779716052801,57.842990654205614,1624.6653767523364
iNcEhkIuJEE_0,10.0,33,2,4,1.0,0.8787878787878788,0.9354838709677419,0.8787878787878788,0.4393939393939394,0.12121212121212122,0.12121212121212122,0.0,0.25,0.5,0.3333333333333333,2.0,0.5,1.5,0.9318720679366944,56.55607476635514,1626.5602000584113
buTBsCSFMCs_30000,10.0,33,1,8,1.0,0.5151515151515151,0.6799999999999999,0.5151515151515151,0.25757575757575757,0.48484848484848486,0.48484848484848486,0.0,0.0,0.0,0.0,8.999999999999998,0.9999999999999998,7.999999999999998,0.9318631195699332,57.65794392523365,1628.455023364486
J8NXRSV7DPk_80000,10.0,33,1,7,0.9230769230769231,0.48,0.631578947368421,0.5172413793103449,0.615,0.56,0.52,0.04,0.0,0.0,0.0,7.999999999999998,0.9999999999999998,6.999999999999998,0.931871925435483,57.10186915887849,1628.4563376168223
Kalum2MqRo4_130000,10.0,33,1,4,1.0,0.5757575757575758,0.7307692307692308,0.5757575757575758,0.2878787878787879,0.42424242424242425,0.42424242424242425,0.0,0.0,0.0,0.0,4.999999999999999,0.9999999999999998,3.999999999999999,0.931882155042583,56.543925233644856,1622.7696772780373
WQWUEZtm8Jw_30000,10.0,33,1,4,1.0,0.8181818181818182,0.9,0.8181818181818182,0.4090909090909091,0.18181818181818182,0.18181818181818182,0.0,0.0,0.0,0.0,4.999999999999999,0.9999999999999998,3.999999999999999,0.9318723685682949,55.33831775700934,1626.5606381425234
a_mdhaQPQ3w_60000,10.0,33,1,5,0.10714285714285714,0.6,0.18181818181818182,0.18181818181818182,0.35357142857142854,5.4,0.4,5.0,0.2,1.0,0.33333333333333337,3.999999999999999,0.0,3.999999999999999,0.9318713717475205,56.55794392523364,1624.6653767523364
7XH99mMfQlY_30000,10.0,33,1,5,1.0,0.696969696969697,0.8214285714285715,0.696969696969697,0.3484848484848485,0.30303030303030304,0.30303030303030304,0.0,0.0,0.0,0.0,5.999999999999999,0.9999999999999998,4.999999999999999,0.9318788924572683,57.84766355140186,1624.6649386682243
QM6980cWj7Q_70000,9.99978125,33,1,3,0.9090909090909091,0.6666666666666666,0.7692307692307692,0.8181818181818182,0.8055555555555556,0.39999999999999997,0.3333333333333333,0.06666666666666667,0.0,0.0,0.0,3.999999999999999,0.9999999999999998,2.9999999999999996,0.9318668077410319,57.66448598130842,1626.5602000584113
7_cwQ5jUpfg_10000,10.0,33,1,7,1.0,0.5151515151515151,0.6799999999999999,0.5151515151515151,0.25757575757575757,0.48484848484848486,0.48484848484848486,0.0,0.0,0.0,0.0,7.999999999999998,0.9999999999999998,6.999999999999998,0.9318876288843715,58.67850467289719,1628.466742114486
5FUholzEwVo_30000,10.0,33,1,1,1.0,0.9090909090909091,0.9523809523809523,0.9090909090909091,0.45454545454545453,0.09090909090909091,0.09090909090909091,0.0,0.0,0.0,0.0,1.9999999999999996,0.9999999999999998,0.9999999999999998,0.931873694168135,56.25981308411215,1626.5606381425234
BUdnzT2ud_w_30000,10.0,33,1,3,1.0,0.18181818181818182,0.3076923076923077,0.18181818181818182,0.09090909090909091,0.8181818181818182,0.8181818181818182,0.0,0.0,0.0,0.0,3.999999999999999,0.9999999999999998,2.9999999999999996,0.9318481997532336,56.924299065420556,1626.571042640187
QQ8VXoRisuw_350000,10.0,33,1,1,1.0,0.9696969696969697,0.9846153846153847,0.9696969696969697,0.48484848484848486,0.030303030303030304,0.030303030303030304,0.0,1.0,1.0,1.0,0.0,0.0,0.0,0.9318682344711475,57.67102803738316,1628.4567757009345
QfSTaybPeVM_5000,9.7135,32,1,4,1.0,0.75,0.8571428571428571,0.75,0.375,0.25,0.25,0.0,0.0,0.0,0.0,4.999999999999999,0.9999999999999998,3.999999999999999,0.9321010504672699,56.17115384615383,1622.7642728365386
sPPZ4o_J15M_190000,10.0,33,1,5,1.0,0.4375,0.6086956521739131,0.45454545454545453,0.7187499999999999,0.5625,0.5625,0.0,0.0,0.0,0.0,5.999999999999999,0.9999999999999998,4.999999999999999,0.9318921321601951,57.94485981308411,1626.5610762266356
xLXyvisbps0_20000,10.0,33,2,7,1.0,0.7878787878787878,0.8813559322033898,0.7878787878787878,0.3939393939393939,0.21212121212121213,0.21212121212121213,0.0,0.0,0.0,0.0,4.5,1.0,3.5,0.9318879109444163,57.48037383177569,1624.6645005841121
THm-c9XQxiw_290000,10.0,33,1,6,0.5,0.8888888888888888,0.64,0.6785714285714286,0.7339181286549707,1.0,0.1111111111111111,0.8888888888888888,0.16666666666666666,1.0,0.2857142857142857,4.999999999999999,0.0,4.999999999999999,0.9318856656602028,56.920560747663544,1628.455461448598
5CuzWRfz5D8_0,9.98459375,33,1,2,1.0,0.6666666666666666,0.8,0.6666666666666666,0.3333333333333333,0.3333333333333333,0.3333333333333333,0.0,0.0,0.0,0.0,2.999999999999999,0.9999999999999998,1.9999999999999996,0.9304479495876529,55.81214953271028,1626.5606381425234
BQQzUbV1tyQ_20000,10.0,33,1,2,0.5,0.125,0.2,0.7575757575757576,0.5425,1.0,0.875,0.125,0.0,0.0,0.0,2.999999999999999,0.9999999999999998,1.9999999999999996,0.9318614714992891,57.186915887850475,1624.6653767523364
nBZaKSaTxzk_6000,9.9935,33,1,1,1.0,0.90625,0.9508196721311475,0.90625,0.453125,0.09375,0.09375,0.0,0.0,0.0,0.0,1.9999999999999996,0.9999999999999998,0.9999999999999998,0.9312564912799783,56.91495327102803,1624.6649386682243
CY8fgEjV9v0_0,10.0,33,1,3,1.0,0.25,0.4,0.2727272727272727,0.6249999999999999,0.75,0.75,0.0,0.0,0.0,0.0,3.999999999999999,0.9999999999999998,2.9999999999999996,0.9318544610571873,57.29345794392523,1626.5615143107477
3oefh4d24h4_0,10.0,33,1,3,1.0,0.9090909090909091,0.9523809523809523,0.9090909090909091,0.45454545454545453,0.09090909090909091,0.09090909090909091,0.0,0.0,0.0,0.0,3.999999999999999,0.9999999999999998,2.9999999999999996,0.9318744715492869,57.47570093457944,1622.7705534462616
kJZuUK8shus_30000,10.0,33,1,6,1.0,0.8484848484848485,0.9180327868852458,0.8484848484848485,0.42424242424242425,0.15151515151515152,0.15151515151515152,0.0,0.16666666666666666,1.0,0.2857142857142857,4.999999999999999,0.0,4.999999999999999,0.9318663342888751,58.04579439252334,1622.7696772780373
2Pq9c0tFt1g_30000,10.0,33,1,3,1.0,0.9090909090909091,0.9523809523809523,0.9090909090909091,0.45454545454545453,0.09090909090909091,0.09090909090909091,0.0,0.0,0.0,0.0,3.999999999999999,0.9999999999999998,2.9999999999999996,0.9319003818995325,57.19345794392523,1628.4558995327102
BHKlvDEechU_20000,10.0,33,1,3,1.0,0.8787878787878788,0.9354838709677419,0.8787878787878788,0.4393939393939394,0.12121212121212122,0.12121212121212122,0.0,0.0,0.0,0.0,3.999999999999999,0.9999999999999998,2.9999999999999996,0.9319094170395246,56.82803738317758,1626.5714807242991
E7UqRCbeqio_110000,10.0,33,1,2,1.0,0.9393939393939394,0.96875,0.9393939393939394,0.4696969696969697,0.06060606060606061,0.06060606060606061,0.0,0.5,1.0,0.6666666666666666,0.9999999999999998,0.0,0.9999999999999998,0.9318968558747905,57.285981308411216,1628.467180198598
zrWuUrzPYr8_18000,10.0,33,1,1,1.0,0.9696969696969697,0.9846153846153847,0.9696969696969697,0.48484848484848486,0.030303030303030304,0.030303030303030304,0.0,1.0,1.0,1.0,0.0,0.0,0.0,0.9318551144096019,56.45140186915888,1624.6649386682243
HaKaWdQA2lE_1000,9.07746875,30,1,5,1.0,0.8333333333333334,0.9090909090909091,0.8333333333333334,0.4166666666666667,0.16666666666666666,0.16666666666666666,0.0,0.0,0.0,0.0,5.999999999999999,0.9999999999999998,4.999999999999999,0.9261885768776372,56.340816326530614,1626.5264269770407
XQxdQBggiPA_250000,9.99934375,33,1,1,1.0,0.9696969696969697,0.9846153846153847,0.9696969696969697,0.48484848484848486,0.030303030303030304,0.030303030303030304,0.0,1.0,1.0,1.0,0.0,0.0,0.0,0.931780729619345,55.79719626168225,1628.4676182827102
36BBy7JAp68_22000,9.300375,31,1,2,0.8888888888888888,0.8,0.8421052631578948,0.896551724137931,0.8736842105263158,0.30000000000000004,0.2,0.1,0.5,1.0,0.6666666666666666,0.9999999999999998,0.0,0.9999999999999998,0.9198429123652971,56.437623762376234,1624.659073329208
dA68H-_i3R0_40000,10.0,33,1,5,1.0,0.5454545454545454,0.7058823529411764,0.5454545454545454,0.2727272727272727,0.45454545454545453,0.45454545454545453,0.0,0.0,0.0,0.0,5.999999999999999,0.9999999999999998,4.999999999999999,0.9318732499826885,56.64485981308412,1628.4558995327102
e1_wbMvQ9Ug_30000,10.0,33,1,1,1.0,0.06896551724137931,0.12903225806451613,0.18181818181818182,0.5344827586206896,0.9310344827586207,0.9310344827586207,0.0,0.0,0.0,0.0,1.9999999999999996,0.9999999999999998,0.9999999999999998,0.9318715664430174,57.5803738317757,1626.5615143107477
zcrTMfIXLBw_18000,9.32990625,31,1,3,1.0,0.7894736842105263,0.8823529411764706,0.7894736842105263,0.39473684210526316,0.21052631578947367,0.21052631578947367,0.0,0.0,0.0,0.0,3.999999999999999,0.9999999999999998,2.9999999999999996,0.9227763139569881,55.87524752475248,1622.758083230198
H6GMg3Qn5ZM_8000,9.6535,32,1,8,1.0,0.28125,0.43902439024390244,0.28125,0.140625,0.71875,0.71875,0.0,0.0,0.0,0.0,8.999999999999998,0.9999999999999998,7.999999999999998,0.9263734746897192,56.35288461538461,1628.4429462139424
g4n4_16-MQA_0,6.71059375,22,1,4,1.0,0.8181818181818182,0.9,0.8181818181818182,0.4090909090909091,0.18181818181818182,0.18181818181818182,0.0,0.25,1.0,0.4,2.9999999999999996,0.0,2.9999999999999996,0.9165615863173747,55.712328767123296,1624.5349957191781
EHr2Bjr155s_40000,10.0,33,2,1,1.0,0.9696969696969697,0.9846153846153847,0.9696969696969697,0.48484848484848486,0.030303030303030304,0.030303030303030304,0.0,1.0,0.5,0.6666666666666666,0.5,0.5,0.0,0.9318968558849005,56.74112149532709,1624.6649386682243
kE45FZIxn1o_9000,9.0535,30,2,5,0.8888888888888888,0.7272727272727273,0.7999999999999999,0.7333333333333333,0.7386363636363636,0.36363636363636365,0.2727272727272727,0.09090909090909091,0.0,0.0,0.0,3.5,1.0,2.5,0.9237150782603758,56.66734693877551,1626.530293367347
5xKYPgCaSoI_20000,10.0,33,1,3,1.0,0.8461538461538461,0.9166666666666666,0.8461538461538461,0.4230769230769231,0.15384615384615385,0.15384615384615385,0.0,0.0,0.0,0.0,3.999999999999999,0.9999999999999998,2.9999999999999996,0.9318795287285584,56.82242990654204,1624.6688449182243
W8R9fj3e0Jk_0,10.0,33,1,2,1.0,0.9393939393939394,0.96875,0.9393939393939394,0.4696969696969697,0.06060606060606061,0.06060606060606061,0.0,0.0,0.0,0.0,2.999999999999999,0.9999999999999998,1.9999999999999996,0.9318683257274029,56.72710280373831,1626.5649824766356
fWmuZL59GP0_40000,10.0,33,1,1,1.0,0.9696969696969697,0.9846153846153847,0.9696969696969697,0.48484848484848486,0.030303030303030304,0.030303030303030304,0.0,1.0,1.0,1.0,0.0,0.0,0.0,0.9318900605306377,56.54112149532711,1622.7735835280373
Xy33HXzHAJs_10000,10.0,33,1,6,0.9090909090909091,0.8,0.8510638297872342,0.78125,0.7571428571428571,0.28,0.2,0.08,0.0,0.0,0.0,6.999999999999999,0.9999999999999998,5.999999999999999,0.931902426207217,56.08224299065419,1626.5649824766356
hEvPSejVbmY_360000,10.0,33,1,3,0.75,0.9,0.8181818181818182,0.7575757575757576,0.7192307692307692,0.4,0.1,0.3,0.3333333333333333,1.0,0.5,1.9999999999999996,0.0,1.9999999999999996,0.9318764829078507,56.55233644859813,1624.6688449182243
lQiC83cGYWQ_25000,9.3535,31,1,3,1.0,0.13333333333333333,0.23529411764705882,0.13333333333333333,0.06666666666666667,0.8666666666666667,0.8666666666666667,0.0,0.0,0.0,0.0,3.999999999999999,0.9999999999999998,2.9999999999999996,0.9250820186417591,55.753465346534654,1626.5414990717823
IA7HA1NMPGg_40000,10.0008125,33,1,3,1.0,0.7878787878787878,0.8813559322033898,0.7878787878787878,0.3939393939393939,0.21212121212121213,0.21212121212121213,0.0,0.0,0.0,0.0,3.999999999999999,0.9999999999999998,2.9999999999999996,0.9319620231826489,57.20467289719626,1628.4602438668223
AGoWSs94hQc_30000,10.0,33,1,2,1.0,0.9393939393939394,0.96875,0.9393939393939394,0.4696969696969697,0.06060606060606061,0.06060606060606061,0.0,0.0,0.0,0.0,2.999999999999999,0.9999999999999998,1.9999999999999996,0.9318792194891589,56.364485981308405,1622.7740216121495
iFEJ1bu8g9M_30000,10.0,33,1,4,0.5,0.42857142857142855,0.4615384615384615,0.65,0.5989010989010989,1.0,0.5714285714285714,0.42857142857142855,0.0,0.0,0.0,4.999999999999999,0.9999999999999998,3.999999999999999,0.9318784733686977,55.982242990654214,1624.6697210864486
n7PpZ3QPNrA_30000,10.0,33,2,9,0.875,0.5384615384615384,0.6666666666666667,0.5625,0.6025641025641025,0.5384615384615385,0.46153846153846156,0.07692307692307693,0.1111111111111111,0.5,0.1818181818181818,4.5,0.5,4.0,0.9318902964007784,57.11121495327102,1622.7832213785048
mcA_nVdrI0A_70000,10.0,33,1,8,0.25,0.3333333333333333,0.28571428571428575,0.53125,0.47101449275362317,1.6666666666666665,0.6666666666666666,1.0,0.0,0.0,0.0,8.999999999999998,0.9999999999999998,7.999999999999998,0.9318639771698605,58.31682242990654,1626.8102000584113
yurEuCNPXn4_30000,10.0,33,1,8,1.0,0.7878787878787878,0.8813559322033898,0.7878787878787878,0.3939393939393939,0.21212121212121213,0.21212121212121213,0.0,0.0,0.0,0.0,8.999999999999998,0.9999999999999998,7.999999999999998,0.9318765679281995,57.386915887850456,1628.716742114486
Bdw1KK2PKh8_30000,10.0,33,2,3,0.6666666666666666,0.75,0.7058823529411765,0.7916666666666666,0.78125,0.625,0.25,0.375,0.6666666666666666,1.0,0.8,0.5,0.0,0.5,0.9318806643402109,56.91214953271027,1628.7063376168223
ZWmXgdnE3ig_240000,10.0,33,1,3,1.0,0.8181818181818182,0.9,0.8181818181818182,0.4090909090909091,0.18181818181818182,0.18181818181818182,0.0,0.0,0.0,0.0,3.999999999999999,0.9999999999999998,2.9999999999999996,0.9318911790622567,57.77476635514017,1624.9145005841121
1XhQDGJC2EU_420000,10.0,33,1,3,1.0,0.9090909090909091,0.9523809523809523,0.9090909090909091,0.45454545454545453,0.09090909090909091,0.09090909090909091,0.0,0.0,0.0,0.0,3.999999999999999,0.9999999999999998,2.9999999999999996,0.9319015199075248,56.928037383177575,1628.7058995327102
G25ceVGnGuU_10000,10.0,33,1,1,1.0,0.9696969696969697,0.9846153846153847,0.9696969696969697,0.48484848484848486,0.030303030303030304,0.030303030303030304,0.0,1.0,1.0,1.0,0.0,0.0,0.0,0.9318768787328028,56.35887850467288,1624.9145005841121
IYM-o_oECrU_10000,10.0,33,1,1,1.0,0.9696969696969697,0.9846153846153847,0.9696969696969697,0.48484848484848486,0.030303030303030304,0.030303030303030304,0.0,1.0,1.0,1.0,0.0,0.0,0.0,0.9318861169746742,56.552336448598126,1628.705461448598
M89o1Gxr-dY_3000,10.0,33,1,4,1.0,0.16666666666666666,0.2857142857142857,0.24242424242424243,0.5833333333333334,0.8333333333333334,0.8333333333333334,0.0,0.0,0.0,0.0,4.999999999999999,0.9999999999999998,3.999999999999999,0.931894876375352,56.271962616822414,1626.8110762266356
BA1sXNwGq7M_30000,10.0,33,1,5,1.0,0.7272727272727273,0.8421052631578948,0.7272727272727273,0.36363636363636365,0.2727272727272727,0.2727272727272727,0.0,0.0,0.0,0.0,5.999999999999999,0.9999999999999998,4.999999999999999,0.9318753760676602,56.9177570093458,1623.0196772780373
JOqyG7wzigY_15000,9.8735,32,1,2,1.0,0.9375,0.967741935483871,0.9375,0.46875,0.0625,0.0625,0.0,0.5,1.0,0.6666666666666666,0.9999999999999998,0.0,0.9999999999999998,0.9474760521913806,56.267307692307696,1626.8003680889424
R4tXqNFRXdw_10000,10.0,33,1,5,1.0,0.7878787878787878,0.8813559322033898,0.7878787878787878,0.3939393939393939,0.21212121212121213,0.21212121212121213,0.0,0.2,1.0,0.33333333333333337,3.999999999999999,0.0,3.999999999999999,0.9318710495837191,56.46168224299064,1623.0192391939252
vi5I9NDrDGM_30000,10.0,33,1,7,1.0,0.36363636363636365,0.5333333333333333,0.36363636363636365,0.18181818181818182,0.6363636363636364,0.6363636363636364,0.0,0.0,0.0,0.0,7.999999999999998,0.9999999999999998,6.999999999999998,0.9318658354904172,57.203738317757,1628.7063376168223
nGono3etPsU_20000,10.0,33,1,1,1.0,0.9696969696969697,0.9846153846153847,0.9696969696969697,0.48484848484848486,0.030303030303030304,0.030303030303030304,0.0,1.0,1.0,1.0,0.0,0.0,0.0,0.9318867880835995,57.38504672897195,1624.9266574182243
EBSOm3ZGnls_0,10.0,33,1,5,1.0,0.7878787878787878,0.8813559322033898,0.7878787878787878,0.3939393939393939,0.21212121212121213,0.21212121212121213,0.0,0.0,0.0,0.0,5.999999999999999,0.9999999999999998,4.999999999999999,0.9318876416528924,58.412149532710295,1624.9158148364486
S6oggwc35is_0,10.0,33,1,4,1.0,0.4,0.5714285714285715,0.5,0.7,0.6,0.6,0.0,0.0,0.0,0.0,4.999999999999999,0.9999999999999998,3.999999999999999,0.9319040930150783,57.19065420560747,1623.0196772780373
feFJuNFY6Dw_30000,10.0,33,1,1,1.0,0.9696969696969697,0.9846153846153847,0.9696969696969697,0.48484848484848486,0.030303030303030304,0.030303030303030304,0.0,1.0,1.0,1.0,0.0,0.0,0.0,0.9318855639775214,57.28130841121495,1626.8106381425234
vVqUvv1SSu8_30000,10.0,33,1,4,1.0,0.7272727272727273,0.8421052631578948,0.7272727272727273,0.36363636363636365,0.2727272727272727,0.2727272727272727,0.0,0.0,0.0,0.0,4.999999999999999,0.9999999999999998,3.999999999999999,0.9318893063252658,56.736448598130835,1624.9149386682243
RAxD5JMXCnE_50000,10.0,33,1,10,1.0,0.48484848484848486,0.653061224489796,0.48484848484848486,0.24242424242424243,0.5151515151515151,0.5151515151515151,0.0,0.0,0.0,0.0,10.999999999999998,0.9999999999999998,9.999999999999998,0.9318809653311917,55.62616822429907,1626.8759126752336
EA33eNV3TsM_350000,10.0,33,1,1,1.0,0.9696969696969697,0.9846153846153847,0.9696969696969697,0.48484848484848486,0.030303030303030304,0.030303030303030304,0.0,1.0,1.0,1.0,0.0,0.0,0.0,0.9318766870679177,57.67383177570094,1630.4637120327102
n5CNDVuGtK0_80000,10.0,33,1,6,0.8260869565217391,0.7916666666666666,0.8085106382978724,0.7096774193548387,0.6101190476190476,0.375,0.20833333333333334,0.16666666666666666,0.0,0.0,0.0,6.999999999999999,0.9999999999999998,5.999999999999999,0.9318898288460421,56.73551401869158,1626.6727511682243
4x5QJMNn7Ok_30000,10.0,33,1,6,1.0,0.6666666666666666,0.8,0.6666666666666666,0.3333333333333333,0.3333333333333333,0.3333333333333333,0.0,0.0,0.0,0.0,6.999999999999999,0.9999999999999998,5.999999999999999,0.9318680476824773,56.44953271028039,1628.5684506425234
FVnYbYOd5cc_30000,10.0,33,1,8,1.0,0.45454545454545453,0.625,0.45454545454545453,0.22727272727272727,0.5454545454545454,0.5454545454545454,0.0,0.0,0.0,0.0,8.999999999999998,0.9999999999999998,7.999999999999998,0.9318752362545393,56.08878504672896,1626.6731892523364
TEy6U03WIQg_10000,10.0,33,2,7,1.0,0.7575757575757576,0.8620689655172413,0.7575757575757576,0.3787878787878788,0.24242424242424243,0.24242424242424243,0.0,0.0,0.0,0.0,4.5,1.0,3.5,0.9318588568463844,56.75327102803737,1626.6731892523364
Fc9uqHOuyBQ_1000,10.0,33,1,2,1.0,1.0,1.0,1.0,0.5,0.0,0.0,0.0,0.5,1.0,0.6666666666666666,0.9999999999999998,0.0,0.9999999999999998,0.931837649013711,56.64392523364485,1626.6731892523364
wZTfCOkUAh4_17000,9.44753125,31,1,5,1.0,0.4838709677419355,0.6521739130434783,0.4838709677419355,0.24193548387096775,0.5161290322580645,0.5161290322580645,0.0,0.0,0.0,0.0,5.999999999999999,0.9999999999999998,4.999999999999999,0.9343949063452152,56.74752475247523,1626.6556311881188
OOfihZzHtcs_30000,10.0,33,1,1,1.0,0.9696969696969697,0.9846153846153847,0.9696969696969697,0.48484848484848486,0.030303030303030304,0.030303030303030304,0.0,1.0,1.0,1.0,0.0,0.0,0.0,0.9319069706224918,56.36915887850467,1630.463273948598
5UBA5w2Nb20_29000,9.9335,33,1,2,0.6,0.75,0.6666666666666665,0.8695652173913043,0.8223684210526316,0.75,0.25,0.5,0.5,1.0,0.6666666666666666,0.9999999999999998,0.0,0.9999999999999998,0.9256742959254308,57.01682242990653,1628.5680125584113
ZLEZm1gcO_0_30000,10.0,33,1,1,1.0,0.9696969696969697,0.9846153846153847,0.9696969696969697,0.48484848484848486,0.030303030303030304,0.030303030303030304,0.0,1.0,1.0,1.0,0.0,0.0,0.0,0.9318772285196522,56.45607476635512,1628.5680125584113
oxFvQfBMJm4_9000,9.3335,31,1,1,1.0,0.5666666666666667,0.7234042553191489,0.5666666666666667,0.2833333333333333,0.43333333333333335,0.43333333333333335,0.0,1.0,1.0,1.0,0.0,0.0,0.0,0.9230937677681514,56.45643564356435,1628.546333539604
7lAs7IWYbsY_11000,9.4535,31,2,6,1.0,0.45161290322580644,0.6222222222222222,0.45161290322580644,0.22580645161290322,0.5483870967741935,0.5483870967741935,0.0,0.0,0.0,0.0,4.0,1.0,3.0,0.9349731140428731,56.53366336633664,1626.6556311881188
nuq4VZHVGDY_30000,10.0,33,1,4,1.0,0.8484848484848485,0.9180327868852458,0.8484848484848485,0.42424242424242425,0.15151515151515152,0.15151515151515152,0.0,0.25,1.0,0.4,2.9999999999999996,0.0,2.9999999999999996,0.9318650227718508,56.44766355140186,1630.4637120327102
2Iy5umNshug_60000,10.0,33,1,1,1.0,0.34782608695652173,0.5161290322580645,0.5454545454545454,0.6739130434782609,0.6521739130434783,0.6521739130434783,0.0,0.0,0.0,0.0,1.9999999999999996,0.9999999999999998,0.9999999999999998,0.9318909903536455,56.5411214953271,1628.5797313084113
KvoVUZQ9520_20000,10.0,33,3,2,1.0,0.72,0.8372093023255813,0.7878787878787878,0.86,0.28,0.28,0.0,1.0,0.6666666666666666,0.8,0.3333333333333333,0.3333333333333333,0.0,0.9319000945343263,56.837383177570096,1626.6727511682243
d5B0q1J7wP4_0,10.0,33,1,3,1.0,0.8181818181818182,0.9,0.8181818181818182,0.4090909090909091,0.18181818181818182,0.18181818181818182,0.0,0.3333333333333333,1.0,0.5,1.9999999999999996,0.0,1.9999999999999996,0.9318850487404541,57.026168224299056,1630.463273948598
pTJYOdjuvDQ_30000,10.0,33,1,3,1.0,0.8484848484848485,0.9180327868852458,0.8484848484848485,0.42424242424242425,0.15151515151515152,0.15151515151515152,0.0,0.0,0.0,0.0,3.999999999999999,0.9999999999999998,2.9999999999999996,0.9318806525221766,57.005607476635504,1628.5680125584113
TZPHqJ9SAeI_30000,10.0,33,1,5,0.625,0.45454545454545453,0.5263157894736842,0.6086956521739131,0.6022727272727273,0.8181818181818181,0.5454545454545454,0.2727272727272727,0.0,0.0,0.0,5.999999999999999,0.9999999999999998,4.999999999999999,0.9318845631251113,58.1233644859813,1630.4641501168223
NKxlTzNnPzo_10000,10.0,33,1,4,1.0,0.5151515151515151,0.6799999999999999,0.5151515151515151,0.25757575757575757,0.48484848484848486,0.48484848484848486,0.0,0.0,0.0,0.0,4.999999999999999,0.9999999999999998,3.999999999999999,0.9318610082192982,56.258878504672886,1626.6840318341121
91Ai-_WcYDg_30000,10.0,33,1,4,0.8421052631578947,0.7619047619047619,0.8,0.7575757575757576,0.7559523809523809,0.38095238095238093,0.23809523809523808,0.14285714285714285,0.0,0.0,0.0,4.999999999999999,0.9999999999999998,3.999999999999999,0.9318768398215594,56.73644859813082,1628.5688887266356
DWXQ_cSUW98_30000,10.0,33,1,3,0.84375,1.0,0.9152542372881356,0.84375,0.5,0.18518518518518517,0.0,0.18518518518518517,0.3333333333333333,1.0,0.5,1.9999999999999996,0.0,1.9999999999999996,0.9318657938910483,56.55607476635514,1626.68359375
KlRGLudTo4E_0,9.0,30,1,1,1.0,0.8,0.888888888888889,0.8,0.4,0.2,0.2,0.0,1.0,1.0,1.0,0.0,0.0,0.0,0.9182868891753105,56.55714285714285,1630.4214365433672
xw80QEmSrhY_0,5.4535,18,1,1,1.0,0.9444444444444444,0.9714285714285714,0.9444444444444444,0.4722222222222222,0.05555555555555555,0.05555555555555555,0.0,1.0,1.0,1.0,0.0,0.0,0.0,0.8968142504388769,54.08688524590164,1626.3642418032787
vMD8HeOqsqU_30000,10.0,33,3,5,1.0,0.7878787878787878,0.8813559322033898,0.7878787878787878,0.3939393939393939,0.21212121212121213,0.21212121212121213,0.0,0.4,0.6666666666666666,0.5,1.3333333333333333,0.3333333333333333,1.0,0.931907523736042,56.45887850467289,1626.6766574182243
4iWXpUNpXtw_410000,10.0,33,2,2,1.0,0.9393939393939394,0.96875,0.9393939393939394,0.4696969696969697,0.06060606060606061,0.06060606060606061,0.0,0.5,0.5,0.5,1.0,0.5,0.5,0.9319068863750726,56.45327102803739,1628.5723568925234
xCcAhEw577g_40000,10.0,33,1,4,1.0,0.8787878787878788,0.9354838709677419,0.8787878787878788,0.4393939393939394,0.12121212121212122,0.12121212121212122,0.0,0.0,0.0,0.0,4.999999999999999,0.9999999999999998,3.999999999999999,0.9318774062842603,56.63925233644861,1626.6770955023364
JLiMTvMwu8Q_20000,10.0,33,1,4,1.0,0.75,0.8571428571428571,0.8484848484848485,0.875,0.25,0.25,0.0,0.0,0.0,0.0,4.999999999999999,0.9999999999999998,3.999999999999999,0.9318882040343018,57.01401869158877,1626.6766574182243
fd6d4maifOQ_0,10.0,33,1,1,1.0,0.9393939393939394,0.96875,0.9393939393939394,0.4696969696969697,0.06060606060606061,0.06060606060606061,0.0,1.0,1.0,1.0,0.0,0.0,0.0,0.931879503808641,57.10747663551402,1628.5723568925234
XgMG6Frhkw4_30000,10.0,33,1,3,0.375,0.9,0.5294117647058825,0.5151515151515151,0.6239130434782609,1.6,0.1,1.5,0.0,0.0,0.0,3.999999999999999,0.9999999999999998,2.9999999999999996,0.9318799008391909,57.103738317757,1626.6770955023364
vSsV4FF1i-M_30000,10.0,33,1,4,1.0,0.8484848484848485,0.9180327868852458,0.8484848484848485,0.42424242424242425,0.15151515151515152,0.15151515151515152,0.0,0.0,0.0,0.0,4.999999999999999,0.9999999999999998,3.999999999999999,0.9319035755939767,56.64205607476637,1626.6766574182243
fbFFBO5rDaY_160000,10.0,33,1,3,1.0,0.8787878787878788,0.9354838709677419,0.8787878787878788,0.4393939393939394,0.12121212121212122,0.12121212121212122,0.0,0.0,0.0,0.0,3.999999999999999,0.9999999999999998,2.9999999999999996,0.9318977521060647,57.94392523364486,1628.5719188084113
BHtukWoETTs_30000,10.0,33,1,3,1.0,0.9393939393939394,0.96875,0.9393939393939394,0.4696969696969697,0.06060606060606061,0.06060606060606061,0.0,0.0,0.0,0.0,3.999999999999999,0.9999999999999998,2.9999999999999996,0.9318614487436866,56.534579439252326,1628.5723568925234
S5AG_62DS1w_22000,9.8135,32,1,3,1.0,0.6875,0.8148148148148148,0.6875,0.34375,0.3125,0.3125,0.0,0.3333333333333333,1.0,0.5,1.9999999999999996,0.0,1.9999999999999996,0.9416915994235961,57.415384615384625,1628.5733548677886
AUngoGOk1_Y_7000,9.64871875,32,1,2,1.0,0.9375,0.967741935483871,0.9375,0.46875,0.0625,0.0625,0.0,0.5,1.0,0.6666666666666666,0.9999999999999998,0.0,0.9999999999999998,0.925898854751057,56.06730769230769,1626.6690579927886
V1YSQl_VkAk_19000,9.7935,32,1,3,1.0,0.625,0.7692307692307693,0.625,0.3125,0.375,0.375,0.0,0.0,0.0,0.0,3.999999999999999,0.9999999999999998,2.9999999999999996,0.9397733377330352,57.1298076923077,1626.6681189903845
N_GeH99AiVY_30000,10.0,33,1,1,1.0,0.9696969696969697,0.9846153846153847,0.9696969696969697,0.48484848484848486,0.030303030303030304,0.030303030303030304,0.0,1.0,1.0,1.0,0.0,0.0,0.0,0.931886186539134,57.00560747663552,1630.466742114486
VpQgLide8VA_60000,10.0,33,1,2,1.0,0.9393939393939394,0.96875,0.9393939393939394,0.4696969696969697,0.06060606060606061,0.06060606060606061,0.0,0.0,0.0,0.0,2.999999999999999,0.9999999999999998,1.9999999999999996,0.9318246662250115,57.195327102803724,1630.4680563668223
M5u3gVo4hVs_250000,10.0,33,1,4,1.0,0.48484848484848486,0.653061224489796,0.48484848484848486,0.24242424242424243,0.5151515151515151,0.5151515151515151,0.0,0.0,0.0,0.0,4.999999999999999,0.9999999999999998,3.999999999999999,0.931874454272339,56.927102803738315,1626.6883761682243
s0iddDFzL9s_30000,10.0,33,1,6,1.0,0.7575757575757576,0.8620689655172413,0.7575757575757576,0.3787878787878788,0.24242424242424243,0.24242424242424243,0.0,0.0,0.0,0.0,6.999999999999999,0.9999999999999998,5.999999999999999,0.9318942616170193,57.29999999999998,1626.6768034462616
WMzIkDBk9Bw_30000,10.0,33,1,4,1.0,0.8484848484848485,0.9180327868852458,0.8484848484848485,0.42424242424242425,0.15151515151515152,0.15151515151515152,0.0,0.0,0.0,0.0,4.999999999999999,0.9999999999999998,3.999999999999999,0.9318653580532171,57.77009345794392,1628.5758250584113
Y1qoE4r1Gf8_40000,10.0,33,1,7,0.6190476190476191,0.8666666666666667,0.7222222222222222,0.6428571428571429,0.6256410256410256,0.6666666666666666,0.13333333333333333,0.5333333333333333,0.14285714285714285,1.0,0.25,5.999999999999999,0.0,5.999999999999999,0.931856453759138,56.8233644859813,1628.5753869742991
ZNISbjG3FvI_460000,9.99996875,33,1,3,0.5454545454545454,0.8571428571428571,0.6666666666666665,0.8125,0.8285714285714285,0.8571428571428572,0.14285714285714285,0.7142857142857143,0.3333333333333333,1.0,0.5,1.9999999999999996,0.0,1.9999999999999996,0.931853854924089,57.031775700934574,1630.4724007009345
RlPNRLrElQA_0,8.0,26,1,1,1.0,0.76,0.8636363636363636,0.7692307692307693,0.8799999999999999,0.24,0.24,0.0,1.0,1.0,1.0,0.0,0.0,0.0,0.9344872442346942,55.41279069767442,1624.6929051598838
am_R3Emf8Uk_30000,10.0,33,1,5,1.0,0.6666666666666666,0.8,0.6666666666666666,0.3333333333333333,0.3333333333333333,0.3333333333333333,0.0,0.0,0.0,0.0,5.999999999999999,0.9999999999999998,4.999999999999999,0.9318922888111645,57.76448598130841,1628.5767012266356
ASuRqDLAzK0_22000,9.2135,30,1,5,1.0,0.43333333333333335,0.6046511627906976,0.43333333333333335,0.21666666666666667,0.5666666666666667,0.5666666666666667,0.0,0.0,0.0,0.0,5.999999999999999,0.9999999999999998,4.999999999999999,0.9400684451916314,55.939795918367324,1626.6553332270407
9nHvOkL0Y-I_30000,10.0,33,1,3,1.0,0.9090909090909091,0.9523809523809523,0.9090909090909091,0.45454545454545453,0.09090909090909091,0.09090909090909091,0.0,0.0,0.0,0.0,3.999999999999999,0.9999999999999998,2.9999999999999996,0.9318628345730273,57.396261682242994,1626.6801255841121
oGpwBgexxyU_120000,10.0,33,2,3,0.7,0.5833333333333334,0.6363636363636365,0.7333333333333333,0.7083333333333334,0.6666666666666667,0.4166666666666667,0.25,0.3333333333333333,0.5,0.4,1.5,0.5,1.0,0.9318360462689483,57.67570093457945,1630.470648364486
HWJDsydgYF4_25000,9.0535,30,1,2,1.0,0.09090909090909091,0.16666666666666669,0.25925925925925924,0.5454545454545454,0.9090909090909091,0.9090909090909091,0.0,0.0,0.0,0.0,2.999999999999999,0.9999999999999998,1.9999999999999996,0.9237300266509075,56.24489795918368,1630.4287707270407
Hx_PxvAjCvA_30000,10.0,33,1,0,,0.0,,0.0,0.0,1.0,1.0,0.0,,0.0,,0.9999999999999998,0.9999999999999998,0.0,0.9318690339824968,57.485046728971966,1630.4819290303737
BUtJuWgAJWY_10000,10.0,33,1,1,1.0,0.9696969696969697,0.9846153846153847,0.9696969696969697,0.48484848484848486,0.030303030303030304,0.030303030303030304,0.0,1.0,1.0,1.0,0.0,0.0,0.0,0.9318716372184243,56.73925233644859,1630.4715245327102
m-1qBGoFWEA_10000,9.99978125,33,1,3,1.0,0.9090909090909091,0.9523809523809523,0.9090909090909091,0.45454545454545453,0.09090909090909091,0.09090909090909091,0.0,0.0,0.0,0.0,3.999999999999999,0.9999999999999998,2.9999999999999996,0.9318726875831914,56.81214953271028,1628.5875438084113
C8Ne4NNA_CA_10000,10.0,33,1,3,1.0,0.3939393939393939,0.5652173913043478,0.3939393939393939,0.19696969696969696,0.6060606060606061,0.6060606060606061,0.0,0.0,0.0,0.0,3.999999999999999,0.9999999999999998,2.9999999999999996,0.931835286399245,56.743925233644866,1626.6801255841121
DpVhbWSjLwI_30000,10.0004375,33,1,4,0.6470588235294118,0.9166666666666666,0.7586206896551724,0.7878787878787878,0.8154761904761905,0.5833333333333334,0.08333333333333333,0.5,0.25,1.0,0.4,2.9999999999999996,0.0,2.9999999999999996,0.9319140805814876,56.72710280373832,1630.4719626168223
mU84rzsBS5A_30000,9.99996875,33,1,1,1.0,0.9696969696969697,0.9846153846153847,0.9696969696969697,0.48484848484848486,0.030303030303030304,0.030303030303030304,0.0,1.0,1.0,1.0,0.0,0.0,0.0,0.9318507795718254,56.64579439252334,1624.7857403621495
uM1QkCMyv9g_30000,9.0135,30,2,3,1.0,0.8,0.888888888888889,0.8,0.4,0.2,0.2,0.0,0.3333333333333333,0.5,0.4,1.5,0.5,1.0,0.919645938515565,57.17244897959181,1626.6548150510205
OaoEyjfCPak_0,10.0,33,2,6,1.0,0.5151515151515151,0.6799999999999999,0.5151515151515151,0.25757575757575757,0.48484848484848486,0.48484848484848486,0.0,0.0,0.0,0.0,4.0,1.0,3.0,0.9318812136112391,57.48504672897196,1628.5762631425234
7GoQ8HaVAnA_30000,10.00090625,33,1,1,1.0,0.9696969696969697,0.9846153846153847,0.9696969696969697,0.48484848484848486,0.030303030303030304,0.030303030303030304,0.0,1.0,1.0,1.0,0.0,0.0,0.0,0.9319535733710561,57.10093457943925,1628.5753869742991
eB_FuM_Kt54_550000,10.0,33,1,3,1.0,0.9393939393939394,0.96875,0.9393939393939394,0.4696969696969697,0.06060606060606061,0.06060606060606061,0.0,0.3333333333333333,1.0,0.5,1.9999999999999996,0.0,1.9999999999999996,0.9318582485649224,57.470093457943925,1630.4724007009345
Uxe-6s7__wA_30000,10.0,33,1,1,1.0,0.9696969696969697,0.9846153846153847,0.9696969696969697,0.48484848484848486,0.030303030303030304,0.030303030303030304,0.0,1.0,1.0,1.0,0.0,0.0,0.0,0.9318827476449837,56.63925233644858,1624.7853022780373
CGGPnnIM7Uo_10000,10.0,33,1,1,1.0,0.75,0.8571428571428571,0.9393939393939394,0.875,0.25,0.25,0.0,1.0,1.0,1.0,0.0,0.0,0.0,0.9318542464946385,57.00186915887851,1628.5758250584113
yZ9Yd57Ks3s_30000,10.0,33,2,6,0.6666666666666666,0.7692307692307693,0.7142857142857142,0.7575757575757576,0.7596153846153846,0.6153846153846154,0.23076923076923078,0.38461538461538464,0.3333333333333333,1.0,0.5,2.0,0.0,2.0,0.9318918197076347,56.54112149532711,1628.5762631425234
5CzMFiYRTE8_70000,9.6935,32,1,3,1.0,0.7272727272727273,0.8421052631578948,0.7272727272727273,0.36363636363636365,0.2727272727272727,0.2727272727272727,0.0,0.3333333333333333,1.0,0.5,1.9999999999999996,0.0,1.9999999999999996,0.9301804581854441,57.31442307692308,1628.575908954327
AFWWqUOShj8_30000,10.0,33,6,4,0.8571428571428571,0.9,0.8780487804878048,0.8484848484848485,0.8346153846153846,0.25,0.1,0.15,0.5,0.3333333333333333,0.4,1.0,0.6666666666666666,0.3333333333333333,0.9318761030763464,56.45700934579438,1630.4724007009345
oRp4TTfgMag_10000,10.0,33,1,2,1.0,0.9285714285714286,0.962962962962963,0.9393939393939394,0.9642857142857143,0.07142857142857142,0.07142857142857142,0.0,0.5,1.0,0.6666666666666666,0.9999999999999998,0.0,0.9999999999999998,0.9318832150207513,56.73364485981309,1624.7853022780373
diiFL4xtqhM_20000,10.0,33,1,2,0.8571428571428571,1.0,0.923076923076923,0.8695652173913043,0.7,0.16666666666666666,0.0,0.16666666666666666,0.5,1.0,0.6666666666666666,0.9999999999999998,0.0,0.9999999999999998,0.9318555092459391,55.88598130841122,1628.5762631425234
JTnBaQjwJiA_30000,10.0,33,1,3,1.0,0.9090909090909091,0.9523809523809523,0.9090909090909091,0.45454545454545453,0.09090909090909091,0.09090909090909091,0.0,0.0,0.0,0.0,3.999999999999999,0.9999999999999998,2.9999999999999996,0.9319151595686082,56.173831775700904,1626.6805636682243
EqdTkIAhiwk_9000,9.0135,30,1,4,1.0,0.7333333333333333,0.846153846153846,0.7333333333333333,0.36666666666666664,0.26666666666666666,0.26666666666666666,0.0,0.25,1.0,0.4,2.9999999999999996,0.0,2.9999999999999996,0.9196742096456146,57.272448979591836,1628.543008609694
phWVfoFL5yw_30000,10.0,33,2,3,0.896551724137931,0.9629629629629629,0.9285714285714286,0.8787878787878788,0.7314814814814814,0.14814814814814814,0.037037037037037035,0.1111111111111111,0.6666666666666666,1.0,0.8,0.5,0.0,0.5,0.9319059021584802,57.114018691588804,1624.7857403621495
HBW2mqqOhT0_10000,10.00003125,33,1,1,1.0,0.95,0.9743589743589743,0.9696969696969697,0.975,0.05,0.05,0.0,1.0,1.0,1.0,0.0,0.0,0.0,0.9318904624403518,57.11869158878505,1626.6805636682243
m1Xn9aqW1z8_580000,10.0,33,1,4,1.0,0.7878787878787878,0.8813559322033898,0.7878787878787878,0.3939393939393939,0.21212121212121213,0.21212121212121213,0.0,0.0,0.0,0.0,4.999999999999999,0.9999999999999998,3.999999999999999,0.9318773635617089,56.81308411214954,1628.5762631425234
u--KhUW8l1Y_0,10.0,33,2,0,,0.0,,0.28125,0.5,1.0,1.0,0.0,,0.0,,1.0,1.0,0.0,0.9318692578523903,58.04205607476635,1626.6814398364486
lcPncrCG4HE_30000,10.0,33,1,3,0.3333333333333333,0.07692307692307693,0.125,0.5757575757575758,0.4884615384615385,1.076923076923077,0.9230769230769231,0.15384615384615385,0.0,0.0,0.0,3.999999999999999,0.9999999999999998,2.9999999999999996,0.9318877398684074,56.54859813084113,1624.7853022780373
7OHaAtO_x_8_30000,10.0,33,1,6,1.0,0.6363636363636364,0.7777777777777778,0.6363636363636364,0.3181818181818182,0.36363636363636365,0.36363636363636365,0.0,0.0,0.0,0.0,6.999999999999999,0.9999999999999998,5.999999999999999,0.9318950239283911,57.57850467289718,1628.5758250584113
V7IM5ELcf-c_30000,10.0,33,1,2,0.75,0.75,0.75,0.9393939393939394,0.8577586206896552,0.5,0.25,0.25,0.5,1.0,0.6666666666666666,0.9999999999999998,0.0,0.9999999999999998,0.9318665942777117,55.99439252336449,1628.5771393107477
INumArYA05Q_90000,10.0,33,1,3,1.0,0.8787878787878788,0.9354838709677419,0.8787878787878788,0.4393939393939394,0.12121212121212122,0.12121212121212122,0.0,0.3333333333333333,1.0,0.5,1.9999999999999996,0.0,1.9999999999999996,0.9318635795463299,57.65887850467287,1624.7853022780373
aCXtGRnsLEI_21000,9.0930625,30,1,8,1.0,0.5333333333333333,0.6956521739130436,0.5333333333333333,0.26666666666666666,0.4666666666666667,0.4666666666666667,0.0,0.0,0.0,0.0,8.999999999999998,0.9999999999999998,7.999999999999998,0.9277397599229863,57.461224489795924,1628.542012117347
FPYr6ehHm08_22000,9.69525,32,1,4,0.625,0.45454545454545453,0.5263157894736842,0.71875,0.6558441558441558,0.8181818181818181,0.5454545454545454,0.2727272727272727,0.0,0.0,0.0,4.999999999999999,0.9999999999999998,3.999999999999999,0.9303528211107708,56.834615384615375,1626.6724759615386
JYXGX1E4B2o_10000,10.0,33,1,1,1.0,0.9696969696969697,0.9846153846153847,0.9696969696969697,0.48484848484848486,0.030303030303030304,0.030303030303030304,0.0,1.0,1.0,1.0,0.0,0.0,0.0,0.931887717455251,57.11588785046728,1630.4715245327102
IsgMzf4UNsc_0,10.0,33,1,2,1.0,0.8484848484848485,0.9180327868852458,0.8484848484848485,0.42424242424242425,0.15151515151515152,0.15151515151515152,0.0,0.0,0.0,0.0,2.999999999999999,0.9999999999999998,1.9999999999999996,0.9318960691754408,57.19813084112148,1626.6805636682243
rEk-QQvRr9M_30000,10.0,33,1,3,1.0,0.7878787878787878,0.8813559322033898,0.7878787878787878,0.3939393939393939,0.21212121212121213,0.21212121212121213,0.0,0.3333333333333333,1.0,0.5,1.9999999999999996,0.0,1.9999999999999996,0.931899458396711,57.46822429906542,1628.5767012266356
Is_9mjLACtI_100000,10.0,33,1,1,1.0,0.9696969696969697,0.9846153846153847,0.9696969696969697,0.48484848484848486,0.030303030303030304,0.030303030303030304,0.0,1.0,1.0,1.0,0.0,0.0,0.0,0.931857439428074,57.014953271028034,1624.7857403621495
hMSiZUibHfA_30000,9.9998125,33,1,2,1.0,0.9090909090909091,0.9523809523809523,0.9090909090909091,0.45454545454545453,0.09090909090909091,0.09090909090909091,0.0,0.0,0.0,0.0,2.999999999999999,0.9999999999999998,1.9999999999999996,0.931823982067915,55.810280373831766,1626.6814398364486
hmh0rL3iNjY_100000,10.00003125,33,1,1,1.0,0.9696969696969697,0.9846153846153847,0.9696969696969697,0.48484848484848486,0.030303030303030304,0.030303030303030304,0.0,1.0,1.0,1.0,0.0,0.0,0.0,0.931909227665661,56.73364485981307,1624.7853022780373
RQqhMzWrdtY_0,10.000625,33,1,4,1.0,0.7878787878787878,0.8813559322033898,0.7878787878787878,0.3939393939393939,0.21212121212121213,0.21212121212121213,0.0,0.0,0.0,0.0,4.999999999999999,0.9999999999999998,3.999999999999999,0.9319477679016112,56.28224299065422,1628.5767012266356
faidugZ8Lh0_60000,10.0,33,1,5,1.0,0.8181818181818182,0.9,0.8181818181818182,0.4090909090909091,0.18181818181818182,0.18181818181818182,0.0,0.0,0.0,0.0,5.999999999999999,0.9999999999999998,4.999999999999999,0.9318974472827019,57.203738317756994,1626.6810017523364
ob21uvxITMI_0,8.9135,29,1,6,1.0,0.48148148148148145,0.65,0.5172413793103449,0.7407407407407407,0.5185185185185185,0.5185185185185185,0.0,0.0,0.0,0.0,6.999999999999999,0.9999999999999998,5.999999999999999,0.9391576673106811,56.455789473684206,1626.581990131579
KhKlmGOUOB0_0,10.0,33,1,7,1.0,0.5625,0.72,0.5757575757575758,0.7812499999999999,0.4375,0.4375,0.0,0.0,0.0,0.0,7.999999999999998,0.9999999999999998,6.999999999999998,0.9318885643336275,56.728037383177565,1628.5753869742991
g7-irDAyGZA_20000,9.1875,30,1,1,1.0,0.9333333333333333,0.9655172413793104,0.9333333333333333,0.4666666666666667,0.06666666666666667,0.06666666666666667,0.0,1.0,1.0,1.0,0.0,0.0,0.0,0.9374153184053153,57.048979591836726,1630.438815369898
xPdM9NZO2nI_0,2.6135,9,1,3,1.0,0.3333333333333333,0.5,0.3333333333333333,0.16666666666666666,0.6666666666666666,0.6666666666666666,0.0,0.0,0.0,0.0,3.999999999999999,0.9999999999999998,2.9999999999999996,0.7941294849273315,50.74545454545455,1627.9963304924242
2lG6qE6mVcU_9000,9.9475,33,1,3,1.0,0.3125,0.47619047619047616,0.3125,0.15625,0.6875,0.6875,0.0,0.0,0.0,0.0,3.999999999999999,0.9999999999999998,2.9999999999999996,0.926996245099855,57.00654205607476,1628.8227949766356
yUX1Xl8DYdU_30000,10.0,33,2,3,1.0,0.875,0.9333333333333333,0.8787878787878788,0.9374999999999999,0.125,0.125,0.0,0.3333333333333333,0.5,0.4,1.5,0.5,1.0,0.9318864800626497,56.73831775700933,1625.0313960280373
0ojTL4MmXjQ_1000,10.0,33,1,4,1.0,0.696969696969697,0.8214285714285715,0.696969696969697,0.3484848484848485,0.30303030303030304,0.30303030303030304,0.0,0.0,0.0,0.0,4.999999999999999,0.9999999999999998,3.999999999999999,0.9318862272607845,57.753271028037375,1628.8219188084113
Ap122kei0BI_5000,9.4660625,31,1,4,1.0,0.4,0.5714285714285715,0.5161290322580645,0.7,0.6,0.6,0.0,0.0,0.0,0.0,4.999999999999999,0.9999999999999998,3.999999999999999,0.9362092666530683,55.84950495049506,1628.8002011138615
0I6Mlp27_gM_30000,10.000625,33,1,3,1.0,0.8787878787878788,0.9354838709677419,0.8787878787878788,0.4393939393939394,0.12121212121212122,0.12121212121212122,0.0,0.0,0.0,0.0,3.999999999999999,0.9999999999999998,2.9999999999999996,0.9319215841174966,55.79626168224299,1630.7293370327102
6YORfRIpRr4_0,10.0,33,2,4,0.8947368421052632,0.85,0.8717948717948718,0.7916666666666666,0.675,0.25,0.15,0.1,0.5,1.0,0.6666666666666666,1.0,0.0,1.0,0.9318926060560769,57.47476635514019,1626.9379380841121
28ehZa0fzmo_28000,9.5466875,31,2,5,1.0,0.8275862068965517,0.9056603773584906,0.8333333333333334,0.9137931034482758,0.1724137931034483,0.1724137931034483,0.0,0.0,0.0,0.0,3.5,1.0,2.5,0.9442121973128473,56.65148514851484,1628.8002011138615
4Vq6WDtxTt4_30000,10.0,33,1,3,1.0,0.5454545454545454,0.7058823529411764,0.5454545454545454,0.2727272727272727,0.45454545454545453,0.45454545454545453,0.0,0.0,0.0,0.0,3.999999999999999,0.9999999999999998,2.9999999999999996,0.9318506765320317,56.92056074766355,1628.8331994742991
QZKH9-7cpq8_470000,10.0,33,1,2,0.7777777777777778,0.875,0.823529411764706,0.9032258064516129,0.8940217391304348,0.375,0.125,0.25,0.5,1.0,0.6666666666666666,0.9999999999999998,0.0,0.9999999999999998,0.9318533277737984,57.667289719626154,1628.8223568925234
ZvcqyRbXyls_30000,10.0,33,1,6,1.0,0.7575757575757576,0.8620689655172413,0.7575757575757576,0.3787878787878788,0.24242424242424243,0.24242424242424243,0.0,0.0,0.0,0.0,6.999999999999999,0.9999999999999998,5.999999999999999,0.9318485804414597,57.66168224299066,1626.9270955023364
LNQ7fzfdLiY_150000,10.0,33,1,2,1.0,0.9393939393939394,0.96875,0.9393939393939394,0.4696969696969697,0.06060606060606061,0.06060606060606061,0.0,0.0,0.0,0.0,2.999999999999999,0.9999999999999998,1.9999999999999996,0.9318692479554078,56.45700934579439,1626.9270955023364
Wxiwqieqy2Y_30000,10.0,33,3,4,1.0,0.45454545454545453,0.625,0.45454545454545453,0.22727272727272727,0.5454545454545454,0.5454545454545454,0.0,0.0,0.0,0.0,2.333333333333333,1.0,1.3333333333333333,0.9319001579236948,56.37196261682242,1628.8214807242991
qkvIEmIRP4g_30000,10.0,33,1,2,1.0,0.9393939393939394,0.96875,0.9393939393939394,0.4696969696969697,0.06060606060606061,0.06060606060606061,0.0,0.0,0.0,0.0,2.999999999999999,0.9999999999999998,1.9999999999999996,0.9318519100184967,56.833644859813084,1630.7176182827102
FhaxyhtVfCA_11000,9.0620625,30,1,1,1.0,0.9666666666666667,0.983050847457627,0.9666666666666667,0.48333333333333334,0.03333333333333333,0.03333333333333333,0.0,1.0,1.0,1.0,0.0,0.0,0.0,0.9246406749406669,57.36020408163265,1626.901387117347
iE8pSulXDuc_90000,10.0,33,1,3,1.0,0.20689655172413793,0.34285714285714286,0.20689655172413793,0.10344827586206896,0.7931034482758621,0.7931034482758621,0.0,0.0,0.0,0.0,3.999999999999999,0.9999999999999998,2.9999999999999996,0.931845960402158,57.661682242990636,1628.8223568925234
FgiGqzj8Hkk_30000,10.0,33,2,4,1.0,0.7878787878787878,0.8813559322033898,0.7878787878787878,0.3939393939393939,0.21212121212121213,0.21212121212121213,0.0,0.25,0.5,0.3333333333333333,2.0,0.5,1.5,0.9318820721138926,57.00841121495328,1626.9275335864486
l7Wo_s7HFIY_190000,10.0,33,1,2,0.5555555555555556,0.8333333333333334,0.6666666666666667,0.8484848484848485,0.8425925925925926,0.8333333333333333,0.16666666666666666,0.6666666666666666,0.5,1.0,0.6666666666666666,0.9999999999999998,0.0,0.9999999999999998,0.9319003850336178,57.66542056074766,1625.0309579439252
sHfT0t3vgTg_30000,10.0,33,1,7,0.625,0.7142857142857143,0.6666666666666666,0.6774193548387096,0.680672268907563,0.7142857142857142,0.2857142857142857,0.42857142857142855,0.0,0.0,0.0,7.999999999999998,0.9999999999999998,6.999999999999998,0.9319098689937216,57.11028037383178,1630.7184944509345
g_DBLppDZAs_30000,10.0,33,1,4,1.0,0.6451612903225806,0.7843137254901961,0.6666666666666666,0.8225806451612903,0.3548387096774194,0.3548387096774194,0.0,0.0,0.0,0.0,4.999999999999999,0.9999999999999998,3.999999999999999,0.9319146575938086,57.300934579439236,1625.0309579439252
Ia6C4k0o2hc_20000,9.99975,33,2,1,1.0,0.9696969696969697,0.9846153846153847,0.9696969696969697,0.48484848484848486,0.030303030303030304,0.030303030303030304,0.0,1.0,0.5,0.6666666666666666,0.5,0.5,0.0,0.9318483184503626,56.92056074766355,1630.7176182827102
5VElNpaNPoo_0,10.0,33,1,4,0.7333333333333333,0.8461538461538461,0.7857142857142856,0.7777777777777778,0.7802197802197802,0.46153846153846156,0.15384615384615385,0.3076923076923077,0.0,0.0,0.0,4.999999999999999,0.9999999999999998,3.999999999999999,0.9318708218107704,57.10467289719627,1628.8331994742991
IzKed528MCk_70000,10.0,33,2,2,0.7727272727272727,0.9444444444444444,0.85,0.8181818181818182,0.8055555555555556,0.33333333333333337,0.05555555555555555,0.2777777777777778,0.5,0.5,0.5,1.0,0.5,0.5,0.9319028500083751,56.6485981308411,1628.8219188084113
N-6HKjQwPTo_30000,10.0,33,2,1,1.0,0.8333333333333334,0.9090909090909091,0.9166666666666666,0.9166666666666667,0.16666666666666666,0.16666666666666666,0.0,1.0,0.5,0.6666666666666666,0.5,0.5,0.0,0.9318661679822263,57.565420560747654,1628.8227949766356
uX7mY7Y27ao_20000,9.25715625,30,1,1,1.0,0.7142857142857143,0.8333333333333333,0.8333333333333334,0.8571428571428572,0.2857142857142857,0.2857142857142857,0.0,1.0,1.0,1.0,0.0,0.0,0.0,0.9445258899306379,57.06632653061225,1625.014668367347
_N0mOq6lEuo_0,10.0,33,1,6,0.38461538461538464,0.9090909090909091,0.5405405405405405,0.46875,0.5735930735930735,1.5454545454545454,0.09090909090909091,1.4545454545454546,0.0,0.0,0.0,6.999999999999999,0.9999999999999998,5.999999999999999,0.9319022304676056,57.38878504672897,1626.9270955023364
m-2-HsrBkak_30000,10.0,33,1,1,1.0,0.9696969696969697,0.9846153846153847,0.9696969696969697,0.48484848484848486,0.030303030303030304,0.030303030303030304,0.0,1.0,1.0,1.0,0.0,0.0,0.0,0.9318738577782665,57.299065420560744,1626.9275335864486
q4Z8j3IalYs_100000,10.0,33,1,6,1.0,0.2727272727272727,0.42857142857142855,0.2727272727272727,0.13636363636363635,0.7272727272727273,0.7272727272727273,0.0,0.0,0.0,0.0,6.999999999999999,0.9999999999999998,5.999999999999999,0.9318637005124843,56.741121495327086,1625.0318341121495
DK_6C29B2zs_14000,9.4135,31,1,3,0.875,0.9545454545454546,0.9130434782608695,0.8518518518518519,0.6772727272727272,0.18181818181818182,0.045454545454545456,0.13636363636363635,0.3333333333333333,1.0,0.5,1.9999999999999996,0.0,1.9999999999999996,0.9309907204591062,56.36336633663366,1626.9100015470297
cWskti2sCCM_30000,10.0,33,1,3,1.0,0.46153846153846156,0.631578947368421,0.7878787878787878,0.7307692307692308,0.5384615384615384,0.5384615384615384,0.0,0.0,0.0,0.0,3.999999999999999,0.9999999999999998,2.9999999999999996,0.9318801552854745,57.47476635514018,1628.8214807242991
DJXQV_oKyjE_30000,10.0,33,2,1,1.0,0.9696969696969697,0.9846153846153847,0.9696969696969697,0.48484848484848486,0.030303030303030304,0.030303030303030304,0.0,1.0,0.5,0.6666666666666666,0.5,0.5,0.0,0.9318782000792775,56.54392523364486,1630.7184944509345
2zwNVAyInxs_15000,9.055875,30,1,4,1.0,0.3793103448275862,0.5499999999999999,0.3793103448275862,0.1896551724137931,0.6206896551724138,0.6206896551724138,0.0,0.0,0.0,0.0,4.999999999999999,0.9999999999999998,3.999999999999999,0.9239544917966402,57.57244897959184,1625.014668367347
9P6-DKN1XLA_320000,10.0,33,1,5,1.0,0.26666666666666666,0.4210526315789474,0.3333333333333333,0.6333333333333333,0.7333333333333333,0.7333333333333333,0.0,0.0,0.0,0.0,5.999999999999999,0.9999999999999998,4.999999999999999,0.9318925170394378,56.64299065420562,1626.9275335864486
GbIuxmaiCOk_122000,10.0,33,2,2,1.0,0.9090909090909091,0.9523809523809523,0.9090909090909091,0.45454545454545453,0.09090909090909091,0.09090909090909091,0.0,0.0,0.0,0.0,2.0,1.0,1.0,0.9318501100209561,56.547663551401854,1625.0318341121495
L5ohzqF0ZHQ_20000,10.0,33,2,6,0.55,0.8461538461538461,0.6666666666666667,0.6666666666666666,0.698076923076923,0.8461538461538461,0.15384615384615385,0.6923076923076923,0.3333333333333333,1.0,0.5,2.0,0.0,2.0,0.9318749690528774,56.82803738317756,1626.9270955023364
4A5lud7-cJo_21000,10.0,33,1,2,1.0,0.14285714285714285,0.25,0.14285714285714285,0.07142857142857142,0.8571428571428571,0.8571428571428571,0.0,0.0,0.0,0.0,2.999999999999999,0.9999999999999998,1.9999999999999996,0.9318346754495775,56.09345794392523,1626.9266574182243
8rICricPhh8_30000,10.0,33,1,8,0.6666666666666666,0.5,0.5714285714285715,0.6363636363636364,0.6323529411764706,0.75,0.5,0.25,0.0,0.0,0.0,8.999999999999998,0.9999999999999998,7.999999999999998,0.9318779704730199,56.62056074766355,1628.8219188084113
pNrnDUg0dng_30000,10.0006875,33,1,3,1.0,0.9393939393939394,0.96875,0.9393939393939394,0.4696969696969697,0.06060606060606061,0.06060606060606061,0.0,0.0,0.0,0.0,3.999999999999999,0.9999999999999998,2.9999999999999996,0.9319474918103732,56.4504672897196,1628.8232330607477
EaTdesZG5PY_260000,10.0,33,1,5,0.9333333333333333,0.875,0.9032258064516129,0.8571428571428571,0.8375,0.1875,0.125,0.0625,0.0,0.0,0.0,5.999999999999999,0.9999999999999998,4.999999999999999,0.9319029946017066,57.475700934579436,1625.0408878504672
ZANp2W2q0XA_30000,10.0,33,2,3,1.0,0.26666666666666666,0.4210526315789474,0.3333333333333333,0.6333333333333333,0.7333333333333333,0.7333333333333333,0.0,0.0,0.0,0.0,2.5,1.0,1.5,0.9319036726805278,57.67850467289719,1627.1688449182243
qhyrLOJ7LcQ_440000,9.98965625,33,1,4,1.0,0.8484848484848485,0.9180327868852458,0.8484848484848485,0.42424242424242425,0.15151515151515152,0.15151515151515152,0.0,0.0,0.0,0.0,4.999999999999999,0.9999999999999998,3.999999999999999,0.9308948046121212,56.36542056074765,1629.0649824766356
vfUgQTKgKDI_30000,10.0,33,1,3,0.7142857142857143,0.8333333333333334,0.7692307692307692,0.8181818181818182,0.8214285714285714,0.5,0.16666666666666666,0.3333333333333333,0.3333333333333333,1.0,0.5,1.9999999999999996,0.0,1.9999999999999996,0.9319046951993745,56.362616822429914,1627.1684068341121
Q_yoAT1Z3Yw_22000,10.0,33,2,6,1.0,0.5151515151515151,0.6799999999999999,0.5151515151515151,0.25757575757575757,0.48484848484848486,0.48484848484848486,0.0,0.0,0.0,0.0,4.0,1.0,3.0,0.9318818204466885,57.48130841121495,1630.9602438668223
m1GaYAKcH9g_50000,10.0,33,2,2,0.9090909090909091,0.7692307692307693,0.8333333333333333,0.7142857142857143,0.38461538461538464,0.3076923076923077,0.23076923076923078,0.07692307692307693,1.0,1.0,1.0,0.0,0.0,0.0,0.9318929707060172,57.27663551401868,1627.1805636682243
j0CcOZJLBDg_20000,10.0,33,1,2,1.0,0.9090909090909091,0.9523809523809523,0.9090909090909091,0.45454545454545453,0.09090909090909091,0.09090909090909091,0.0,0.5,1.0,0.6666666666666666,0.9999999999999998,0.0,0.9999999999999998,0.9318662186192637,57.28598130841121,1627.1692830023364
hGtkafUpJAk_190000,10.0,33,1,4,1.0,0.8787878787878788,0.9354838709677419,0.8787878787878788,0.4393939393939394,0.12121212121212122,0.12121212121212122,0.0,0.0,0.0,0.0,4.999999999999999,0.9999999999999998,3.999999999999999,0.9318825320988904,56.73551401869159,1627.1688449182243
84b7NrzJWiI_420000,10.0,33,1,2,1.0,0.8,0.888888888888889,0.8181818181818182,0.8999999999999999,0.2,0.2,0.0,0.5,1.0,0.6666666666666666,0.9999999999999998,0.0,0.9999999999999998,0.9318620635497096,56.35700934579441,1629.0641063084113
XYLDjkXAuec_380000,9.99965625,33,2,1,1.0,0.9696969696969697,0.9846153846153847,0.9696969696969697,0.48484848484848486,0.030303030303030304,0.030303030303030304,0.0,1.0,0.5,0.6666666666666666,0.5,0.5,0.0,0.931862081872113,56.62897196261683,1629.0645443925234
CTWtiwntfgw_30000,10.0,33,2,4,1.0,0.36363636363636365,0.5333333333333333,0.36363636363636365,0.18181818181818182,0.6363636363636364,0.6363636363636364,0.0,0.0,0.0,0.0,3.0,1.0,2.0,0.9318806078077514,57.105607476635505,1627.1684068341121
wxCduHF0GKI_0,10.0,33,1,7,1.0,0.42424242424242425,0.5957446808510638,0.42424242424242425,0.21212121212121213,0.5757575757575758,0.5757575757575758,0.0,0.0,0.0,0.0,7.999999999999998,0.9999999999999998,6.999999999999998,0.931883472147885,56.81401869158877,1630.959367698598
xZ8hQliZqhg_320000,10.0,33,1,5,1.0,0.3333333333333333,0.5,0.3333333333333333,0.16666666666666666,0.6666666666666666,0.6666666666666666,0.0,0.0,0.0,0.0,5.999999999999999,0.9999999999999998,4.999999999999999,0.9318669518712731,56.83271028037382,1629.0641063084113
AAyqgdDOUYA_20000,10.0,33,1,8,1.0,0.6363636363636364,0.7777777777777778,0.6363636363636364,0.3181818181818182,0.36363636363636365,0.36363636363636365,0.0,0.0,0.0,0.0,8.999999999999998,0.9999999999999998,7.999999999999998,0.9318783142758802,56.63644859813083,1630.9602438668223
MEUcv-QM0cQ_30000,10.0,33,1,6,1.0,0.7878787878787878,0.8813559322033898,0.7878787878787878,0.3939393939393939,0.21212121212121213,0.21212121212121213,0.0,0.0,0.0,0.0,6.999999999999999,0.9999999999999998,5.999999999999999,0.9319039293134496,57.569158878504645,1625.2731454439252
aOqleVQCmwI_30000,10.0,33,1,5,1.0,0.8484848484848485,0.9180327868852458,0.8484848484848485,0.42424242424242425,0.15151515151515152,0.15151515151515152,0.0,0.0,0.0,0.0,5.999999999999999,0.9999999999999998,4.999999999999999,0.9318749936288325,57.392523364485974,1630.9602438668223
xqILXIFBZfQ_30000,10.0,33,2,2,1.0,0.9230769230769231,0.9600000000000001,0.9411764705882353,0.9615384615384616,0.07692307692307693,0.07692307692307693,0.0,1.0,1.0,1.0,0.0,0.0,0.0,0.9318336205349967,56.5429906542056,1625.2731454439252
cHm1cYBAXMI_30000,10.0,33,1,1,1.0,0.9166666666666666,0.9565217391304348,0.9166666666666666,0.4583333333333333,0.08333333333333333,0.08333333333333333,0.0,1.0,1.0,1.0,0.0,0.0,0.0,0.9319040546272838,56.649532710280354,1630.9598057827102
F6oEu35qy_A_25000,9.7935,32,1,7,1.0,0.40625,0.5777777777777777,0.40625,0.203125,0.59375,0.59375,0.0,0.0,0.0,0.0,7.999999999999998,0.9999999999999998,6.999999999999998,0.9397912460423,57.13173076923075,1629.0650540865386
B9Sd9ubebhY_30000,10.0,33,3,2,1.0,0.15,0.2608695652173913,0.48484848484848486,0.575,0.85,0.85,0.0,0.0,0.0,0.0,1.6666666666666665,1.0,0.6666666666666666,0.93186779680126,56.63551401869159,1629.074948890187
9-8P2AsfmzU_30000,10.0,33,1,3,0.6666666666666666,0.2,0.30769230769230765,0.4,0.5,0.9,0.8,0.1,0.0,0.0,0.0,3.999999999999999,0.9999999999999998,2.9999999999999996,0.9319114732056659,56.27850467289718,1630.9606819509345
_z5KQY02rYI_2000,9.0759375,30,1,2,1.0,0.9333333333333333,0.9655172413793104,0.9333333333333333,0.4666666666666667,0.06666666666666667,0.06666666666666667,0.0,0.0,0.0,0.0,2.999999999999999,0.9999999999999998,1.9999999999999996,0.9260214658551191,56.152040816326526,1627.155293367347
Q6CqAFnP2Fg_10000,9.99978125,33,1,1,1.0,0.9696969696969697,0.9846153846153847,0.9696969696969697,0.48484848484848486,0.030303030303030304,0.030303030303030304,0.0,1.0,1.0,1.0,0.0,0.0,0.0,0.9318341750382031,56.73551401869159,1627.1692830023364
rpgEtXAoF0o_60000,10.0,33,1,4,0.0,0.0,0.0,0.12121212121212122,0.11764705882352941,1.8125,1.0,0.8125,0.0,0.0,0.0,4.999999999999999,0.9999999999999998,3.999999999999999,0.9319008895913024,57.76261682242991,1627.1697210864486
wlh0rZfrclI_30000,10.0,33,2,4,1.0,0.8787878787878788,0.9354838709677419,0.8787878787878788,0.4393939393939394,0.12121212121212122,0.12121212121212122,0.0,0.25,0.5,0.3333333333333333,2.0,0.5,1.5,0.9318390015149005,57.94299065420562,1625.2731454439252
NDovY5OEt2o_30000,10.000625,33,3,2,1.0,0.9090909090909091,0.9523809523809523,0.9090909090909091,0.45454545454545453,0.09090909090909091,0.09090909090909091,0.0,0.0,0.0,0.0,1.6666666666666665,1.0,0.6666666666666666,0.9319671663343129,56.92336448598131,1630.9598057827102
c7YGJfuV_2Q_140000,9.99975,33,2,3,1.0,0.7878787878787878,0.8813559322033898,0.7878787878787878,0.3939393939393939,0.21212121212121213,0.21212121212121213,0.0,0.3333333333333333,0.5,0.4,1.5,0.5,1.0,0.9318834599136658,56.54579439252336,1629.0645443925234
oL_LsXoZSKE_30000,10.0,33,1,1,1.0,0.9696969696969697,0.9846153846153847,0.9696969696969697,0.48484848484848486,0.030303030303030304,0.030303030303030304,0.0,1.0,1.0,1.0,0.0,0.0,0.0,0.9318803332129515,56.91962616822429,1627.1684068341121
A-IzSI1ysmc_30000,10.0,33,1,1,1.0,0.9696969696969697,0.9846153846153847,0.9696969696969697,0.48484848484848486,0.030303030303030304,0.030303030303030304,0.0,1.0,1.0,1.0,0.0,0.0,0.0,0.9318438159524405,56.55140186915885,1630.959367698598
4arad6my08E_25000,9.17978125,30,2,4,1.0,0.72,0.8372093023255813,0.75,0.86,0.28,0.28,0.0,0.25,0.5,0.3333333333333333,2.0,0.5,1.5,0.9366344275488148,56.96122448979591,1628.971340880102
9ezA12O_aOE_170000,10.0,33,1,2,1.0,0.8484848484848485,0.9180327868852458,0.8484848484848485,0.42424242424242425,0.15151515151515152,0.15151515151515152,0.0,0.5,1.0,0.6666666666666666,0.9999999999999998,0.0,0.9999999999999998,0.9318520097933599,57.758878504672886,1629.0654205607477
2-h8MRSRvEg_30000,10.0,33,1,3,1.0,0.12121212121212122,0.21621621621621626,0.12121212121212122,0.06060606060606061,0.8787878787878788,0.8787878787878788,0.0,0.0,0.0,0.0,3.999999999999999,0.9999999999999998,2.9999999999999996,0.9318572686260874,57.75327102803737,1625.2735835280373
2pHfgh_G1yo_10000,10.0,33,1,2,1.0,0.696969696969697,0.8214285714285715,0.696969696969697,0.3484848484848485,0.30303030303030304,0.30303030303030304,0.0,0.5,1.0,0.6666666666666666,0.9999999999999998,0.0,0.9999999999999998,0.9318620679775047,56.80467289719626,1629.0654205607477
PIJlDJhWEEg_70000,9.99996875,33,3,4,1.0,0.5151515151515151,0.6799999999999999,0.5151515151515151,0.25757575757575757,0.48484848484848486,0.48484848484848486,0.0,0.0,0.0,0.0,2.333333333333333,1.0,1.3333333333333333,0.9318731089055781,56.64766355140186,1625.2740216121495
B22gKoTyOfM_30000,10.0,33,1,8,0.6666666666666666,0.4,0.5,0.4482758620689655,0.4777777777777778,0.8,0.6,0.2,0.0,0.0,0.0,8.999999999999998,0.9999999999999998,7.999999999999998,0.9318779342710221,56.532710280373834,1627.1684068341121
KhxVbkznUNI_30000,10.0,33,1,9,1.0,0.6666666666666666,0.8,0.6666666666666666,0.3333333333333333,0.3333333333333333,0.3333333333333333,0.0,0.0,0.0,0.0,9.999999999999998,0.9999999999999998,8.999999999999998,0.9318718752426363,57.01214953271027,1630.9602438668223
oPR7tUEUptk_30000,10.0,33,1,3,1.0,0.8484848484848485,0.9180327868852458,0.8484848484848485,0.42424242424242425,0.15151515151515152,0.15151515151515152,0.0,0.0,0.0,0.0,3.999999999999999,0.9999999999999998,2.9999999999999996,0.9318671039241863,57.37943925233643,1625.2740216121495
fTcSVQJ2h8g_50000,10.0,33,1,1,1.0,0.75,0.8571428571428571,0.9696969696969697,0.875,0.25,0.25,0.0,1.0,1.0,1.0,0.0,0.0,0.0,0.9318935212856077,55.6336448598131,1629.0641063084113
jERLlKLpDmA_0,10.0,33,2,1,1.0,0.6,0.7499999999999999,0.7777777777777778,0.8,0.4,0.4,0.0,1.0,0.5,0.6666666666666666,0.5,0.5,0.0,0.9319069606236073,56.28504672897198,1629.0641063084113
CIiA39U8UTw_30000,10.00025,33,5,5,1.0,0.30303030303030304,0.4651162790697675,0.30303030303030304,0.15151515151515152,0.696969696969697,0.696969696969697,0.0,0.2,0.2,0.20000000000000004,1.6,0.8,0.8,0.9319056224771171,58.231775700934584,1629.0649824766356
Sj9_5H1nqfo_200000,10.0,33,1,3,1.0,0.8484848484848485,0.9180327868852458,0.8484848484848485,0.42424242424242425,0.15151515151515152,0.15151515151515152,0.0,0.0,0.0,0.0,3.999999999999999,0.9999999999999998,2.9999999999999996,0.9318752325241682,57.27850467289718,1627.1692830023364
_A30xsFBMXA_40000,10.0,33,1,4,1.0,0.5454545454545454,0.7058823529411764,0.5454545454545454,0.2727272727272727,0.45454545454545453,0.45454545454545453,0.0,0.0,0.0,0.0,4.999999999999999,0.9999999999999998,3.999999999999999,0.9318639227219129,57.004672897196265,1627.1688449182243
fjWN2sQcR2s_30000,10.0,33,2,2,1.0,0.9259259259259259,0.9615384615384615,0.9393939393939394,0.962962962962963,0.07407407407407407,0.07407407407407407,0.0,1.0,1.0,1.0,0.0,0.0,0.0,0.9318785861702592,56.53457943925233,1630.9698817172898
EGR7EIz9JQ4_30000,10.00096875,33,3,2,0.8518518518518519,0.9583333333333334,0.9019607843137256,0.8484848484848485,0.7569444444444444,0.20833333333333331,0.041666666666666664,0.16666666666666666,0.0,0.0,0.0,1.6666666666666665,1.0,0.6666666666666666,0.9319655556179034,57.02149532710281,1625.5196772780373
sKpc0yiNeiU_30000,10.0,33,2,4,1.0,0.8709677419354839,0.9310344827586207,0.8787878787878788,0.935483870967742,0.12903225806451613,0.12903225806451613,0.0,0.25,0.5,0.3333333333333333,2.0,0.5,1.5,0.9319076821412353,55.986915887850465,1629.3106381425234
gwAP-vfQyRU_6000,9.5335,31,1,4,1.0,0.7419354838709677,0.8518518518518519,0.7419354838709677,0.3709677419354839,0.25806451612903225,0.25806451612903225,0.0,0.0,0.0,0.0,4.999999999999999,0.9999999999999998,3.999999999999999,0.9428901424935793,56.84752475247525,1627.3982827970297
ZtxAGRDyw-I_60000,10.0,33,1,2,1.0,0.9090909090909091,0.9523809523809523,0.9090909090909091,0.45454545454545453,0.09090909090909091,0.09090909090909091,0.0,0.0,0.0,0.0,2.999999999999999,0.9999999999999998,1.9999999999999996,0.9318798642731009,57.016822429906554,1629.3107841705607
0_gci63CtFY_30000,10.0,33,1,2,1.0,0.9393939393939394,0.96875,0.9393939393939394,0.4696969696969697,0.06060606060606061,0.06060606060606061,0.0,0.5,1.0,0.6666666666666666,0.9999999999999998,0.0,0.9999999999999998,0.9318585741973845,57.114018691588775,1627.4184068341121
_uswoJHYy14_60000,9.9999375,33,1,6,1.0,0.7878787878787878,0.8813559322033898,0.7878787878787878,0.3939393939393939,0.21212121212121213,0.21212121212121213,0.0,0.0,0.0,0.0,6.999999999999999,0.9999999999999998,5.999999999999999,0.9318824888057863,57.01495327102804,1631.209367698598
geFD3u6Cwis_230000,10.0,33,1,5,0.6,0.16666666666666666,0.2608695652173913,0.46875,0.5119047619047619,0.9444444444444444,0.8333333333333334,0.1111111111111111,0.0,0.0,0.0,5.999999999999999,0.9999999999999998,4.999999999999999,0.9318982046353219,57.846728971962605,1629.3145443925234
g0RkIkC2meo_30000,10.0,33,1,4,0.8333333333333334,0.21739130434782608,0.3448275862068966,0.42424242424242425,0.558695652173913,0.8260869565217391,0.782608695652174,0.043478260869565216,0.0,0.0,0.0,4.999999999999999,0.9999999999999998,3.999999999999999,0.9319007156392997,58.12710280373831,1627.4192830023364
rx3fg5zGSxg_350000,10.0,33,1,6,0.9090909090909091,0.625,0.7407407407407406,0.7878787878787878,0.7830882352941176,0.4375,0.375,0.0625,0.0,0.0,0.0,6.999999999999999,0.9999999999999998,5.999999999999999,0.9318816086415559,57.37943925233643,1627.4192830023364
Uf4bBFR5j08_150000,10.0,33,1,5,0.375,0.75,0.5,0.8064516129032258,0.7824074074074074,1.5,0.25,1.25,0.2,1.0,0.33333333333333337,3.999999999999999,0.0,3.999999999999999,0.931897495132809,55.99719626168225,1627.4192830023364
9WtK0gh4ugE_30000,10.0,33,1,2,1.0,0.9393939393939394,0.96875,0.9393939393939394,0.4696969696969697,0.06060606060606061,0.06060606060606061,0.0,0.0,0.0,0.0,2.999999999999999,0.9999999999999998,1.9999999999999996,0.9318677821226355,56.44579439252334,1627.4188449182243
E-nunSOWtMs_70000,10.0,33,1,2,0.5789473684210527,1.0,0.7333333333333334,0.75,0.8095238095238095,0.7272727272727273,0.0,0.7272727272727273,0.5,1.0,0.6666666666666666,0.9999999999999998,0.0,0.9999999999999998,0.931896736901783,57.289719626168235,1629.3141063084113
z-PhNB64zoU_50000,9.99903125,33,1,4,1.0,0.7142857142857143,0.8333333333333333,0.8181818181818182,0.8571428571428572,0.2857142857142857,0.2857142857142857,0.0,0.0,0.0,0.0,4.999999999999999,0.9999999999999998,3.999999999999999,0.9318126900235558,56.36542056074766,1629.3145443925234
InrS4Fdndr4_0,10.0,33,1,2,1.0,0.9090909090909091,0.9523809523809523,0.9090909090909091,0.45454545454545453,0.09090909090909091,0.09090909090909091,0.0,0.5,1.0,0.6666666666666666,0.9999999999999998,0.0,0.9999999999999998,0.9318742727683842,57.38130841121494,1627.4192830023364
1F9zCsJyw6k_230000,10.00021875,33,1,5,1.0,0.6363636363636364,0.7777777777777778,0.6363636363636364,0.3181818181818182,0.36363636363636365,0.36363636363636365,0.0,0.0,0.0,0.0,5.999999999999999,0.9999999999999998,4.999999999999999,0.9318926244097374,55.814953271028024,1627.4188449182243
MVM5RlkTh6E_30000,10.0,33,3,2,1.0,0.9090909090909091,0.9523809523809523,0.9090909090909091,0.45454545454545453,0.09090909090909091,0.09090909090909091,0.0,0.0,0.0,0.0,1.6666666666666665,1.0,0.6666666666666666,0.9318762330835815,56.82242990654205,1629.3149824766356
zMveZHACzmo_90000,9.9984375,33,1,3,0.55,0.9166666666666666,0.6874999999999999,0.696969696969697,0.7440476190476191,0.8333333333333334,0.08333333333333333,0.75,0.0,0.0,0.0,3.999999999999999,0.9999999999999998,2.9999999999999996,0.9317398540491691,56.63177570093458,1627.4197210864486
5xklhqtPZho_20000,9.99934375,33,1,2,0.8,0.8571428571428571,0.8275862068965518,0.8214285714285714,0.8214285714285714,0.3571428571428571,0.14285714285714285,0.21428571428571427,0.5,1.0,0.6666666666666666,0.9999999999999998,0.0,0.9999999999999998,0.9317926386566372,56.64859813084111,1625.5235835280373
laVgKAcv8XA_30000,10.0005,33,1,2,1.0,0.10714285714285714,0.19354838709677416,0.10714285714285714,0.05357142857142857,0.8928571428571429,0.8928571428571429,0.0,0.0,0.0,0.0,2.999999999999999,0.9999999999999998,1.9999999999999996,0.931942570356933,57.19813084112148,1629.3145443925234
F6IUxAJutsk_30000,10.0,33,1,3,1.0,0.9696969696969697,0.9846153846153847,0.9696969696969697,0.48484848484848486,0.030303030303030304,0.030303030303030304,0.0,0.0,0.0,0.0,3.999999999999999,0.9999999999999998,2.9999999999999996,0.9318772210487685,57.48411214953269,1627.4197210864486
02Ak1eIyj3M_30000,10.0,33,1,6,1.0,0.7575757575757576,0.8620689655172413,0.7575757575757576,0.3787878787878788,0.24242424242424243,0.24242424242424243,0.0,0.0,0.0,0.0,6.999999999999999,0.9999999999999998,5.999999999999999,0.9318564118169007,56.91869158878503,1625.5231454439252
AkAdDFHQars_30000,10.0,33,1,1,1.0,0.9696969696969697,0.9846153846153847,0.9696969696969697,0.48484848484848486,0.030303030303030304,0.030303030303030304,0.0,1.0,1.0,1.0,0.0,0.0,0.0,0.9318574420362015,57.01214953271027,1631.2098057827102
JWd6vF4yfG8_30000,10.0,33,2,3,0.6666666666666666,0.23529411764705882,0.3478260869565218,0.5454545454545454,0.5551470588235294,0.8823529411764706,0.7647058823529411,0.11764705882352941,0.0,0.0,0.0,2.5,1.0,1.5,0.9318711788818917,56.83457943925232,1627.4188449182243
